espn_id,gsis_id,sleeper_id,pfr_id,yahoo_id,rotowire_id,full_name,first_name,last_name,position,depth_chart_position,team_abbr,jersey,status_raw,status,years_exp,college,headshot,season
8439,00-0023459,96,RodgAa00,7200,4307,Aaron Rodgers,Aaron,Rodgers,QB,QB,PIT,8,ACT,Active,21,California; Butte College,"https://static.www.nfl.com/image/upload/f_auto,q_auto/league/dypvakakxhccxs67tb0y",2026
10621,00-0025565,650,FolkNi20,8432,5365,Nick Folk,Nick,Folk,K,K,ATL,6,ACT,Active,19,Arizona,"https://static.www.nfl.com/image/upload/f_auto,q_auto/league/qf6vaghxuoxqw0pyrvg3",2026
,00-0026027,,,,,J.J. Jansen,Jeffrey,Jansen,LS,LS,CAR,44,ACT,Active,18,Notre Dame,"https://static.www.nfl.com/image/upload/f_auto,q_auto/league/vmbidsuvur7zfmpt9xak",2026
11252,00-0026158,19,FlacJo00,8795,5648,Joe Flacco,Joseph,Flacco,QB,QB,CIN,16,ACT,Active,18,Delaware; Pittsburgh,"https://static.www.nfl.com/image/upload/f_auto,q_auto/league/dre1d2f2d6dxqohzn5l2",2026
11284,00-0026190,125,CampCa99,8827,5587,Calais Campbell,Calais,Campbell,DL,DT,BAL,93,ACT,Active,18,Miami,"https://static.www.nfl.com/image/upload/f_auto,q_auto/league/ekkaync0yveo2cwxlljr",2026
11394,00-0026300,260,JohnJo05,8937,5653,Josh Johnson,Joshua,Johnson,QB,QB,CIN,11,DEV,Practice Squad,18,San Diego,"https://static.www.nfl.com/image/upload/f_auto,q_auto/league/sijqkai2yy1cbw3rwndh",2026
12483,00-0026498,421,StafMa00,9265,5971,Matthew Stafford,John,Stafford,QB,QB,LA,9,ACT,Active,17,Georgia,"https://static.www.nfl.com/image/upload/f_auto,q_auto/league/jwpkjfrkzufdyh8u1mg7",2026
,00-0027224,,,,,Jon Weeks,Jonathan,Weeks,LS,LS,SF,46,DEV,Practice Squad,16,Baylor,"https://static.www.nfl.com/image/upload/f_auto,q_auto/league/vfrborns4bhlqzcmvwip",2026
,00-0027557,,,,,Morgan Cox,Charles,Cox,LS,LS,TEN,46,ACT,Active,16,Tennessee,"https://static.www.nfl.com/image/upload/f_auto,q_auto/league/iqsbwgh7v6yyabnz8m2a",2026
,00-0027857,,,,,Trent Williams,Trent,Williams,OL,T,SF,71,ACT,Active,16,Oklahoma,"https://static.www.nfl.com/image/upload/f_auto,q_auto/league/esqu9k1my3po3yxxkcjs",2026
13976,00-0027940,871,MillVo00,24789,7421,Von Miller,Vonnie,Miller,LB,OLB,DAL,40,ACT,Active,15,Texas A&M,"https://static.www.nfl.com/image/upload/f_auto,q_auto/league/cqkgo6uw5ha7bjajkewf",2026
13971,00-0027962,957,JordCa00,24811,7447,Cameron Jordan,Cameron,Jordan,LB,OLB,NO,94,ACT,Active,15,California,"https://static.www.nfl.com/image/upload/f_auto,q_auto/league/eauqz3xbdtl0wfoy71da",2026
13977,00-0027969,843,HeywCa01,24818,7449,Cameron Heyward,Cameron,Heyward,DL,DT,PIT,97,ACT,Active,15,Ohio State,"https://static.www.nfl.com/image/upload/f_auto,q_auto/league/vfql05jp29d2pltrlwqz",2026
14012,00-0027973,829,DaltAn00,24822,7355,Andy Dalton,Andrew,Dalton,QB,QB,PHI,14,ACT,Active,15,TCU,"https://static.www.nfl.com/image/upload/f_auto,q_auto/league/sfsneh0bn46e2kwve7sr",2026
14163,00-0028118,827,TaylTy00,24967,7357,Tyrod Taylor,Tyrod,Taylor,QB,QB,GB,6,ACT,Active,15,Virginia Tech,"https://static.www.nfl.com/image/upload/f_auto,q_auto/league/whpztm9akd7yefplp37r",2026
14471,00-0028292,815,BellNi01,25295,7504,Nick Bellore,Nick,Bellore,LB,OLB,WAS,57,RET,Retired,15,Central Michigan,"https://static.www.nfl.com/image/upload/f_auto,q_auto/league/wlj7zdf6h9p9dnhdtmih",2026
15151,00-0028845,1238,HarrJo02,26168,3795,Josh Harris,Josh,Harris,LS,LS,LAC,47,ACT,Active,14,Auburn,"https://static.www.nfl.com/image/upload/f_auto,q_auto/league/zt5sauoxsfljsqyyc9u2",2026
15168,00-0028986,1737,KeenCa00,26483,8065,Case Keenum,Casey,Keenum,QB,QB,CHI,11,ACT,Active,14,Houston,"https://static.www.nfl.com/image/upload/f_auto,q_auto/league/weixhyzal4ntsyszyepu",2026
14880,00-0029604,1166,CousKi00,25812,8057,Kirk Cousins,Kirk,Cousins,QB,QB,LV,8,ACT,Active,14,Michigan State,"https://static.www.nfl.com/image/upload/f_auto,q_auto/league/za7cynvpwlsro1tsaijk",2026
14958,00-0029607,1052,DaviDe00,25787,8213,Demario Davis,Demario,Davis,LB,ILB,NYJ,56,ACT,Active,14,Arkansas State,"https://static.www.nfl.com/image/upload/f_auto,q_auto/league/xfig8nml2gmofychoe3z",2026
,00-0029685,,,,,Greg Van Roten,Gregory,Van Roten,OL,G,NE,70,ACT,Active,14,Penn,"https://static.www.nfl.com/image/upload/f_auto,q_auto/league/iey1sirxc8ggdt5yeunm",2026
14950,00-0029692,1113,AngeBr00,25780,8251,Bryan Anger,Bryan,Anger,P,P,DAL,5,ACT,Active,14,California,"https://static.www.nfl.com/image/upload/f_auto,q_auto/league/e1fozrp2fhprrkheqt0x",2026
,00-0029714,,,,,Andrew DePaola,Andrew,DePaola,LS,LS,MIN,42,ACT,Active,14,Rutgers,"https://static.www.nfl.com/image/upload/f_auto,q_auto/league/zvvseyjneba7ehms6pd9",2026
16002,00-0029892,1379,JuszKy00,26753,8930,Kyle Juszczyk,Kyle,Juszczyk,RB,FB,SF,44,ACT,Active,13,Harvard,"https://static.www.nfl.com/image/upload/f_auto,q_auto/league/tsejiiddtouukwyyqr9q",2026
16460,00-0030035,1689,ThieAd00,27277,8986,Adam Thielen,Adam,Thielen,WR,WR,MIN,16,RET,Retired,13,Minnesota State,"https://static.www.nfl.com/image/upload/f_auto,q_auto/league/pv6gajxtt6zhum2unnsl",2026
15846,00-0030070,1553,JenkJo00,26705,8672,John Jenkins,Johnathan,Jenkins,DL,NT,BAL,94,ACT,Active,13,Georgia; Gulf Coast CC; Mississippi,"https://static.www.nfl.com/image/upload/f_auto,q_auto/league/l2na4hvtcq7nfp7svxar",2026
15928,00-0030092,1516,MartSa01,26788,9022,Sam Martin,Sam,Martin,P,P,CAR,6,ACT,Active,13,Appalachian State,"https://static.www.nfl.com/image/upload/f_auto,q_auto/league/edhegnq9rbphynrogxzh",2026
,00-0030097,,,,,David Quessenberry,David,Quessenberry,OL,T,LA,68,ACT,Active,13,San Jose State,"https://static.www.nfl.com/image/upload/f_auto,q_auto/league/c8kmny1s0pl307ivrngh",2026
16166,00-0030140,1506,WayxTr00,26945,9832,Tress Way,Tress,Way,P,P,WAS,10,ACT,Active,13,Oklahoma,"https://static.www.nfl.com/image/upload/f_auto,q_auto/league/u61eijcazx9o4lb0lwp3",2026
15818,00-0030279,1479,AlleKe00,26699,8627,Keenan Allen,Keenan,Allen,WR,WR,IND,10,ACT,Active,13,California,"https://static.www.nfl.com/image/upload/f_auto,q_auto/league/ri267r6lzfwarh89hsn6",2026
16195,00-0030294,1686,JeffTo00,27081,8688,Tony Jefferson,Tony,Jefferson,DB,SS,LAC,23,ACT,Active,13,Oklahoma,"https://static.www.nfl.com/image/upload/f_auto,q_auto/league/frazimtiuk4fsvlghusz",2026
15847,00-0030506,1466,KelcTr00,26686,8783,Travis Kelce,Travis,Kelce,TE,TE,KC,87,ACT,Active,13,Cincinnati,"https://static.www.nfl.com/image/upload/f_auto,q_auto/league/dpxovcfku6ud2aohgf6a",2026
,00-0030561,,,,,Lane Johnson,Lane,Johnson,OL,T,PHI,65,ACT,Active,13,Oklahoma; Kilgore,"https://static.www.nfl.com/image/upload/f_auto,q_auto/league/xanvacjbb9x1hcslyvsl",2026
15864,00-0030565,1373,SmitGe00,26662,8743,Geno Smith,Eugene,Smith,QB,QB,NYJ,7,ACT,Active,13,West Virginia,"https://static.www.nfl.com/image/upload/f_auto,q_auto/league/zppfqqcyjfma14jjif3a",2026
16665,00-0030615,1785,WincJa00,27494,10606,James Winchester,James,Winchester,LS,LS,KC,41,ACT,Active,13,Oklahoma,"https://static.www.nfl.com/image/upload/f_auto,q_auto/league/kfojelzxr0gwaj9aaybm",2026
,00-0030957,,,,,Casey Kreiter,Casey,Kreiter,LS,LS,ARI,59,ACT,Active,12,Iowa,"https://static.www.nfl.com/image/upload/f_auto,q_auto/league/z4slqb9le4p5tjmwtvps",2026
16710,00-0031040,2036,MackKh00,27533,9251,Khalil Mack,Khalil,Mack,LB,OLB,LAC,52,ACT,Active,12,Buffalo,"https://static.www.nfl.com/image/upload/f_auto,q_auto/league/t9j95jylmjpevgbkvmqn",2026
17372,00-0031136,1945,BoswCh00,28188,9646,Chris Boswell,Chris,Boswell,K,K,PIT,9,ACT,Active,12,Rice,"https://static.www.nfl.com/image/upload/f_auto,q_auto/league/rxbnhvnfjmheuryvdmuf",2026
,00-0031156,,,,,Tyler Ott,Tyler,Ott,LS,LS,WAS,69,ACT,Active,12,Harvard,"https://static.www.nfl.com/image/upload/f_auto,q_auto/league/qlrzepni32ykh7rjkdcy",2026
17427,00-0031203,2020,SantCa01,28227,9633,Cairo Santos,Cairo,Santos,K,K,CHI,8,ACT,Active,12,Tulane,"https://static.www.nfl.com/image/upload/f_auto,q_auto/league/tz5ecjri52gwpoo9s7be",2026
16733,00-0031235,2078,BeckOd00,27540,9255,Odell Beckham Jr.,Odell,Beckham,WR,WR,NYG,13,ACT,Active,12,LSU,"https://static.www.nfl.com/image/upload/f_auto,q_auto/league/ffmalg3wr7lwnsz59i7v",2026
16728,00-0031237,2152,BridTe00,27560,9245,Teddy Bridgewater,Theodore,Bridgewater,QB,QB,DET,5,RET,Retired,12,Louisville,"https://static.www.nfl.com/image/upload/f_auto,q_auto/league/vwtggtoroccnjv3h0niq",2026
16837,00-0031270,2033,HarrSh00,27763,9785,Shelby Harris,Shelby,Harris,DL,DT,NYG,93,ACT,Active,12,Illinois State; Wisconsin,"https://static.www.nfl.com/image/upload/f_auto,q_auto/league/r1lxhltzhpkmfdocupum",2026
,00-0031279,,,,,Jake Matthews,Jacob,Matthews,OL,T,ATL,70,ACT,Active,12,Texas A&M,"https://static.www.nfl.com/image/upload/f_auto,q_auto/league/hoifz7uqrpjm5g2mlyaa",2026
,00-0031330,,,,,Morgan Moses,Morgan,Moses,OL,T,NE,76,ACT,Active,12,Virginia,"https://static.www.nfl.com/image/upload/f_auto,q_auto/league/xuuf1lrkv3altipbgfjk",2026
16772,00-0031360,2130,VanNKy00,27568,9262,Kyle Van Noy,Kyle,Van Noy,LB,OLB,MIN,53,DEV,Practice Squad,12,BYU,"https://static.www.nfl.com/image/upload/f_auto,q_auto/league/kxj2hipcguahh4l60vaa",2026
16734,00-0031364,1947,ClowJa00,27529,9243,Jadeveon Clowney,Jadeveon,Clowney,DL,DE,HOU,90,ACT,Active,12,South Carolina,"https://static.www.nfl.com/image/upload/f_auto,q_auto/league/iururnv6x8iuzepggwvt",2026
16800,00-0031381,2133,AdamDa01,27581,9455,Davante Adams,Davante,Adams,WR,WR,LA,17,ACT,Active,12,Fresno State,"https://static.www.nfl.com/image/upload/f_auto,q_auto/league/tdzluk4xau3arxqk9zsl",2026
16716,00-0031388,2227,DonaAa00,27541,9391,Aaron Donald,Aaron,Donald,DL,DT,LA,99,EXE,EXE,12,Pittsburgh,"https://static.www.nfl.com/image/private/f_auto,q_auto/league/gou42dathlyc1rfn4pga",2026
16737,00-0031408,2216,EvanMi00,27535,9253,Mike Evans,Mike,Evans,WR,WR,SF,5,ACT,Active,12,Texas A&M,"https://static.www.nfl.com/image/upload/f_auto,q_auto/league/zc4ujpmndyxrbiyyjomz",2026
16802,00-0031411,2064,LawrDe00,27562,9344,DeMarcus Lawrence,Demarcus,Lawrence,LB,OLB,SEA,0,ACT,Active,12,Boise State; Butler County JC,"https://static.www.nfl.com/image/upload/f_auto,q_auto/league/yo0w88bzr0s9qrnmadeq",2026
2531358,00-0031484,3048,ManhCh00,28365,10033,Chris Manhertz,Chris,Manhertz,TE,TE,NYG,85,ACT,Active,11,Canisius College,"https://static.www.nfl.com/image/upload/f_auto,q_auto/league/bw0kytk1nwrdln9t3wzg",2026
2473037,00-0031492,2747,MyerJa00,28378,10157,Jason Myers,Jason,Myers,K,K,SEA,5,ACT,Active,11,Marist,"https://static.www.nfl.com/image/upload/f_auto,q_auto/league/zcd7q9loflr0t5bsvzig",2026
2969939,00-0031503,2306,WinsJa00,28389,10037,Jameis Winston,Jameis,Winston,QB,QB,NYG,19,ACT,Active,11,Florida State,"https://static.www.nfl.com/image/upload/f_auto,q_auto/league/e5qyxnibbyawi0pvfpjl",2026
2978313,00-0031550,2330,ThomSh01,28413,10034,Shaq Thompson,Sha'Quille,Thompson,LB,OLB,BUF,54,DEV,Practice Squad,11,Washington,"https://static.www.nfl.com/image/upload/f_auto,q_auto/league/rk9qairtsyrzdoznvmen",2026
2976560,00-0031565,2393,HuntDa01,28476,10318,Danielle Hunter,Danielle,Hunter,DL,DE,HOU,55,ACT,Active,11,LSU,"https://static.www.nfl.com/image/upload/f_auto,q_auto/league/l4qdgo10becu0f3zgmyj",2026
3043168,00-0031576,2427,SmitZa00,28510,10328,Za'Darius Smith,Za'Darius,Smith,LB,OLB,ATL,55,ACT,Active,11,Kentucky; East Mississippi JC,"https://static.www.nfl.com/image/upload/f_auto,q_auto/league/l5t51lcflhhfvxhr1sx3",2026
2576492,00-0031583,2592,JarrGr00,28525,10458,Grady Jarrett,Grady,Jarrett,DL,DT,CHI,50,ACT,Active,11,Clemson,"https://static.www.nfl.com/image/upload/f_auto,q_auto/league/cchbtgvedcufwteb6dip",2026
2976212,00-0031588,2449,DiggSt00,28534,10133,Stefon Diggs,Stefon,Diggs,WR,WR,WAS,3,ACT,Active,11,Maryland,"https://static.www.nfl.com/image/upload/f_auto,q_auto/league/cemcexmscsarpvwhafln",2026
2515270,00-0031595,2471,BurtMi00,28556,10468,Michael Burton,Michael,Burton,RB,FB,CLE,34,ACT,Active,11,Rutgers,"https://static.www.nfl.com/image/upload/f_auto,q_auto/league/ibyeabk3yu68mgipxklr",2026
2576925,00-0031610,2505,WallDa01,28592,10215,Darren Waller,Darren,Waller,TE,TE,CAR,35,ACT,Active,11,Georgia Tech,"https://static.www.nfl.com/image/upload/f_auto,q_auto/league/loyehiyzcu2lexjk7plq",2026
2612151,00-0031898,2617,SingAl00,28716,10811,Alex Singleton,Alex,Singleton,LB,ILB,DEN,49,ACT,Active,11,Montana State,"https://static.www.nfl.com/image/upload/f_auto,q_auto/league/majblawsimvtv3k2xd6j",2026
,00-0031921,,,,,Kendall Lamm,Kendall,Lamm,OL,T,BAL,70,RET,Retired,11,Appalachian State,"https://static.www.nfl.com/image/upload/f_auto,q_auto/league/ppp9mcm3mqiymtwtmhmx",2026
2971622,00-0031933,2311,WillLe02,28394,10307,Leonard Williams,Leonard,Williams,DL,DT,SEA,99,ACT,Active,11,USC,"https://static.www.nfl.com/image/upload/f_auto,q_auto/league/jhaogtinjeyrwbjsvbl4",2026
2575453,00-0031957,2993,NuneRa00,28605,10339,Rakeem Nunez-Roches,Rakeem,Nunez-Roches,DL,NT,TB,56,ACT,Active,11,Southern Mississippi,"https://static.www.nfl.com/image/upload/f_auto,q_auto/league/udm7hafj1u08xj2blkta",2026
2980100,00-0032052,2308,FowlDa00,28391,10349,Dante Fowler Jr.,Dante,Fowler,LB,OLB,SEA,56,ACT,Active,11,Florida,"https://static.www.nfl.com/image/upload/f_auto,q_auto/league/cp6ao2rf9siswpzctpt9",2026
2977680,00-0032065,2468,PiniBr00,28553,10466,Bradley Pinion,Bradley,Pinion,P,P,MIA,48,ACT,Active,11,Clemson,"https://static.www.nfl.com/image/upload/f_auto,q_auto/league/xx5dvt7efcoyiwbhrjrq",2026
,00-0032071,,,,,Trent Brown,Trenton,Brown,OL,T,HOU,77,ACT,Active,11,Florida; Georgia Military,"https://static.www.nfl.com/image/upload/f_auto,q_auto/league/cszhfhjysj4e5hm4vbwk",2026
2579621,00-0032103,2353,PerrDe00,28436,10356,Denzel Perryman,Denzel,Perryman,LB,ILB,LAC,6,RES,Reserve/IR,11,Miami,"https://static.www.nfl.com/image/upload/f_auto,q_auto/league/n3oqbsrycbe0nwdwblez",2026
2576336,00-0032104,2359,AbduAm00,28442,10126,Ameer Abdullah,Ameer,Abdullah,RB,RB,JAX,20,ACT,Active,11,Nebraska,"https://static.www.nfl.com/image/upload/f_auto,q_auto/league/k8teyeiqchljlm0h5te4",2026
2576702,00-0032146,2327,DuprAl00,28410,10351,Bud Dupree,Alvin,Dupree,LB,OLB,LAC,48,ACT,Active,11,Kentucky,"https://static.www.nfl.com/image/upload/f_auto,q_auto/league/cooz0t9nynyj7cfe1gac",2026
2971275,00-0032164,2322,ArmsAr01,28405,10309,Arik Armstead,Arik,Armstead,DL,DT,JAX,91,ACT,Active,11,Oregon,"https://static.www.nfl.com/image/upload/f_auto,q_auto/league/z6e5xcslnlyaz2egeke3",2026
,00-0032222,,,,,D.J. Humphries,DeMarcus,Humphries,OL,T,WAS,79,ACT,Active,11,Florida,"https://static.www.nfl.com/image/upload/f_auto,q_auto/league/ruiab6fqdaerscb2qnkz",2026
,00-0032228,,,,,Joe Cardona,Joe,Cardona,LS,LS,LA,49,ACT,Active,11,Navy,"https://static.www.nfl.com/image/upload/f_auto,q_auto/league/csekknezcx6bozjlcfc2",2026
2969921,00-0032265,2340,EdwaMa01,28423,10450,Mario Edwards,Mario,Edwards,DL,DT,HOU,97,ACT,Active,11,Florida State,"https://static.www.nfl.com/image/upload/f_auto,q_auto/league/cia50revbealvw5biusr",2026
2576980,00-0032268,2307,MariMa01,28390,10074,Marcus Mariota,Marcus,Mariota,QB,QB,WAS,8,ACT,Active,11,Oregon,"https://static.www.nfl.com/image/upload/f_auto,q_auto/league/grx6m1fmu1odltjo3y31",2026
2971282,00-0032378,3172,BuckDe00,29241,10925,DeForest Buckner,DeForest,Buckner,DL,DT,IND,99,ACT,Active,10,Oregon,"https://static.www.nfl.com/image/upload/f_auto,q_auto/league/kww3dh6mlqepwp26wxeo",2026
,00-0032380,,,,,Laremy Tunsil,Laremy,Tunsil,OL,T,WAS,78,RES,Reserve/IR,10,Mississippi,"https://static.www.nfl.com/image/upload/f_auto,q_auto/league/gxoga8rszlaaewu5hh0x",2026
3115312,00-0032387,3220,ReedJa02,29289,11217,Jarran Reed,Jarran,Reed,DL,NT,SEA,90,ACT,Active,10,Alabama; East Mississippi JC,"https://static.www.nfl.com/image/upload/f_auto,q_auto/league/td7umxhgwkswls8rutk0",2026
,00-0032391,,,,,Joe Thuney,Joseph,Thuney,OL,G,CHI,62,ACT,Active,10,N.C. State,"https://static.www.nfl.com/image/upload/f_auto,q_auto/league/fstgjypwv8bcpfaae5mi",2026
3043275,00-0032392,3202,HoopAu00,29315,10748,Austin Hooper,Austin,Hooper,TE,TE,ATL,81,ACT,Active,10,Stanford,"https://static.www.nfl.com/image/upload/f_auto,q_auto/league/dd0j9ccd8fxokl48alzg",2026
2576399,00-0032394,3258,VannNi00,29328,10949,Nick Vannett,Nicholas,Vannett,TE,TE,BAL,83,DEV,Practice Squad,10,Ohio State,"https://static.www.nfl.com/image/upload/f_auto,q_auto/league/srrlkx2mydsb8gfco6fp",2026
2576581,00-0032398,3269,MoorCh00,29341,10994,Chris Moore,Christopher,Moore,WR,WR,BAL,17,DEV,Practice Squad,10,Cincinnati,"https://static.www.nfl.com/image/upload/f_auto,q_auto/league/o0s29hnpztyxqotqdx8h",2026
2575164,00-0032399,3272,KillMi00,29345,11091,Miles Killebrew,Miles,Killebrew,DB,SS,TB,29,ACT,Active,10,Southern Utah State,"https://static.www.nfl.com/image/upload/f_auto,q_auto/league/mhgwr5y6ibs53msnm2gt",2026
2977670,00-0032424,3322,ReadD.00,29400,11114,DJ Reader,David,Reader,DL,NT,NYG,98,ACT,Active,10,Clemson,"https://static.www.nfl.com/image/upload/f_auto,q_auto/league/k3fzivhgxscqaprr71by",2026
,00-0032445,,,,,Ted Karras,Ted,Karras,OL,C,CIN,64,ACT,Active,10,Illinois,"https://static.www.nfl.com/image/upload/f_auto,q_auto/league/jhxynr5fgpdtmkygyp4z",2026
2973405,00-0032464,3634,RaymKa00,29631,11429,Kalif Raymond,Kalif,Raymond,WR,WR,CHI,14,ACT,Active,10,Holy Cross,"https://static.www.nfl.com/image/upload/f_auto,q_auto/league/dpdv6dm0almcbjdppizx",2026
,00-0032497,,,,,Reid Ferguson,Chandler,Ferguson,LS,LS,BUF,69,ACT,Active,10,LSU,"https://static.www.nfl.com/image/upload/f_auto,q_auto/league/oxhx0mgsaax31qsyjwiv",2026
2985659,00-0032569,3678,LutzWi00,29754,11309,Wil Lutz,William,Lutz,K,K,DEN,3,ACT,Active,10,Georgia State,"https://static.www.nfl.com/image/upload/f_auto,q_auto/league/vcglg5vsgbiyggwibgy0",2026
2971027,00-0032580,3415,JoneJo03,29875,11081,Jonathan Jones,Jonathan,Jones,DB,CB,PHI,32,ACT,Active,10,Auburn,"https://static.www.nfl.com/image/upload/f_auto,q_auto/league/dtvgbbw3jqdekkq155hl",2026
2574891,00-0032667,3526,RobeRo00,29920,11356,Roy Robertson-Harris,Roy,Robertson-Harris,DL,DT,NYG,95,RES,Reserve/IR,10,Texas-El Paso,"https://static.www.nfl.com/image/upload/f_auto,q_auto/league/gpsdbmoistqbc4dfdsak",2026
,00-0032701,,,,,Jake Brendel,Jacob,Brendel,OL,C,SF,64,ACT,Active,10,UCLA,"https://static.www.nfl.com/image/upload/f_auto,q_auto/league/kmzgxqcnngnaoichwdm7",2026
2971573,00-0032726,3451,FairKa01,29792,11031,Ka'imi Fairbairn,John,Fairbairn,K,K,HOU,15,ACT,Active,10,UCLA,"https://static.www.nfl.com/image/upload/f_auto,q_auto/league/nbrs7doetqydf2rzhjjl",2026
2566045,00-0032753,3598,RhodLu00,29588,11414,Luke Rhodes,Luke,Rhodes,LS,LS,IND,46,ACT,Active,10,William & Mary,"https://static.www.nfl.com/image/upload/f_auto,q_auto/league/pvnnjrqgkwh2bq2pqvsj",2026
2970204,00-0032759,3188,RankSh00,29246,11112,Sheldon Rankins,Sheldon,Rankins,DL,DT,HOU,98,ACT,Active,10,Louisville,"https://static.www.nfl.com/image/upload/f_auto,q_auto/league/fql7vunf3y9uladcpt4r",2026
3044859,00-0032762,3558,JoneCh09,29271,11074,Chris Jones,Christopher,Jones,DL,DT,KC,95,ACT,Active,10,Mississippi State,"https://static.www.nfl.com/image/upload/f_auto,q_auto/league/oxaqzhq5bvdoqfcvgy3g",2026
3043078,00-0032764,3198,HenrDe00,29279,10819,Derrick Henry,Derrick,Henry,RB,RB,BAL,22,ACT,Active,10,Alabama,"https://static.www.nfl.com/image/upload/f_auto,q_auto/league/tm79x0iknqg6hms3ypyt",2026
3043116,00-0032775,3286,RobiDe01,29360,11163,Demarcus Robinson,Demarcus,Robinson,WR,WR,SF,11,ACT,Active,10,Florida,"https://static.www.nfl.com/image/upload/f_auto,q_auto/league/cokassoz2z7hb4wk2krh",2026
3054857,00-0032889,3218,RobiAS00,29280,11162,A'Shawn Robinson,A'Shawn,Robinson,DL,DE,TB,91,ACT,Active,10,Alabama,"https://static.www.nfl.com/image/upload/f_auto,q_auto/league/xmh5jhuoelkynsubtjrz",2026
4012556,00-0032918,3832,HamxC.00,29951,11599,C.J. Ham,Cortez,Ham,RB,FB,MIN,30,RET,Retired,10,Augustana (SD),"https://static.www.nfl.com/image/upload/f_auto,q_auto/league/evssvutwjy6szq7dpelm",2026
2577619,00-0032943,3383,DixoRi00,29462,11022,Riley Dixon,Riley,Dixon,P,P,TB,9,ACT,Active,10,Syracuse,"https://static.www.nfl.com/image/upload/f_auto,q_auto/league/wcwfdojcfj0i6y1rb5jn",2026
2573079,00-0032950,3161,WentCa00,29236,10856,Carson Wentz,Carson,Wentz,QB,QB,MIN,11,ACT,Active,10,North Dakota State,"https://static.www.nfl.com/image/upload/f_auto,q_auto/league/vuolixdvigc8axelug66",2026
3051889,00-0032951,3155,TreaLa00,29257,10739,Laquon Treadwell,Laquon,Treadwell,WR,WR,IND,13,ACT,Active,10,Mississippi,"https://static.www.nfl.com/image/upload/f_auto,q_auto/league/xspi3oy2wlnszorzn6vk",2026
,00-0032954,,,,,Isaac Seumalo,Isaac,Seumalo,OL,G,ARI,73,ACT,Active,10,Oregon State,"https://static.www.nfl.com/image/upload/f_auto,q_auto/league/ezvqcoqxojheotcoyinv",2026
,00-0032965,,,,,Ronnie Stanley,Ronnie,Stanley,OL,T,BAL,79,ACT,Active,10,Notre Dame,"https://static.www.nfl.com/image/upload/f_auto,q_auto/league/j91t0jvkrdhfmeoeeryr",2026
2970716,00-0033038,3268,MurrEr00,29340,11141,Eric Murray,Eric,Murray,DB,SS,JAX,29,ACT,Active,10,Minnesota,"https://static.www.nfl.com/image/upload/f_auto,q_auto/league/azsral4artrpwkjhh7cy",2026
4002046,00-0033051,3281,OnyeDa00,29354,11219,David Onyemata,David,Onyemata,DL,DT,NYJ,93,ACT,Active,10,Manitoba (Canada),"https://static.www.nfl.com/image/upload/f_auto,q_auto/league/tl0jr4mxarpbmvu3tho9",2026
3045373,00-0033055,3160,RamsJa00,29239,11111,Jalen Ramsey,Jalen,Ramsey,DB,CB,PIT,5,ACT,Active,10,Florida State,"https://static.www.nfl.com/image/upload/f_auto,q_auto/league/pjozgun3xstol72jfoow",2026
,00-0033063,,,,,Zach Wood,Zach,Wood,LS,LS,NO,49,ACT,Active,10,SMU,"https://static.www.nfl.com/image/upload/f_auto,q_auto/league/vldx7g9vu0boohxmhs48",2026
3051775,00-0033066,3207,BillAn00,29356,10907,Andrew Billings,Andrew,Billings,DL,DT,ARI,95,ACT,Active,10,Baylor,"https://static.www.nfl.com/image/upload/f_auto,q_auto/league/fh7q0h96fesyveoomjps",2026
2977740,00-0033073,3197,OgbaEm00,29266,11155,Emmanuel Ogbah,Emmanuel,Ogbah,DL,DE,KC,50,DEV,Practice Squad,10,Oklahoma State,"https://static.www.nfl.com/image/upload/f_auto,q_auto/league/uaj08gf9lrokgxgrbgcn",2026
2577417,00-0033077,3294,PresDa01,29369,11008,Dak Prescott,Rayne,Prescott,QB,QB,DAL,4,ACT,Active,10,Mississippi State,"https://static.www.nfl.com/image/upload/f_auto,q_auto/league/yvscmqq1qki8zfsemmcd",2026
3046439,00-0033090,3214,HenrHu00,29269,10735,Hunter Henry,Hunter,Henry,TE,TE,NE,85,ACT,Active,10,Arkansas,"https://static.www.nfl.com/image/upload/f_auto,q_auto/league/cvlunbqgztudbhjrug7l",2026
2980097,00-0033093,3241,BullJo00,29306,10926,Jonathan Bullard,Jonathan,Bullard,DL,DE,DAL,90,ACT,Active,10,Florida,"https://static.www.nfl.com/image/upload/f_auto,q_auto/league/xbebftotzf6hrqfrfnah",2026
3046779,00-0033106,3163,GoffJa00,29235,10729,Jared Goff,Jared,Goff,QB,QB,DET,16,ACT,Active,10,California,"https://static.www.nfl.com/image/upload/f_auto,q_auto/league/kaicbot8qhzrvddilbtp",2026
2983055,00-0033109,3256,HargJa00,29323,11051,Javon Hargrave,Javon,Hargrave,DL,DT,GB,98,ACT,Active,10,South Carolina State,"https://static.www.nfl.com/image/upload/f_auto,q_auto/league/lfk4hghl74egnyztqxbn",2026
2573401,00-0033110,3271,HigbTy00,29344,10854,Tyler Higbee,Tyler,Higbee,TE,TE,LA,89,ACT,Active,10,Western Kentucky,"https://static.www.nfl.com/image/upload/f_auto,q_auto/league/x1d4osiefibd04df6gow",2026
2578570,00-0033119,3257,BrisJa00,29325,10919,Jacoby Brissett,Jacoby,Brissett,QB,QB,ARI,7,ACT,Active,10,N.C. State; Florida,"https://static.www.nfl.com/image/upload/f_auto,q_auto/league/qjswiunczrn5xmdiqhlz",2026
3122752,00-0033120,3186,ClarKe01,29261,10973,Kenny Clark,Kenneth,Clark,DL,DT,DAL,97,ACT,Active,10,UCLA,"https://static.www.nfl.com/image/upload/f_auto,q_auto/league/nigxygewltiq49894pkt",2026
3040471,00-0033131,3236,CollMa00,29301,10976,Maliek Collins,Maliek,Collins,DL,DT,CLE,96,ACT,Active,10,Nebraska,"https://static.www.nfl.com/image/upload/f_auto,q_auto/league/tjyv74ytq62fprrfnjrv",2026
2574056,00-0033132,3233,ByarKe01,29298,11218,Kevin Byard,Kevin,Byard,DB,FS,NE,31,ACT,Active,10,Middle Tennessee State,"https://static.www.nfl.com/image/upload/f_auto,q_auto/league/b11d1p9hvxgvobcqaiud",2026
2998565,00-0033217,4054,AlieMo00,30112,12196,Mo Alie-Cox,Mo,Alie-Cox,TE,TE,IND,81,ACT,Active,9,Virginia Commonwealth Univ.,"https://static.www.nfl.com/image/upload/f_auto,q_auto/league/ivdxijcqlhfwsydxh6ox",2026
3052096,00-0033246,4314,MundJo00,30373,12316,Johnny Mundt,Johnny,Mundt,TE,TE,PHI,83,ACT,Active,9,Oregon,"https://static.www.nfl.com/image/upload/f_auto,q_auto/league/gbsnomwbzavt5124vvaz",2026
,00-0033260,,,,,Thomas Hennessy,Thomas,Hennessy,LS,LS,NYJ,42,ACT,Active,9,Duke,"https://static.www.nfl.com/image/upload/f_auto,q_auto/league/dzwef96yf2ovfdcppbmo",2026
3914922,00-0033269,4331,SancRi00,30534,12390,Rigoberto Sanchez,Rigoberto,Sanchez,P,P,IND,8,ACT,Active,9,Hawaii; Butte College,"https://static.www.nfl.com/image/upload/f_auto,q_auto/league/i3hjsasd97k3y3z0inc6",2026
3117251,00-0033280,4034,McCaCh01,30121,11690,Christian McCaffrey,Christian,McCaffrey,RB,RB,SF,23,ACT,Active,9,Stanford,"https://static.www.nfl.com/image/upload/f_auto,q_auto/league/st82s2ytyzanatcmkqck",2026
3126356,00-0033281,4071,HumpMa00,30129,12017,Marlon Humphrey,Marlon,Humphrey,DB,CB,BAL,44,ACT,Active,9,Alabama,"https://static.www.nfl.com/image/upload/f_auto,q_auto/league/zru6ellib9fzob6zq5c3",2026
,00-0033284,,,,,Taylor Moton,Taylor,Moton,OL,T,CAR,72,RES,Reserve/IR,9,Western Michigan,"https://static.www.nfl.com/image/upload/f_auto,q_auto/league/cstvf3qy5mqwd9nxa1sz",2026
3040151,00-0033288,4217,KittGe00,30259,11892,George Kittle,George,Kittle,TE,TE,SF,85,ACT,Active,9,Iowa,"https://static.www.nfl.com/image/upload/f_auto,q_auto/league/vkicdglglkyukgyxtmpx",2026
,00-0033290,,,,,Jermaine Eluemunor,Jermaine,Eluemunor,OL,T,NYG,72,ACT,Active,9,Texas A&M; Lackawanna JC,"https://static.www.nfl.com/image/upload/f_auto,q_auto/league/xqlquhcisz9ykfedvele",2026
3042519,00-0033293,4199,JoneAa00,30295,11763,Aaron Jones,Aaron,Jones,RB,RB,MIN,33,ACT,Active,9,Texas-El Paso,"https://static.www.nfl.com/image/upload/f_auto,q_auto/league/bktkfvgfwujkdbzkcfim",2026
3045463,00-0033294,4224,ClarCh00,30299,12010,Chuck Clark,Charles,Clark,DB,SS,DET,36,ACT,Active,9,Virginia Tech,"https://static.www.nfl.com/image/upload/f_auto,q_auto/league/zysqspeckaavbcyduzmz",2026
3894915,00-0033297,4278,JoneD.01,30310,12209,D.J. Jones,David,Jones,DL,DT,DEN,93,ACT,Active,9,Mississippi; East Mississippi JC,"https://static.www.nfl.com/image/upload/f_auto,q_auto/league/ft4g8bxpn85mshqvp4lj",2026
3055899,00-0033303,4227,ButkHa00,30346,11783,Harrison Butker,Harrison,Butker,K,K,KC,7,ACT,Active,9,Georgia Tech,"https://static.www.nfl.com/image/upload/f_auto,q_auto/league/yphf8avl8ji0ncdohabz",2026
3045523,00-0033307,4454,BourKe00,30551,11847,Kendrick Bourne,Kendrick,Bourne,WR,WR,ARI,17,ACT,Active,9,Eastern Washington,"https://static.www.nfl.com/image/upload/f_auto,q_auto/league/yzfa94cmhpcqamrwzdzk",2026
3059989,00-0033319,4464,MullNi00,30563,12511,Nick Mullens,Nicholas,Mullens,QB,QB,JAX,14,DEV,Practice Squad,9,Southern Mississippi,"https://static.www.nfl.com/image/upload/f_auto,q_auto/league/haxwyajgngz6quuyqg19",2026
3056916,00-0033336,4413,WilsEr00,30448,12360,Eric Wilson,Eric,Wilson,LB,ILB,MIN,55,ACT,Active,9,Cincinnati; Northwestern,"https://static.www.nfl.com/image/upload/f_auto,q_auto/league/xp5tifhe6rxrdz4rsm2f",2026
2979632,00-0033347,4371,TupoJo00,30586,12183,Josh Tupou,Josh,Tupou,DL,NT,NYG,94,DEV,Practice Squad,9,Colorado,"https://static.www.nfl.com/image/upload/f_auto,q_auto/league/dlnemwulvmozmdwp0prp",2026
3134353,00-0033375,4351,PatrTi00,30511,12061,Tim Patrick,Tim,Patrick,WR,WR,NYJ,17,ACT,Active,9,Utah; Grossmont,"https://static.www.nfl.com/image/upload/f_auto,q_auto/league/hw06t7n00cfpt7euljza",2026
2975417,00-0033376,4353,RicaPa00,30592,12298,Patrick Ricard,Patrick,Ricard,RB,FB,NYG,45,ACT,Active,9,Maine,"https://static.www.nfl.com/image/upload/f_auto,q_auto/league/nm7ezh46zd5bdxaxz6a9",2026
2972342,00-0033381,4415,ButlAd00,30655,12141,Adam Butler,Adam,Butler,DL,DT,LV,69,ACT,Active,9,Vanderbilt,"https://static.www.nfl.com/image/upload/f_auto,q_auto/league/lhf00svlch3ueul8msuq",2026
2971281,00-0033439,4443,BrowPh01,30627,11887,Pharaoh Brown,Pharaoh,Brown,TE,TE,IND,49,DEV,Practice Squad,9,Oregon,"https://static.www.nfl.com/image/upload/f_auto,q_auto/league/hfgg6gr7aiyzmdzh4iww",2026
3054840,00-0033523,4032,AlleJo01,30130,11900,Jonathan Allen,Jonathan,Allen,DL,DT,CIN,93,ACT,Active,9,Alabama,"https://static.www.nfl.com/image/upload/f_auto,q_auto/league/pkrndcps9i443i4wyshq",2026
3116389,00-0033526,4147,PeriSa00,30227,11698,Samaje Perine,Samaje,Perine,RB,RB,CIN,34,ACT,Active,9,Oklahoma,"https://static.www.nfl.com/image/upload/f_auto,q_auto/league/fllwhcdovol5i7xxahf6",2026
3122840,00-0033537,4017,WatsDe00,30125,11712,Deshaun Watson,Derrick,Watson,QB,QB,CLE,4,ACT,Active,9,Clemson,"https://static.www.nfl.com/image/private/f_auto,q_auto/league/otfs2docj6eahaebo5xn",2026
,00-0033538,,,,,Garett Bolles,Garett,Bolles,OL,T,DEN,72,ACT,Active,9,Utah; Snow,"https://static.www.nfl.com/image/upload/f_auto,q_auto/league/xhxwjnd0emn65lfom6z7",2026
2979860,00-0033546,4092,TomlDa00,30168,11946,Dalvin Tomlinson,Dalvin,Tomlinson,DL,NT,LAC,94,ACT,Active,9,Alabama,"https://static.www.nfl.com/image/upload/f_auto,q_auto/league/r3vkktytoghvtrua64hg",2026
3052101,00-0033548,4107,AwuzCh00,30173,12009,Chidobe Awuzie,Chidobe,Awuzie,DB,CB,BAL,3,ACT,Active,9,Colorado,"https://static.www.nfl.com/image/upload/f_auto,q_auto/league/o7hb0bwvyuymmsknlubx",2026
3943270,00-0033551,4136,DougRa00,30212,12013,Rasul Douglas,Rasul,Douglas,DB,CB,WAS,31,ACT,Active,9,West Virginia; Nassau CC,"https://static.www.nfl.com/image/upload/f_auto,q_auto/league/f2ac9dmdbhc6rvgllcbt",2026
3045147,00-0033553,4137,ConnJa00,30218,11691,James Conner,James,Conner,RB,RB,ARI,6,RES,Reserve/IR,9,Pittsburgh,"https://static.www.nfl.com/image/upload/f_auto,q_auto/league/ka8wlhtteg8hsowsdofk",2026
2991662,00-0033555,4177,HollMa00,30231,11861,Mack Hollins,Mack,Hollins,WR,WR,NE,13,ACT,Active,9,North Carolina,"https://static.www.nfl.com/image/upload/f_auto,q_auto/league/qbz7whjzsittudcecezw",2026
2975863,00-0033576,4189,SaubEr00,30287,11897,Eric Saubert,Eric,Saubert,TE,TE,SEA,81,ACT,Active,9,Drake,"https://static.www.nfl.com/image/upload/f_auto,q_auto/league/czzieyox5rht6ae3g5tx",2026
3040572,00-0033579,4238,WoodXa00,30304,12007,Xavier Woods,Xavier,Woods,DB,FS,CHI,32,ACT,Active,9,Louisiana Tech,"https://static.www.nfl.com/image/upload/f_auto,q_auto/league/of7kdkfale5fnuz6u8gr",2026
4212909,00-0033589,4274,MoorDa03,30339,12216,David Moore,David,Moore,WR,WR,CAR,83,DEV,Practice Squad,9,East Central,"https://static.www.nfl.com/image/upload/f_auto,q_auto/league/iyawzolvibsds35fwapv",2026
2972515,00-0033662,4574,RushCo00,30788,11841,Cooper Rush,Cooper,Rush,QB,QB,ATL,13,ACT,Active,9,Central Michigan; Tarrant County JC,"https://static.www.nfl.com/image/upload/f_auto,q_auto/league/mwrtykpswz7nbfisqlmj",2026
,00-0033676,,,,,Elijah Wilkinson,Elijah,Wilkinson,OL,T,ARI,65,ACT,Active,9,UMass Amherst,"https://static.www.nfl.com/image/upload/f_auto,q_auto/league/q24grx1dxcv83l2nmayx",2026
3051397,00-0033729,4654,JohnCa02,30711,11829,Cameron Johnston,Cameron,Johnston,P,P,PIT,19,ACT,Active,9,Ohio State,"https://static.www.nfl.com/image/upload/f_auto,q_auto/league/ppcxjnntytozgd78mhzz",2026
,00-0033752,,,,,Storm Norton,Storm,Norton,OL,T,ATL,77,RES,Reserve/IR,9,Toledo,"https://static.www.nfl.com/image/upload/f_auto,q_auto/league/l7ndyhi69vax0acgs1kw",2026
2975674,00-0033757,4602,TonyRo00,30777,12389,Robert Tonyan,Robert,Tonyan,TE,TE,PIT,83,ACT,Active,9,Indiana State,"https://static.www.nfl.com/image/upload/f_auto,q_auto/league/m8h8rzmxq4sjywitqnyb",2026
3122630,00-0033783,4124,WithAh00,30179,12038,Ahkello Witherspoon,James,Witherspoon,DB,CB,WAS,24,RET,Retired,9,Colorado; Sacramento City,"https://static.www.nfl.com/image/upload/f_auto,q_auto/league/ub7code8rbhomboifmob",2026
3050478,00-0033787,4195,ElliJa03,30266,12203,Jake Elliott,Jake,Elliott,K,K,PHI,4,ACT,Active,9,Memphis,"https://static.www.nfl.com/image/upload/f_auto,q_auto/league/gxy1mhbnz1p2nufkg8qz",2026
,00-0033793,,,,,Corey Levin,Corey,Levin,OL,C,ATL,62,ACT,Active,9,Tennessee-Chattanooga,"https://static.www.nfl.com/image/upload/f_auto,q_auto/league/z21jvdkpqlhge0e2lbqs",2026
,00-0033831,,,,,Andrew Wylie,Andrew,Wylie,OL,T,WAS,71,ACT,Active,9,Eastern Michigan,"https://static.www.nfl.com/image/upload/f_auto,q_auto/league/nt0zor6okfjksel1jim2",2026
2983509,00-0033854,4718,OgunDa00,30860,11768,Dare Ogunbowale,Oluwadare,Ogunbowale,RB,RB,LV,32,DEV,Practice Squad,9,Wisconsin,"https://static.www.nfl.com/image/upload/f_auto,q_auto/league/bsm0k0jkytuiej2riudv",2026
3054212,00-0033858,4144,SmitJo01,30213,11807,Jonnu Smith,Jonnu,Smith,TE,TE,GB,81,ACT,Active,9,Florida International,"https://static.www.nfl.com/image/upload/f_auto,q_auto/league/egd6llghj3n5wfdrqacw",2026
3115383,00-0033860,4207,GodcDa00,30291,11916,Davon Godchaux,Davon,Godchaux,DL,NT,NO,92,ACT,Active,9,LSU,"https://static.www.nfl.com/image/upload/f_auto,q_auto/league/mldp5xpbggcf9iacij1s",2026
3122132,00-0033868,3973,GarrMy00,30114,11914,Myles Garrett,Myles,Garrett,LB,OLB,LA,95,ACT,Active,9,Texas A&M,"https://static.www.nfl.com/image/upload/f_auto,q_auto/league/y2d1lvpgfarfv76hjcqm",2026
3039707,00-0033869,3976,TrubMi00,30115,11709,Mitchell Trubisky,Mitchell,Trubisky,QB,QB,TEN,10,ACT,Active,9,North Carolina,"https://static.www.nfl.com/image/upload/f_auto,q_auto/league/yxs7ix2pmcfv5k1qn1sk",2026
3117258,00-0033870,4058,ThomSo00,30116,11945,Solomon Thomas,Solomon,Thomas,DL,DT,TEN,90,ACT,Active,9,Stanford,"https://static.www.nfl.com/image/upload/f_auto,q_auto/league/zgn4b0p7ezoqdqpto9lb",2026
3115373,00-0033872,4077,AdamJa00,30119,11985,Jamal Adams,Jamal,Adams,LB,OLB,MIN,32,RES,Reserve/IR,9,LSU,"https://static.www.nfl.com/image/upload/f_auto,q_auto/league/plodzh6kwjvhpo2mf3ie",2026
3139477,00-0033873,4046,MahoPa00,30123,11839,Patrick Mahomes,Patrick,Mahomes,QB,QB,KC,15,ACT,Active,9,Texas Tech,"https://static.www.nfl.com/image/upload/f_auto,q_auto/league/wdckwtob1lybvkmxnf7p",2026
3115336,00-0033876,4065,BarnDe01,30127,11901,Derek Barnett,Derek,Barnett,DL,DE,CLE,50,ACT,Active,9,Tennessee,"https://static.www.nfl.com/image/upload/f_auto,q_auto/league/eh9ienpeakbbr9mw4vlm",2026
3121415,00-0033877,4074,HookMa00,30128,11695,Malik Hooker,Malik,Hooker,DB,SS,DAL,24,ACT,Active,9,Ohio State,"https://static.www.nfl.com/image/upload/f_auto,q_auto/league/qxcbwkhiboobkz1xj68c",2026
3051876,00-0033881,4066,EngrEv00,30136,11805,Evan Engram,Evan,Engram,TE,TE,DEN,1,ACT,Active,9,Mississippi,"https://static.www.nfl.com/image/upload/f_auto,q_auto/league/nucl2dxmpvhlywhyro8o",2026
3123076,00-0033885,4033,NjokDa00,30142,11734,David Njoku,David,Njoku,TE,TE,LAC,83,ACT,Active,9,Miami,"https://static.www.nfl.com/image/upload/f_auto,q_auto/league/y4g1iayqrbrhdvkqywpx",2026
3045282,00-0033886,4070,WattT.00,30143,11984,T.J. Watt,Trent,Watt,LB,OLB,PIT,90,ACT,Active,9,Wisconsin,"https://static.www.nfl.com/image/upload/f_auto,q_auto/league/aywegy4gpj1d32vrl67u",2026
3127287,00-0033890,4081,BakeBu00,30149,11986,Budda Baker,Budda,Baker,DB,SS,ARI,3,ACT,Active,9,Washington,"https://static.www.nfl.com/image/upload/f_auto,q_auto/league/tpr5aphfvgckzecyr5rd",2026
,00-0033901,,,,,Ethan Pocic,Ethan,Pocic,OL,C,BAL,77,ACT,Active,9,LSU,"https://static.www.nfl.com/image/upload/f_auto,q_auto/league/yl6ylttfhl37pjf4iqxi",2026
2982313,00-0033902,4114,KpasTa00,30172,11924,Tanoh Kpassagnon,Tanoh,Kpassagnon,DL,DE,TEN,58,RES,Reserve/IR,9,Villanova,"https://static.www.nfl.com/image/private/f_auto,q_auto/league/ilr1bs7qesfq7fryeetc",2026
,00-0033904,,,,,Dion Dawkins,Dion,Dawkins,OL,T,BUF,73,ACT,Active,9,Temple,"https://static.www.nfl.com/image/upload/f_auto,q_auto/league/je2zvakc2v5jrahxtq05",2026
3054850,00-0033906,4035,KamaAl00,30180,11732,Alvin Kamara,Alvin,Kamara,RB,RB,NO,41,ACT,Active,9,Tennessee; Hutchinson CC; Alabama,"https://static.www.nfl.com/image/upload/f_auto,q_auto/league/yxebpuskandivlh2iil4",2026
2977187,00-0033908,4039,KuppCo00,30182,11863,Cooper Kupp,Cooper,Kupp,WR,WR,SEA,10,ACT,Active,9,Eastern Washington,"https://static.www.nfl.com/image/upload/f_auto,q_auto/league/kjixprihktsfog6wx9sq",2026
,00-0033910,,,,,Dan Feeney,Daniel,Feeney,OL,C,TB,65,ACT,Active,9,Indiana,"https://static.www.nfl.com/image/upload/f_auto,q_auto/league/f1hepbs2wd5rmak9sox0",2026
3043107,00-0033914,4118,AnzaAl00,30189,11957,Alex Anzalone,Alex,Anzalone,LB,ILB,TB,34,ACT,Active,9,Florida,"https://static.www.nfl.com/image/upload/f_auto,q_auto/league/ltqvhzvqdxxtl1phtrgi",2026
2971586,00-0033918,4126,MoreFa00,30194,11970,Fabian Moreau,Fabian,Moreau,DB,CB,WAS,30,ACT,Active,9,UCLA,"https://static.www.nfl.com/image/upload/f_auto,q_auto/league/osj1pbe8mj5f7h47l2op",2026
3116165,00-0033921,4037,GodwCh00,30197,11718,Chris Godwin Jr.,Rod,Godwin,WR,WR,TB,14,ACT,Active,9,Penn State,"https://static.www.nfl.com/image/upload/f_auto,q_auto/league/ilkheljdx4hbjpisulke",2026
3045207,00-0033928,4129,LewiJo01,30205,12024,Jourdan Lewis,Jourdan,Lewis,DB,CB,JAX,2,ACT,Active,9,Michigan,"https://static.www.nfl.com/image/upload/f_auto,q_auto/league/pfd9esqxpi8xgedprdls",2026
3052743,00-0033935,4135,HendTr00,30216,11919,Trey Hendrickson,Collins,Hendrickson,LB,OLB,BAL,91,ACT,Active,9,Florida Atlantic,"https://static.www.nfl.com/image/upload/f_auto,q_auto/league/ck1pofe4hwbbowzhb8uh",2026
2969961,00-0033941,4180,JenkRa00,30226,11994,Rayshawn Jenkins,Rayshawn,Jenkins,DB,SS,PIT,31,ACT,Active,9,Miami,"https://static.www.nfl.com/image/upload/f_auto,q_auto/league/e3tppqrhd6bpipfn2k4z",2026
3045527,00-0033945,4170,EbukSa00,30238,12201,Samson Ebukam,Nnamaka Ebukam,Ebukam,DL,DE,ATL,52,ACT,Active,9,Eastern Washington,"https://static.www.nfl.com/image/upload/f_auto,q_auto/league/cmoytuhhkqslhcpulq5e",2026
2980080,00-0033947,4174,WiseDe00,30244,11954,Deatrich Wise,Deatrich,Wise,DL,DE,WAS,91,RES,Reserve/IR,9,Arkansas,"https://static.www.nfl.com/image/upload/f_auto,q_auto/league/kmshfa3dfehklgdh1lrk",2026
3044720,00-0033949,4179,DobbJo00,30248,11834,Joshua Dobbs,Robert,Dobbs,QB,QB,DET,6,ACT,Active,9,Tennessee,"https://static.www.nfl.com/image/upload/f_auto,q_auto/league/twaqqjexyi0vgyfbvzis",2026
4058825,00-0033952,4168,StewGr00,30257,12202,Grover Stewart,Grover,Stewart,DL,DT,IND,90,ACT,Active,9,Albany State (GA),"https://static.www.nfl.com/image/upload/f_auto,q_auto/league/hevbchcmeeujuwjcyjqv",2026
3127586,00-0033955,4219,McNiJe00,30275,11767,Jeremy McNichols,Jeremy,McNichols,RB,RB,WAS,26,RES,Reserve/IR,9,Boise State,"https://static.www.nfl.com/image/upload/f_auto,q_auto/league/xcrgrtlk6ukrshtlnr5e",2026
3051942,00-0033964,4259,MuhaAl00,30309,11930,Al-Quadin Muhammad,Al-Quadin,Muhammad,LB,OLB,TB,97,ACT,Active,9,Miami,"https://static.www.nfl.com/image/upload/f_auto,q_auto/league/wlookhzmglrxdjx43l8n",2026
2978524,00-0034051,4848,KuntCh02,30954,12977,Christian Kuntz,Christian,Kuntz,LS,LS,PIT,46,ACT,Active,9,Duquesne,"https://static.www.nfl.com/image/upload/f_auto,q_auto/league/cg9flp4dh0tjvjoh4vc5",2026
,00-0034067,,,,,Scott Daly,Kevin,Daly,LS,LS,GB,71,DEV,Practice Squad,8,Notre Dame,"https://static.www.nfl.com/image/upload/f_auto,q_auto/league/icxbupl2lmn9ffjfu6xm",2026
3050199,00-0034091,5445,OdumGe00,31373,13094,George Odum,George,Odum,DB,FS,HOU,36,DEV,Practice Squad,8,Central Arkansas,"https://static.www.nfl.com/image/upload/f_auto,q_auto/league/watelqvhccitomv8ntny",2026
,00-0034112,,,,,Austin Schlottmann,Austin,Schlottmann,OL,C,TEN,51,ACT,Active,8,TCU,"https://static.www.nfl.com/image/upload/f_auto,q_auto/league/afwyxpln2lcv4uhf1mvd",2026
,00-0034114,,,,,Coleman Shelton,Coleman,Shelton,OL,C,LA,65,ACT,Active,8,Washington,"https://static.www.nfl.com/image/upload/f_auto,q_auto/league/aewvme2mltyuwnbdodlc",2026
,00-0034158,,,,,Brian O'Neill,Brian,O'Neill,OL,T,MIN,75,ACT,Active,8,Pittsburgh,"https://static.www.nfl.com/image/upload/f_auto,q_auto/league/ouq6nfernugv9rsvcvwm",2026
3929851,00-0034160,5011,DickMi00,31119,12481,Michael Dickson,Michael,Dickson,P,P,SEA,4,ACT,Active,8,Texas,"https://static.www.nfl.com/image/upload/f_auto,q_auto/league/apjm64xahlm5hjmoxul7",2026
3051909,00-0034161,5095,CarlDa00,31137,12842,Daniel Carlson,Daniel,Carlson,K,K,NO,10,ACT,Active,8,Auburn,"https://static.www.nfl.com/image/upload/f_auto,q_auto/league/gsvj7rtvqwbwdeho8whf",2026
3126368,00-0034162,5087,ScotJK00,31142,12822,J.K. Scott,John,Scott,P,P,LAC,16,ACT,Active,8,Alabama,"https://static.www.nfl.com/image/upload/f_auto,q_auto/league/yayikawhfng99cqrosax",2026
3138764,00-0034163,5378,MartJa02,31156,12990,Jacob Martin,Jacob,Martin,DL,DE,TEN,57,ACT,Active,8,Temple,"https://static.www.nfl.com/image/upload/f_auto,q_auto/league/iq7og8epwftb1wl8aghd",2026
4034949,00-0034173,5189,PineEd00,31482,12582,Eddy Pineiro,Eddy,Pineiro,K,K,SF,18,ACT,Active,8,Florida,"https://static.www.nfl.com/image/upload/f_auto,q_auto/league/v3vtl2t4dfzkueanjfwc",2026
,00-0034198,,,,,Trent Sieg,Trent,Sieg,LS,LS,DAL,44,ACT,Active,8,Colorado State,"https://static.www.nfl.com/image/upload/f_auto,q_auto/league/ikhujd70ky9ymcrvpjm5",2026
3125114,00-0034234,5226,FordPo00,31477,12492,Poona Ford,Kaylon,Ford,DL,NT,LA,97,ACT,Active,8,Texas,"https://static.www.nfl.com/image/upload/f_auto,q_auto/league/emckafsx5psbs9pjhhpe",2026
3932901,00-0034248,5534,CampEl00,31451,13139,Elijah Campbell,Elijah,Campbell,DB,FS,NYG,28,ACT,Active,8,Northern Iowa,"https://static.www.nfl.com/image/upload/f_auto,q_auto/league/qyz7zre7auvk1ilrfs70",2026
,00-0034261,,,,,Austin Corbett,Austin,Corbett,OL,C,BUF,63,ACT,Active,8,Nevada,"https://static.www.nfl.com/image/upload/f_auto,q_auto/league/usrnmbnd0hqmoaw4rxki",2026
3121414,00-0034264,5333,HolmJa01,31072,12812,Jalyn Holmes,Jalyn,Holmes,DL,DE,TEN,97,DEV,Practice Squad,8,Ohio State,"https://static.www.nfl.com/image/upload/f_auto,q_auto/league/hostnk8byovbecbtdea7",2026
3915486,00-0034270,5133,ConkTy00,31220,12809,Tyler Conklin,Tyler,Conklin,TE,TE,DET,83,ACT,Active,8,Central Michigan; Northwood,"https://static.www.nfl.com/image/upload/f_auto,q_auto/league/knjuzxnzsfjxwcjxp5en",2026
3045172,00-0034275,5090,FatuFo00,31150,12670,Foley Fatukasi,Folorunso,Fatukasi,DL,DT,LV,63,ACT,Active,8,Connecticut,"https://static.www.nfl.com/image/upload/f_auto,q_auto/league/ttcdigwndhyvmhvgof25",2026
3929846,00-0034277,5071,ElliDe02,31160,12459,DeShon Elliott,Armentae,Elliott,DB,SS,PIT,25,RES,Reserve/IR,8,Texas,"https://static.www.nfl.com/image/upload/f_auto,q_auto/league/hf9qrjvja3ej77feihts",2026
3134448,00-0034278,5328,SmitTr04,31166,12994,Tremon Smith,Tremon,Smith,DB,CB,HOU,11,ACT,Active,8,Central Arkansas,"https://static.www.nfl.com/image/upload/f_auto,q_auto/league/pva3iicdybaabrrws0sg",2026
3057956,00-0034285,5297,SielZa00,31208,13011,Zach Sieler,Zach,Sieler,DL,DT,MIA,92,ACT,Active,8,Ferris State,"https://static.www.nfl.com/image/upload/f_auto,q_auto/league/s5sel5udu4qvmi9jgryz",2026
3127273,00-0034302,5580,LuvuFr00,31503,13159,Frankie Luvu,Frankie,Luvu,LB,ILB,WAS,4,ACT,Active,8,Washington State,"https://static.www.nfl.com/image/upload/f_auto,q_auto/league/a42s7i0njohztuhxz13p",2026
3116726,00-0034320,5371,StreKe00,31098,12752,Kentavius Street,Kentavius,Street,DL,DT,CHI,93,ACT,Active,8,N.C. State,"https://static.www.nfl.com/image/upload/f_auto,q_auto/league/svrbvbjq34qrfuqohfkf",2026
3925354,00-0034333,4976,PaynDa00,30983,12618,Daron Payne,Daron,Payne,DL,DT,WAS,94,ACT,Active,8,Alabama,"https://static.www.nfl.com/image/upload/f_auto,q_auto/league/fyaqgxzjicgbmrethav3",2026
,00-0034342,,,,,Quenton Nelson,Quenton,Nelson,OL,G,IND,56,ACT,Active,8,Notre Dame,"https://static.www.nfl.com/image/upload/f_auto,q_auto/league/wltd0vj7zlzbprlshf2d",2026
3124058,00-0034344,4965,DaveMa00,30984,12863,Marcus Davenport,Marcus,Davenport,DL,DE,CHI,52,DEV,Practice Squad,8,Texas-San Antonio,"https://static.www.nfl.com/image/upload/f_auto,q_auto/league/hauze2vwdskhaiqjifk1",2026
3128429,00-0034348,5045,SuttCo00,31010,12586,Courtland Sutton,Courtland,Sutton,WR,WR,DEN,14,ACT,Active,8,SMU,"https://static.www.nfl.com/image/upload/f_auto,q_auto/league/kqwmqcrlrwmqcvfuguhs",2026
3120358,00-0034350,5061,NwosUc00,31018,12844,Uchenna Nwosu,Uchenna,Nwosu,LB,OLB,SEA,7,ACT,Active,8,USC,"https://static.www.nfl.com/image/upload/f_auto,q_auto/league/eovri4ccfixdbtikxbyg",2026
3121023,00-0034351,5022,GoedDa00,31019,12860,Dallas Goedert,Dallas,Goedert,TE,TE,PHI,88,ACT,Active,8,South Dakota State,"https://static.www.nfl.com/image/upload/f_auto,q_auto/league/bafepstxu7vvxb9v5vua",2026
3116679,00-0034355,5055,StewM.00,31023,12836,M.J. Stewart,Marvin,Stewart,DB,FS,HOU,29,RES,Reserve/IR,8,North Carolina,"https://static.www.nfl.com/image/upload/f_auto,q_auto/league/ks5w5s7jghanmslipbfs",2026
3843769,00-0034356,5051,JackDo02,31025,12610,Donte Jackson,Donte,Jackson,DB,CB,LAC,26,ACT,Active,8,LSU,"https://static.www.nfl.com/image/upload/f_auto,q_auto/league/ptrcpfheqfuuyiqexmsq",2026
3931399,00-0034361,5036,ReidJu00,31038,12606,Justin Reid,Justin,Reid,DB,SS,NO,21,ACT,Active,8,Stanford,"https://static.www.nfl.com/image/upload/f_auto,q_auto/league/ysi7vrkwfhei6adamgb3",2026
4045305,00-0034365,4995,ThomIa00,31071,12858,Ian Thomas,Ian,Thomas,TE,TE,LV,80,ACT,Active,8,Indiana; Nassau CC,"https://static.www.nfl.com/image/upload/f_auto,q_auto/league/gvpwnq0mjefjlekgzxro",2026
3126352,00-0034371,5351,HandDa00,31084,12821,Da'Shawn Hand,Da'Shawn,Hand,DL,DT,ATL,90,ACT,Active,8,Alabama,"https://static.www.nfl.com/image/upload/f_auto,q_auto/league/c2synfyorkd9gnrvv43v",2026
3928979,00-0034373,5330,ArmsDo00,31086,12548,Dorance Armstrong,Dorance,Armstrong,LB,OLB,WAS,92,RES,Reserve/IR,8,Kansas,"https://static.www.nfl.com/image/upload/f_auto,q_auto/league/iccauovlxlztcx36jitr",2026
3121003,00-0034376,5341,JohnTa01,31091,12784,Taron Johnson,Taron,Johnson,DB,CB,LV,3,ACT,Active,8,Weber State,"https://static.www.nfl.com/image/upload/f_auto,q_auto/league/ga88tpaiiaafgcecjboi",2026
3123938,00-0034377,5361,MaddAv00,31095,12683,Avonte Maddox,Avonte,Maddox,DB,FS,DET,29,ACT,Active,8,Pittsburgh,"https://static.www.nfl.com/image/upload/f_auto,q_auto/league/j2guzeu1ggx5opajjl3h",2026
3693166,00-0034381,4999,SweaJo00,31101,12546,Josh Sweat,Josh,Sweat,LB,OLB,ARI,10,ACT,Active,8,Florida State,"https://static.www.nfl.com/image/upload/f_auto,q_auto/league/mfeq6gxl0uurxjsqdbos",2026
3117256,00-0034383,5001,SchuDa00,31107,12514,Dalton Schultz,Dalton,Schultz,TE,TE,HOU,86,ACT,Active,8,Stanford,"https://static.www.nfl.com/image/upload/f_auto,q_auto/league/ym8sbkev8l4scnrc0vd8",2026
3139387,00-0034384,5372,ReedD.00,31112,12505,D.J. Reed,Dennis,Reed,DB,CB,DET,4,ACT,Active,8,Kansas State; Cerritos College; Fresno State,"https://static.www.nfl.com/image/upload/f_auto,q_auto/league/haxt1fpxhgnobin0d5sx",2026
3057524,00-0034391,5098,NealSi00,31124,12817,Siran Neal,Siran,Neal,DB,FS,SF,33,ACT,Active,8,Jacksonville State,"https://static.www.nfl.com/image/upload/f_auto,q_auto/league/bwesbjwrbjpycetidb2q",2026
3929956,00-0034397,5366,SettTi00,31133,12544,Tim Settle,Timothy,Settle,DL,DT,WAS,97,ACT,Active,8,Virginia Tech,"https://static.www.nfl.com/image/upload/f_auto,q_auto/league/pfxye4tf9lojvyeud1d9",2026
,00-0034399,,,,,Wyatt Teller,William,Teller,OL,G,HOU,75,ACT,Active,8,Virginia Tech,"https://static.www.nfl.com/image/upload/f_auto,q_auto/league/g8mhl0gz8akc6k5hb06i",2026
3728262,00-0034407,5096,McClRa00,31157,12570,Ray-Ray McCloud,Ray-Ray,McCloud,WR,WR,CHI,20,RES,Reserve/IR,8,Clemson,"https://static.www.nfl.com/image/upload/f_auto,q_auto/league/nvwn3sdihyyd2itjt7vy",2026
3050073,00-0034413,5332,OluoFo00,31170,12995,Foye Oluokun,Foyesade,Oluokun,LB,MLB,JAX,23,ACT,Active,8,Yale,"https://static.www.nfl.com/image/private/f_auto,q_auto/league/ldsewkhf1k2uxwcud0bj",2026
,00-0034417,,,,,Matt Pryor,Matthew,Pryor,OL,T,ARI,76,DEV,Practice Squad,8,TCU,"https://static.www.nfl.com/image/upload/f_auto,q_auto/league/vtt6isfbfk59jtxbma2l",2026
3123075,00-0034419,5121,BerrBr00,31180,12771,Braxton Berrios,Braxton,Berrios,WR,WR,NYG,87,DEV,Practice Squad,8,Miami,"https://static.www.nfl.com/image/upload/f_auto,q_auto/league/striwxmn9t0ixherw7l8",2026
,00-0034429,,,,,Jordan Mailata,Lafoga,Mailata,OL,T,PHI,68,ACT,Active,8,,"https://static.www.nfl.com/image/upload/f_auto,q_auto/league/al7gzhilxxfwtflukyei",2026
3124005,00-0034431,5346,FranZa00,31205,13010,Zaire Franklin,Zaire,Franklin,LB,MLB,GB,44,ACT,Active,8,Syracuse,"https://static.www.nfl.com/image/upload/f_auto,q_auto/league/k59qf7qnigqhlxw2652h",2026
3115480,00-0034437,5314,CookLo00,31216,13013,Logan Cooke,Logan,Cooke,P,P,JAX,9,ACT,Active,8,Mississippi State,"https://static.www.nfl.com/image/upload/f_auto,q_auto/league/qy2pmeevxy1jndpdq1ai",2026
3125356,00-0034446,5222,DaviJa06,31534,13263,Jalen Davis,Jalen,Davis,DB,CB,CIN,35,ACT,Active,8,Utah State,"https://static.www.nfl.com/image/upload/f_auto,q_auto/league/lspbj6tc3afry1certf6",2026
3125248,00-0034465,5792,ReavJe00,31582,12827,Jeremy Reaves,Jeremy,Reaves,DB,FS,WAS,39,ACT,Active,8,South Alabama,"https://static.www.nfl.com/image/upload/f_auto,q_auto/league/kwmtxcogvel516q4ws86",2026
4334300,00-0034473,5158,GardDe01,31299,13210,Dennis Gardeck,Dennis,Gardeck,LB,OLB,JAX,47,ACT,Active,8,Sioux Falls; West Virginia State,"https://static.www.nfl.com/image/upload/f_auto,q_auto/league/wmk2eix7vcc9aglty2ga",2026
4331768,00-0034485,5520,OwenJo01,31318,13218,Jonathan Owens,Jonathan,Owens,DB,FS,IND,38,ACT,Active,8,Missouri Western,"https://static.www.nfl.com/image/upload/f_auto,q_auto/league/myxiqs2nqxdlw2pi8rbd",2026
3122168,00-0034487,5154,SherTr00,31320,13061,Trent Sherfield,Trent,Sherfield,WR,WR,BUF,18,DEV,Practice Squad,8,Vanderbilt,"https://static.www.nfl.com/image/upload/f_auto,q_auto/league/iiig88xbj5zeau59ifvv",2026
4334405,00-0034488,5519,ThomTa01,31321,13219,Tavierre Thomas,Tavierre,Thomas,DB,FS,MIN,37,DEV,Practice Squad,8,Ferris State,"https://static.www.nfl.com/image/upload/f_auto,q_auto/league/uhnxkxxitwkhjwgf2egu",2026
,00-0034495,,,,,Evan Brown,Evan,Brown,OL,C,HOU,67,ACT,Active,8,SMU,"https://static.www.nfl.com/image/upload/f_auto,q_auto/league/hbte4ax1oelubjtq68np",2026
,00-0034571,,,,,Trent Scott,Trenton,Scott,OL,T,WAS,73,DEV,Practice Squad,8,Grambling State,"https://static.www.nfl.com/image/upload/f_auto,q_auto/league/lezvaysssxuvaprswxyk",2026
4037361,00-0034573,5493,WardCh01,31293,13257,Charvarius Ward,Charvarius,Ward,DB,CB,IND,7,ACT,Active,8,Middle Tennessee State; Hinds CC,"https://static.www.nfl.com/image/upload/f_auto,q_auto/league/x2fesww60ua3fkxk2lyc",2026
3115293,00-0034577,5127,AlleKy00,31301,12623,Kyle Allen,Kyle,Allen,QB,QB,BUF,11,ACT,Active,8,Houston; Texas A&M,"https://static.www.nfl.com/image/upload/f_auto,q_auto/league/s3vbqdcoc6oc6yh460v9",2026
3050481,00-0034613,5409,HudsTa00,31257,13286,Tanner Hudson,Tanner,Hudson,TE,TE,CIN,87,DEV,Practice Squad,8,Southern Arkansas; Memphis,"https://static.www.nfl.com/image/upload/f_auto,q_auto/league/pyl2bpjw0vy4idcseama",2026
3050916,00-0034639,5691,FordMi01,31634,13195,Mike Ford,Michael,Ford,DB,CB,ATL,28,ACT,Active,8,Southeast Missouri State,"https://static.www.nfl.com/image/upload/f_auto,q_auto/league/b3k1q0kl0mc7d0t8xkka",2026
3134316,00-0034657,5615,DickMa00,31612,12973,Matt Dickerson,Matthew,Dickerson,DL,DT,JAX,93,ACT,Active,8,UCLA,"https://static.www.nfl.com/image/upload/f_auto,q_auto/league/gtdzbosdflkvbsm8rwiv",2026
,00-0034668,,,,,Aaron Stinnie,Aaron,Stinnie,OL,G,NYG,64,ACT,Active,8,James Madison,"https://static.www.nfl.com/image/upload/f_auto,q_auto/league/fi5wxfsa59aw80nwetoi",2026
3929950,00-0034673,4968,EdmuTr01,30986,12612,Tremaine Edmunds,Fe'Zahn,Edmunds,LB,MLB,NYG,49,ACT,Active,8,Virginia Tech,"https://static.www.nfl.com/image/upload/f_auto,q_auto/league/oel5uugavzbyitnjlw7f",2026
3919512,00-0034675,5017,BateJe00,31024,12564,Jessie Bates,Jessie,Bates,DB,SS,ATL,3,ACT,Active,8,Wake Forest,"https://static.www.nfl.com/image/upload/f_auto,q_auto/league/eego6d6svadhqg1dyacg",2026
3129446,00-0034720,5726,SpilRo00,31708,13306,Robert Spillane,Robert,Spillane,LB,ILB,NE,14,ACT,Active,8,Western Michigan,"https://static.www.nfl.com/image/upload/f_auto,q_auto/league/xdchysme8chq50omxcui",2026
4039396,00-0034721,5721,BojoCo00,31727,13323,Corey Bojorquez,Corey,Bojorquez,P,P,CLE,13,ACT,Active,8,New Mexico; Cerritos College,"https://static.www.nfl.com/image/private/f_auto,q_auto/league/eiuli9dmspe6d4cwwa00",2026
,00-0034752,,,,,Orlando Brown,Orlando,Brown,OL,T,CIN,75,ACT,Active,8,Oklahoma,"https://static.www.nfl.com/image/private/f_auto,q_auto/league/icuytojhzdm0dqxoebo4",2026
3116365,00-0034753,5012,AndrMa00,31056,12559,Mark Andrews,Mark,Andrews,TE,TE,BAL,89,ACT,Active,8,Oklahoma,"https://static.www.nfl.com/image/upload/f_auto,q_auto/league/u4xzz7tclch0tpzm9hhz",2026
3051746,00-0034754,5031,BurkOr00,31058,12919,Oren Burks,Oren,Burks,LB,ILB,CIN,42,ACT,Active,8,Vanderbilt,"https://static.www.nfl.com/image/upload/f_auto,q_auto/league/uicl91cysjtnfqev9mjt",2026
,00-0034759,,,,,Kolton Miller,Kolton,Miller,OL,T,LV,74,ACT,Active,8,UCLA,"https://static.www.nfl.com/image/upload/f_auto,q_auto/league/jaq8p0tiipizksjbt3aa",2026
4076951,00-0034760,5043,ShepNa00,31042,12814,Nathan Shepherd,Nathan,Shepherd,DL,DT,NO,93,ACT,Active,8,Fort Hays; Simon Fraser,"https://static.www.nfl.com/image/upload/f_auto,q_auto/league/sl9b2jgyvmo5yn0vglok",2026
,00-0034768,,,,,Chukwuma Okorafor,Chukwuma,Okorafor,OL,T,NYJ,79,ACT,Active,8,Western Michigan,"https://static.www.nfl.com/image/upload/f_auto,q_auto/league/n3ld9u2m2kfxhcc0qeiy",2026
3116407,00-0034771,4972,RudoMa00,31046,12629,Mason Rudolph,Mason,Rudolph,QB,QB,PIT,2,ACT,Active,8,Oklahoma State,"https://static.www.nfl.com/image/upload/f_auto,q_auto/league/oadtxde6hxz1jgrs618o",2026
3134362,00-0034773,4969,VeaxVi00,30982,12500,Vita Vea,Tevita,Vea,DL,NT,TB,50,ACT,Active,8,Washington,"https://static.www.nfl.com/image/upload/f_auto,q_auto/league/dbumwcqqltdqv9pxkno0",2026
3895856,00-0034775,4950,KirkCh01,31017,12508,Christian Kirk,Christian,Kirk,WR,WR,SF,3,RES,Reserve/IR,8,Texas A&M,"https://static.www.nfl.com/image/upload/f_auto,q_auto/league/ffp75mtwnqgrv0qz0txz",2026
3916923,00-0034778,5054,DaviCa02,31033,12531,Carlton Davis III,Carlton,Davis,DB,CB,NE,7,ACT,Active,8,Auburn,"https://static.www.nfl.com/image/upload/f_auto,q_auto/league/pzbrbbwgymysharir2ms",2026
3859006,00-0034779,5025,HarrRo02,31063,12625,Ronnie Harrison,Ronnie,Harrison,LB,OLB,MIA,56,ACT,Active,8,Alabama,"https://static.www.nfl.com/image/upload/f_auto,q_auto/league/uhybqeoqkzjgcogc3s9y",2026
3122797,00-0034780,5048,YiadIs00,31069,12778,Isaac Yiadom,Isaac,Yiadom,DB,CB,WAS,27,DEV,Practice Squad,8,Boston College,"https://static.www.nfl.com/image/upload/f_auto,q_auto/league/yshnc3lfpcams5ropegx",2026
3117255,00-0034782,5049,PhilHa00,31066,12551,Harrison Phillips,Harrison,Phillips,DL,DT,NYJ,97,ACT,Active,8,Stanford,"https://static.www.nfl.com/image/upload/f_auto,q_auto/league/znophhdzukalwuwsx6vx",2026
3925345,00-0034789,4963,FitzMi00,30981,12624,Minkah Fitzpatrick,Minkah,Fitzpatrick,DB,FS,NYJ,29,ACT,Active,8,Alabama,"https://static.www.nfl.com/image/upload/f_auto,q_auto/league/z733r4dwebhrqeeihy0e",2026
3691739,00-0034790,4971,JameDe00,30987,12464,Derwin James,Derwin,James,DB,SS,LAC,3,ACT,Active,8,Florida State,"https://static.www.nfl.com/image/upload/f_auto,q_auto/league/z9au0ajgcwoeozfdu0ec",2026
3124679,00-0034794,5119,SandJa00,31199,13007,Jason Sanders,Jason,Sanders,K,K,NYJ,19,DEV,Practice Squad,8,New Mexico,"https://static.www.nfl.com/image/upload/f_auto,q_auto/league/k3ldptfygihmqgl2eir6",2026
3916387,00-0034796,4881,JackLa00,31002,12561,Lamar Jackson,Lamar,Jackson,QB,QB,BAL,8,ACT,Active,8,Louisville,"https://static.www.nfl.com/image/upload/f_auto,q_auto/league/eno6s5qzl9grbfbfwhoa",2026
3052897,00-0034798,5008,SmytDu00,31093,12807,Durham Smythe,Durham,Smythe,TE,TE,BAL,80,ACT,Active,8,Notre Dame,"https://static.www.nfl.com/image/upload/f_auto,q_auto/league/pwcuy1ntmris98x8xmxi",2026
3116748,00-0034800,5020,HillB.00,31039,12815,B.J. Hill,Bobby,Hill,DL,DT,CIN,92,ACT,Active,8,N.C. State,"https://static.www.nfl.com/image/upload/f_auto,q_auto/league/t5d3t2wt1goqgv5njdqa",2026
3128303,00-0034801,5757,WoodJo02,31753,13361,Josh Woods,Josh,Woods,LB,ILB,ATL,42,ACT,Active,8,Maryland,"https://static.www.nfl.com/image/upload/f_auto,q_auto/league/p6wltly2bismav4hvfvb",2026
3120464,00-0034805,5466,FranJo02,31105,12972,John Franklin-Myers,John Franklin-Myers,Franklin-Myers,DL,DE,TEN,91,ACT,Active,8,Stephen F. Austin State,"https://static.www.nfl.com/image/upload/f_auto,q_auto/league/ixfyxejxsfgffbgd7in2",2026
3052667,00-0034807,5075,OkorOg00,31130,12788,Ogbo Okoronkwo,Ogbonnia,Okoronkwo,DL,DE,SF,59,DEV,Practice Squad,8,Oklahoma,"https://static.www.nfl.com/image/upload/f_auto,q_auto/league/qbhwpvb59fmyguz8ttg0",2026
3047495,00-0034810,5073,JoseSe00,31165,12993,Sebastian Joseph-Day,Sebastian,Joseph,DL,DE,PIT,69,ACT,Active,8,Rutgers,"https://static.www.nfl.com/image/upload/f_auto,q_auto/league/y9ic1jqwhgcy75hdnptt",2026
3138826,00-0034815,5041,WarnFr00,31040,12769,Fred Warner,Federico,Warner,LB,MLB,SF,54,ACT,Active,8,BYU,"https://static.www.nfl.com/image/upload/f_auto,q_auto/league/zmse3qgt0x2mqiuiuiu7",2026
,00-0034817,,,,,Geron Christian,Geron,Christian,OL,T,JAX,79,DEV,Practice Squad,8,Louisville,"https://static.www.nfl.com/image/upload/f_auto,q_auto/league/op7pv7rqvcvolr41t285",2026
3843843,00-0034825,5067,KeyxAr00,31057,12545,Arden Key,Arden,Key,DL,DE,IND,98,ACT,Active,8,LSU,"https://static.www.nfl.com/image/upload/f_auto,q_auto/league/mcd06fmoc92zmekuyxeg",2026
3915416,00-0034827,4983,MoorD.00,30994,12477,DJ Moore,Denniston,Moore,WR,WR,BUF,2,ACT,Active,8,Maryland,"https://static.www.nfl.com/image/upload/f_auto,q_auto/league/lsavpxtqoqu25emwcnvy",2026
3122793,00-0034828,5030,LandHa00,31011,12883,Harold Landry III,Harold,Landry,LB,OLB,NE,2,RES,Reserve/IR,8,Boston College,"https://static.www.nfl.com/image/upload/f_auto,q_auto/league/u4vo0zlxvsph3annhc4f",2026
3116164,00-0034829,4993,GesiMi00,31012,12764,Mike Gesicki,Michael,Gesicki,TE,TE,CIN,88,ACT,Active,8,Penn State,"https://static.www.nfl.com/image/upload/f_auto,q_auto/league/dykckg6we3cnw9yhpggi",2026
3116733,00-0034832,4967,ChubBr00,30975,12877,Bradley Chubb,Bradley,Chubb,LB,OLB,BUF,9,ACT,Active,8,N.C. State,"https://static.www.nfl.com/image/upload/f_auto,q_auto/league/k65yb752vk1uq7sweetl",2026
,00-0034836,,,,,Braden Smith,Braden,Smith,OL,T,HOU,71,RES,Reserve/IR,8,Auburn,"https://static.www.nfl.com/image/upload/f_auto,q_auto/league/nvotj0nraxfrdeklulgb",2026
3925357,00-0034837,4981,RidlCa00,30996,12616,Calvin Ridley,Calvin,Ridley,WR,WR,TEN,0,ACT,Active,8,Alabama,"https://static.www.nfl.com/image/upload/f_auto,q_auto/league/zrv8bjm7zdtboyka2jvr",2026
3895841,00-0034843,4982,HughMi00,31000,12590,Mike Hughes,Michael,Hughes,DB,CB,ATL,21,ACT,Active,8,UCF; Garden City CC; North Carolina,"https://static.www.nfl.com/image/upload/f_auto,q_auto/league/tncrybucqelrcrsgumds",2026
3929630,00-0034844,4866,BarkSa00,30972,12507,Saquon Barkley,Saquon,Barkley,RB,RB,PHI,26,ACT,Active,8,Penn State,"https://static.www.nfl.com/image/upload/f_auto,q_auto/league/qcayrzjpura2zydszonh",2026
,00-0034847,,,,,Mike McGlinchey,Mike,McGlinchey,OL,T,DEN,69,ACT,Active,8,Notre Dame,"https://static.www.nfl.com/image/upload/f_auto,q_auto/league/fddsmma8dpk7kqufb6f1",2026
3047876,00-0034854,5773,HodgKh00,31769,13418,KhaDarel Hodge,KhaDarel,Hodge,WR,WR,SF,86,DEV,Practice Squad,8,Prairie View A&M; Hinds CC; Alcorn State,"https://static.www.nfl.com/image/upload/f_auto,q_auto/league/r6vyxamrbb62lcccap2r",2026
3052587,00-0034855,4892,MayfBa00,30971,12619,Baker Mayfield,Baker,Mayfield,QB,QB,TB,6,ACT,Active,8,Oklahoma; Texas Tech,"https://static.www.nfl.com/image/upload/f_auto,q_auto/league/gjb8e69jtt1ffqf1afue",2026
3915535,00-0034856,4964,WardDe02,30974,12572,Denzel Ward,Denzel,Ward,DB,CB,CLE,21,ACT,Active,8,Ohio State,"https://static.www.nfl.com/image/upload/f_auto,q_auto/league/mmp5gacrbeeolrsgg5wm",2026
3918298,00-0034857,4984,AlleJo02,30977,12483,Josh Allen,Joshua,Allen,QB,QB,BUF,17,ACT,Active,8,Wyoming; Reedley,"https://static.www.nfl.com/image/upload/f_auto,q_auto/league/mjwbioajzldkq1vzoz2d",2026
3912547,00-0034869,4943,DarnSa00,30973,12490,Sam Darnold,Sam,Darnold,QB,QB,SEA,14,ACT,Active,8,USC,"https://static.www.nfl.com/image/upload/f_auto,q_auto/league/fyay8vruj0cqmhopufzk",2026
3915189,00-0034874,4960,SmitRo07,30978,12644,Roquan Smith,Roquan,Smith,LB,MLB,BAL,0,ACT,Active,8,Georgia,"https://static.www.nfl.com/image/upload/f_auto,q_auto/league/hfsdx9xzvyknsdm7bysy",2026
4035685,00-0034941,6173,WishMi00,31942,13816,Mitch Wishnowsky,Mitch,Wishnowsky,P,P,NE,19,DEV,Practice Squad,7,Utah; Santa Barbara,"https://static.www.nfl.com/image/upload/f_auto,q_auto/league/kjifuyh2rm6dygczcv4f",2026
,00-0034951,,,,,Fred Johnson,Fred,Johnson,OL,T,PHI,74,ACT,Active,7,Florida,"https://static.www.nfl.com/image/private/f_auto,q_auto/league/unogqelkwjhl0qwfbyu5",2026
3125107,00-0034959,6323,BeckAn01,32225,13713,Andrew Beck,Andrew,Beck,RB,FB,NYJ,47,ACT,Active,7,Texas,"https://static.www.nfl.com/image/upload/f_auto,q_auto/league/zv8xb3nfxamq7sqa1xqt",2026
3916433,00-0034960,5947,MeyeJa01,32231,13517,Jakobi Meyers,Jakobi,Meyers,WR,WR,JAX,3,ACT,Active,7,N.C. State,"https://static.www.nfl.com/image/upload/f_auto,q_auto/league/zrs4ij8mvw7wr1uujwew",2026
3139389,00-0034966,6476,RossDA03,32223,14080,D'Angelo Ross,D'Angelo,Ross,DB,CB,CLE,37,DEV,Practice Squad,7,New Mexico,"https://static.www.nfl.com/image/upload/f_auto,q_auto/league/knsvo3gypaqfo3vtnt1o",2026
4046523,00-0034967,5839,GaryRa00,31844,13651,Rashan Gary,Rashan,Gary,LB,OLB,DAL,7,ACT,Active,7,Michigan,"https://static.www.nfl.com/image/upload/f_auto,q_auto/league/ew8xw9vqpcmeily0m3fk",2026
3916655,00-0034973,5991,CrosMa00,31938,13459,Maxx Crosby,Maxx,Crosby,DL,DE,LV,98,ACT,Active,7,Eastern Michigan,"https://static.www.nfl.com/image/upload/f_auto,q_auto/league/r9gqe3lrjstj55ydljhk",2026
4046675,00-0034974,5876,LoveJu00,31940,13533,Julian Love,Julian,Love,DB,SS,SEA,20,ACT,Active,7,Notre Dame,"https://static.www.nfl.com/image/upload/f_auto,q_auto/league/l2tncxut7ssqo0ilamxq",2026
4038441,00-0034975,5995,HillJu00,31945,13427,Justice Hill,Justice,Hill,RB,RB,BAL,43,ACT,Active,7,Oklahoma State,"https://static.www.nfl.com/image/upload/f_auto,q_auto/league/fuodbrwvianete2gy5ag",2026
,00-0034978,,,,,Ben Powers,Bennett,Powers,OL,G,DEN,74,ACT,Active,7,Oklahoma; Butler County JC,"https://static.www.nfl.com/image/upload/f_auto,q_auto/league/qrbgvqkrw8ztcvtgbcqa",2026
3843945,00-0034981,5985,MoreFo00,31969,13822,Foster Moreau,Foster,Moreau,TE,TE,HOU,87,ACT,Active,7,LSU,"https://static.www.nfl.com/image/upload/f_auto,q_auto/league/daymhftrwf00siu0iviy",2026
3916903,00-0034982,6056,GreeDr00,31980,13804,Dre Greenlaw,Keaundre,Greenlaw,LB,ILB,SF,57,ACT,Active,7,Arkansas,"https://static.www.nfl.com/image/upload/f_auto,q_auto/league/jtvcc2vtczop90dkl4wd",2026
3071353,00-0034987,6218,SpeeEJ00,31996,13984,E.J. Speed,E.J.,Speed,LB,OLB,HOU,45,RES,Reserve/IR,7,Tarleton State,"https://static.www.nfl.com/image/upload/f_auto,q_auto/league/lpqe7elzi8tbt8rjzozd",2026
,00-0034989,,,,,Justin Skule,Justin,Skule,OL,T,TB,77,ACT,Active,7,Vanderbilt,"https://static.www.nfl.com/image/upload/f_auto,q_auto/league/kij3ym32lb7c7utwrs4j",2026
3139368,00-0034993,6284,EppsMa00,32023,13985,Marcus Epps,Marcus,Epps,DB,SS,PHI,29,ACT,Active,7,Wyoming,"https://static.www.nfl.com/image/upload/f_auto,q_auto/league/mlmepu3ng2uaqlo4sqhx",2026
3931424,00-0035020,6610,FlanDe00,32319,14074,Demetrius Flannigan-Fowles,Demetrius,Flannigan-Fowles,LB,ILB,BUF,50,RES,Reserve/IR,7,Arizona,"https://static.www.nfl.com/image/upload/f_auto,q_auto/league/fdscbr72gkwbdwv1z4qd",2026
4061956,00-0035021,6427,DuliAs00,32292,13854,Ashton Dulin,Ashton,Dulin,WR,WR,IND,16,ACT,Active,7,Malone,"https://static.www.nfl.com/image/upload/f_auto,q_auto/league/ux55cx0r9iwqwmfmaip6",2026
3929641,00-0035026,6005,GiveKe01,32321,13519,Kevin Givens,Kevin,Givens,DL,DT,SF,90,DEV,Practice Squad,7,Penn State,"https://static.www.nfl.com/image/upload/f_auto,q_auto/league/dpbmpsyvi88lpb4xebly",2026
3948283,00-0035039,6451,CarlSt00,32273,14131,Stephen Carlson,Stephen,Carlson,TE,TE,CHI,88,DEV,Practice Squad,7,Princeton,"https://static.www.nfl.com/image/upload/f_auto,q_auto/league/i54p7n9yfpyytifzv7rz",2026
4249030,00-0035045,6453,MontDJ01,32283,14129,D.J. Montgomery,Dewery,Montgomery,WR,WR,IND,3,RES,Reserve/IR,7,Austin Peay; Holmes County JC,"https://static.www.nfl.com/image/upload/f_auto,q_auto/league/tpo0g9pqvia4lh2noq33",2026
,00-0035062,,,,,Sam Mustipher,Samuel,Mustipher,OL,C,JAX,69,RES,Reserve/IR,7,Notre Dame,"https://static.www.nfl.com/image/upload/f_auto,q_auto/league/qk1zzlke1gkuerfe8kc4",2026
,00-0035112,,,,,Patrick Mekari,Patrick,Mekari,OL,G,JAX,65,RES,Reserve/IR,7,California,"https://static.www.nfl.com/image/upload/f_auto,q_auto/league/zexcgdqu1lea3ecum5vl",2026
4422336,00-0035118,6461,OrzeMa00,32306,14127,Matthew Orzech,Matt,Orzech,LS,LS,GB,42,ACT,Active,7,Azusa Pacific,"https://static.www.nfl.com/image/upload/f_auto,q_auto/league/kfuljmbcfkwx1quqoklv",2026
3917668,00-0035125,6109,IngoAl01,32344,13806,Alec Ingold,Alec,Ingold,RB,FB,LAC,30,ACT,Active,7,Wisconsin,"https://static.www.nfl.com/image/upload/f_auto,q_auto/league/saqgxmq3xrr68byket0r",2026
,00-0035127,,,,,Andre James,Andre,James,OL,C,TEN,61,CUT,Cut,7,UCLA,"https://static.www.nfl.com/image/upload/f_auto,q_auto/league/cliagitqwyz5snrphj2c",2026
4259493,00-0035133,6333,NixoKe00,32348,13701,Keisean Nixon,Keisean,Nixon,DB,CB,GB,25,ACT,Active,7,South Carolina,"https://static.www.nfl.com/image/upload/f_auto,q_auto/league/ousxob0dqjxxmcalq8aa",2026
4040983,00-0035144,6131,WilsMa03,31987,13609,Mack Wilson,Mack,Wilson,LB,ILB,ARI,1,ACT,Active,7,Alabama,"https://static.www.nfl.com/image/upload/f_auto,q_auto/league/zjazfilpr7k2agiwqpxn",2026
,00-0035149,,,,,Nick Allegretti,Nicholas,Allegretti,OL,G,WAS,67,ACT,Active,7,Illinois,"https://static.www.nfl.com/image/upload/f_auto,q_auto/league/vblrphfqfohxa2hycuue",2026
3916370,00-0035156,6523,FoxxJa01,32358,13715,Jack Fox,John,Fox,P,P,DET,3,ACT,Active,7,Rice,"https://static.www.nfl.com/image/upload/f_auto,q_auto/league/iwfepgslxhtx236z6faz",2026
3919117,00-0035166,6485,AlShAz00,32318,13829,Azeez Al-Shaair,Azeez,Al-Shaair,LB,MLB,HOU,0,ACT,Active,7,Florida Atlantic,"https://static.www.nfl.com/image/upload/f_auto,q_auto/league/s03mktbhybon2whnvytl",2026
3686689,00-0035190,6555,ColeAJ01,32386,14171,AJ Cole,A.J.,Cole,P,P,LV,6,ACT,Active,7,N.C. State,"https://static.www.nfl.com/image/upload/f_auto,q_auto/league/t6ah2u0wptbb8n22tehr",2026
3124084,00-0035192,6528,SlyeJo00,32384,14172,Joey Slye,Joey,Slye,K,K,TEN,6,ACT,Active,7,Virginia Tech,"https://static.www.nfl.com/image/upload/f_auto,q_auto/league/qyugyvvddildncveryob",2026
4240528,00-0035202,6348,PhilDe00,32118,14025,Del'Shawn Phillips,Del'Shawn,Phillips,LB,ILB,LAC,53,ACT,Active,7,Illinois,"https://static.www.nfl.com/image/upload/f_auto,q_auto/league/plnsixu8jpozw1grxuvc",2026
3917914,00-0035208,6271,ZaccOl01,32123,13833,Olamide Zaccheaus,Olamide,Zaccheaus,WR,WR,ATL,14,ACT,Active,7,Virginia,"https://static.www.nfl.com/image/upload/f_auto,q_auto/league/zsnzd30ysrewgufbv06y",2026
3929850,00-0035227,6419,LockPJ00,32164,14198,P.J. Locke,James,Locke,DB,SS,DAL,1,ACT,Active,7,Texas,"https://static.www.nfl.com/image/upload/f_auto,q_auto/league/fzkqg3cd4aa4sfjy4rlx",2026
3917315,00-0035228,5849,MurrKy00,31833,13613,Kyler Murray,Kyler,Murray,QB,QB,MIN,1,ACT,Active,7,Oklahoma; Texas A&M,"https://static.www.nfl.com/image/upload/f_auto,q_auto/league/btfruyf33adgnjzpcuen",2026
4036133,00-0035229,5844,HockTJ00,31840,13610,T.J. Hockenson,Thomas,Hockenson,TE,TE,MIN,87,ACT,Active,7,Iowa,"https://static.www.nfl.com/image/upload/f_auto,q_auto/league/rs8o65x0u0n9xzde0fd6",2026
4039303,00-0035230,5841,OlivEd00,31841,13653,Ed Oliver,Ed,Oliver,DL,DT,BUF,91,ACT,Active,7,Houston,"https://static.www.nfl.com/image/upload/f_auto,q_auto/league/wqmheiax6xnk7pvcdzav",2026
,00-0035234,,,,,Tytus Howard,Tytus,Howard,OL,T,CLE,71,ACT,Active,7,Alabama State,"https://static.www.nfl.com/image/upload/f_auto,q_auto/league/dsxhasekno62of0prulo",2026
,00-0035235,,,,,Kaleb McGary,Kaleb,McGary,OL,T,ATL,76,RET,Retired,7,Washington,"https://static.www.nfl.com/image/upload/f_auto,q_auto/league/qomzib0zc5muqcj4yeuh",2026
4038999,00-0035236,5864,MurpBy00,31865,13560,Byron Murphy,Byron,Murphy,DB,CB,MIN,7,ACT,Active,7,Washington,"https://static.www.nfl.com/image/upload/f_auto,q_auto/league/secfzfwznyhcgiow4rvq",2026
,00-0035237,,,,,Jawaan Taylor,Jawaan,Taylor,OL,T,ATL,71,ACT,Active,7,Florida,"https://static.www.nfl.com/image/upload/f_auto,q_auto/league/smerpaxet2i7btib2ce1",2026
3932886,00-0035239,6060,BuntSe00,31871,13648,Sean Murphy-Bunting,Sean,Murphy-Bunting,DB,CB,TB,26,DEV,Practice Squad,7,Central Michigan,"https://static.www.nfl.com/image/upload/f_auto,q_auto/league/gzvlxusjbfstklwec0ti",2026
3124587,00-0035240,6179,TavaJa00,31875,13885,Jahlani Tavai,Jahlani,Tavai,LB,MLB,JAX,32,ACT,Active,7,Hawaii,"https://static.www.nfl.com/image/upload/f_auto,q_auto/league/srlewkb9utcfby1x0bhh",2026
,00-0035242,,,,,Erik McCoy,Erik,McCoy,OL,C,NO,78,ACT,Active,7,Texas A&M,"https://static.www.nfl.com/image/upload/f_auto,q_auto/league/juyfbm43z5byljmflz6g",2026
3915282,00-0035248,5871,AlleZa01,31897,13742,Zach Allen,Zachary,Allen,DL,DE,DEN,99,ACT,Active,7,Boston College,"https://static.www.nfl.com/image/upload/f_auto,q_auto/league/ywtnmev7mxnkh1yhbrgx",2026
3921690,00-0035249,5973,OlivJo00,31901,13786,Josh Oliver,Josh,Oliver,TE,TE,MIN,84,ACT,Active,7,San Jose State,"https://static.www.nfl.com/image/upload/f_auto,q_auto/league/awdb5xedlbq0ebpptgzb",2026
4040761,00-0035250,6130,SingDe00,31906,13449,Devin Singletary,Devin,Singletary,RB,RB,NYG,26,ACT,Active,7,Florida Atlantic,"https://static.www.nfl.com/image/upload/f_auto,q_auto/league/xy2r2msxjqneml2c1cdc",2026
3115252,00-0035251,5903,GrieWi00,31932,13446,Will Grier,Will,Grier,QB,QB,CAR,14,RET,Retired,7,West Virginia; Florida State,"https://static.www.nfl.com/image/upload/f_auto,q_auto/league/c8cmoyu2wemjpl6ctk9g",2026
4034953,00-0035253,5893,GardCh00,31937,15189,C.J. Gardner-Johnson,Chauncey,Gardner-Johnson,DB,CB,BUF,22,ACT,Active,7,Florida,"https://static.www.nfl.com/image/upload/f_auto,q_auto/league/pvzkbh5j3zlna7pkywx6",2026
3894856,00-0035254,6003,NelsAn01,31939,13562,Anthony Nelson,Anthony,Nelson,LB,OLB,TB,98,ACT,Active,7,Iowa,"https://static.www.nfl.com/image/upload/f_auto,q_auto/league/b6hjuuemwgsh8q7lmadz",2026
,00-0035258,,,,,Hjalte Froholdt,Hjalte,Froholdt,OL,C,ARI,72,ACT,Active,7,Arkansas,"https://static.www.nfl.com/image/upload/f_auto,q_auto/league/ylkuycgg5mlekrd0e7uy",2026
3916148,00-0035261,5967,PollTo00,31960,13590,Tony Pollard,Tony,Pollard,RB,RB,TEN,20,ACT,Active,7,Memphis,"https://static.www.nfl.com/image/upload/f_auto,q_auto/league/mb2xdrqiys6ktlcuah2n",2026
3129310,00-0035262,6141,TranDr00,31962,13814,Drue Tranquill,Drue,Tranquill,LB,OLB,KC,23,ACT,Active,7,Notre Dame,"https://static.www.nfl.com/image/upload/f_auto,q_auto/league/l8faaklzbj7o6moxy0di",2026
3892775,00-0035264,6136,StidJa00,31965,13438,Jarrett Stidham,Jarrett,Stidham,QB,QB,DEN,8,ACT,Active,7,Auburn; McLennan CC; Baylor,"https://static.www.nfl.com/image/upload/f_auto,q_auto/league/uzdn86skeienyyqxyiuw",2026
4249087,00-0035269,6083,GayxMa00,31977,13673,Matt Gay,Matt,Gay,K,K,LV,14,ACT,Active,7,Utah; Utah Valley,"https://static.www.nfl.com/image/upload/f_auto,q_auto/league/opglxpqmhu21eydoyvg2",2026
3116175,00-0035270,5888,OruwAm00,31978,13744,Amani Oruwariye,Amani,Oruwariye,DB,CB,BAL,25,DEV,Practice Squad,7,Penn State,"https://static.www.nfl.com/image/upload/f_auto,q_auto/league/aqg1eu9fdnoqmaff8cb4",2026
3133487,00-0035272,6183,VanGAn00,31983,13887,Andrew Van Ginkel,Andrew,Van Ginkel,LB,OLB,MIN,43,ACT,Active,7,Wisconsin; Iowa Western CC; South Dakota,"https://static.www.nfl.com/image/upload/f_auto,q_auto/league/vbpdlib647tcpzz59wyt",2026
3728281,00-0035276,6217,CashBl00,31989,13846,Blake Cashman,Blake,Cashman,LB,ILB,MIN,51,ACT,Active,7,Minnesota,"https://static.www.nfl.com/image/upload/f_auto,q_auto/league/mvui8tjkoewkupyncbok",2026
3917853,00-0035277,6025,JackMi01,31990,13704,Mike Jackson,Michael,Jackson,DB,CB,CAR,2,ACT,Active,7,Miami,"https://static.www.nfl.com/image/upload/f_auto,q_auto/league/ohcl41cpchr9fjoktlj6",2026
3916922,00-0035278,6006,CowaBy00,31991,13753,Byron Cowart,Byron,Cowart,DL,DT,WAS,55,DEV,Practice Squad,7,Maryland; Auburn,"https://static.www.nfl.com/image/upload/f_auto,q_auto/league/ai1vyv5bf08robtaxwet",2026
3929865,00-0035279,5934,OmenCh00,31993,13791,Charles Omenihu,Charles,Omenihu,DL,DE,WAS,90,ACT,Active,7,Texas,"https://static.www.nfl.com/image/upload/f_auto,q_auto/league/epsvk3cdkn7m24ak0wsy",2026
3931395,00-0035280,6093,BailJa00,31995,13817,Jake Bailey,Jacob,Bailey,P,P,ATL,16,ACT,Active,7,Stanford,"https://static.www.nfl.com/image/upload/f_auto,q_auto/league/loghcplmv69wosiqlopr",2026
3120590,00-0035282,6185,SticEa00,31998,13627,Easton Stick,Easton,Stick,QB,QB,TB,16,DEV,Practice Squad,7,North Dakota State,"https://static.www.nfl.com/image/upload/f_auto,q_auto/league/rspxeh6kxzfr7ftkcywh",2026
3116689,00-0035286,6220,HolcCo00,32005,13700,Cole Holcomb,Cole,Holcomb,LB,ILB,PIT,55,ACT,Active,7,North Carolina,"https://static.www.nfl.com/image/upload/f_auto,q_auto/league/tze6n0gu18n71jassqte",2026
4038524,00-0035289,6011,MinsGa00,32010,13741,Gardner Minshew,Gardner,Minshew,QB,QB,ARI,15,ACT,Active,7,Washington State,"https://static.www.nfl.com/image/upload/f_auto,q_auto/league/knlacyr7rqfkcxiriudj",2026
3914397,00-0035298,6290,MillSc01,32040,13987,Scott Miller,Scott,Miller,WR,WR,CHI,82,DEV,Practice Squad,7,Bowling Green,"https://static.www.nfl.com/image/upload/f_auto,q_auto/league/mlx2xhjvzt6pqwgoloqa",2026
3124890,00-0035316,6302,ElliKa00,32076,13953,Kaden Elliss,Kaden,Elliss,LB,ILB,NO,55,ACT,Active,7,Idaho,"https://static.www.nfl.com/image/upload/f_auto,q_auto/league/lndj0awmhdulawkcjgua",2026
,00-0035317,,,,,Joshua Miles,Joshua,Miles,OL,T,LV,77,RET,Retired,7,Morgan State,"https://static.www.nfl.com/image/upload/f_auto,q_auto/league/ykzlb5vdb8erowhjhelw",2026
3138744,00-0035345,6529,MyarCh00,32442,14282,Chris Myarick,Chris,Myarick,TE,TE,LV,41,DEV,Practice Squad,7,Temple,"https://static.www.nfl.com/image/upload/f_auto,q_auto/league/zyedrh1lvylrutfof4ld",2026
4035232,00-0035352,6315,DodsTy01,32411,13512,Tyrel Dodson,Tyrel,Dodson,LB,MLB,CAR,33,DEV,Practice Squad,7,Texas A&M,"https://static.www.nfl.com/image/upload/f_auto,q_auto/league/ssfyc6yarlegh112xeoa",2026
,00-0035355,,,,,Blake Hance,Blake,Hance,OL,G,LA,72,DEV,Practice Squad,7,Northwestern,"https://static.www.nfl.com/image/upload/f_auto,q_auto/league/hdxdmuvnrlz3tykblysu",2026
3916577,00-0035357,6314,LewiCa00,32416,14253,Cam Lewis,Cameron,Lewis,DB,FS,CHI,21,ACT,Active,7,Buffalo,"https://static.www.nfl.com/image/upload/f_auto,q_auto/league/daximpzohtbyuaxvak82",2026
3150744,00-0035358,6650,McLaCh00,32417,14254,Chase McLaughlin,Chase,McLaughlin,K,K,TB,4,ACT,Active,7,Illinois,"https://static.www.nfl.com/image/upload/f_auto,q_auto/league/enkzsuyzk232mbq5oe4w",2026
3871102,00-0035359,6154,SillDa01,32418,13634,David Sills,David,Sills,WR,WR,TB,80,RES,Reserve/IR,7,West Virginia,"https://static.www.nfl.com/image/upload/f_auto,q_auto/league/g0jd9yaq2yhw05ktamlh",2026
3917797,00-0035363,6105,GileJo01,32091,13492,Joe Giles-Harris,Joe,Giles-Harris,LB,ILB,CIN,43,DEV,Practice Squad,7,Duke,"https://static.www.nfl.com/image/upload/f_auto,q_auto/league/y9vh7yn88tehcffsx90f",2026
3918331,00-0035378,6416,WingAn01,32105,13768,Andrew Wingard,Andrew,Wingard,DB,FS,ARI,28,ACT,Active,7,Wyoming,"https://static.www.nfl.com/image/upload/f_auto,q_auto/league/lueoe3vqsknnvax0gnmf",2026
3121544,00-0035386,5960,EdwaTJ02,32403,13460,T.J. Edwards,T.J.,Edwards,LB,OLB,CHI,53,ACT,Active,7,Wisconsin,"https://static.www.nfl.com/image/upload/f_auto,q_auto/league/tqu3uz4nzkcq4crcepj3",2026
3918310,00-0035402,5912,GranCa01,32490,13784,Carl Granderson,Carl,Granderson,LB,OLB,NO,96,ACT,Active,7,Wyoming,"https://static.www.nfl.com/image/upload/f_auto,q_auto/league/bhudfgndbvogastdhvb7",2026
4039057,00-0035406,5938,HumpLi01,32494,13565,Lil'Jordan Humphrey,Lil'Jordan,Humphrey,WR,WR,DEN,5,ACT,Active,7,Texas,"https://static.www.nfl.com/image/upload/f_auto,q_auto/league/otxrvkflhixz9akhmfqq",2026
,00-0035408,,,,,Nick Moore,Nick,Moore,LS,LS,BAL,46,ACT,Active,7,Georgia,"https://static.www.nfl.com/image/upload/f_auto,q_auto/league/jq66k7xnacmthlcx6kqx",2026
3886601,00-0035409,6627,TuttSh00,32497,14286,Shy Tuttle,Shyheim,Tuttle,DL,DT,WAS,96,ACT,Active,7,Tennessee,"https://static.www.nfl.com/image/upload/f_auto,q_auto/league/lcio402os2qzxmchbvvw",2026
3116097,00-0035413,6612,GiffLu00,32205,14068,Luke Gifford,Luke,Gifford,LB,MLB,SF,51,ACT,Active,7,Nebraska,"https://static.www.nfl.com/image/upload/f_auto,q_auto/league/w1bg0aqsnbulotbxfstd",2026
4037235,00-0035500,5970,DortGr01,32523,13469,Greg Dortch,Greg,Dortch,WR,WR,BUF,19,DEV,Practice Squad,7,Wake Forest,"https://static.www.nfl.com/image/upload/f_auto,q_auto/league/pylafoddjiqh4rhjlhpf",2026
4036261,00-0035525,5843,BushDe01,31842,13461,Devin Bush,Devin,Bush,LB,MLB,CHI,12,ACT,Active,7,Michigan,"https://static.www.nfl.com/image/upload/f_auto,q_auto/league/yn9buon12abtkbrm9cqm",2026
,00-0035526,,,,,Elgton Jenkins,Elgton,Jenkins,OL,C,CLE,74,ACT,Active,7,Mississippi State,"https://static.www.nfl.com/image/upload/f_auto,q_auto/league/am4um8hjfero03sgxrgn",2026
3916945,00-0035535,6149,SlayDa01,32003,13522,Darius Slayton,Darius,Slayton,WR,WR,NYG,18,ACT,Active,7,Auburn,"https://static.www.nfl.com/image/upload/f_auto,q_auto/league/otksyfjll5waf0vsczeu",2026
3915411,00-0035537,6039,JohnTy02,32018,13587,Ty Johnson,Ty,Johnson,RB,RB,BUF,26,ACT,Active,7,Maryland,"https://static.www.nfl.com/image/upload/f_auto,q_auto/league/zruhihypizhtgpvsaj3c",2026
3126997,00-0035544,6588,KennTo01,32561,14246,Tom Kennedy,Thomas,Kennedy,WR,WR,DET,85,DEV,Practice Squad,7,Bryant,"https://static.www.nfl.com/image/upload/f_auto,q_auto/league/cbpuzvde5zqalmkjo0dv",2026
4421446,00-0035567,6659,ReynCr00,32596,13960,Craig Reynolds,Craig,Reynolds,RB,RB,WAS,24,DEV,Practice Squad,7,Kutztown,"https://static.www.nfl.com/image/upload/f_auto,q_auto/league/f5zuttg3hinfqgronrsg",2026
,00-0035588,,,,,Garrett Bradbury,Garrett,Bradbury,OL,C,CHI,67,ACT,Active,7,N.C. State,"https://static.www.nfl.com/image/upload/f_auto,q_auto/league/lpe4jgum1im7luvecrc4",2026
3916071,00-0035589,6045,JennGa00,31952,13635,Gary Jennings,Gary,Jennings,WR,WR,LAC,87,DEV,Practice Squad,7,West Virginia,"https://static.www.nfl.com/image/private/f_auto,q_auto/league/kfmi1ueidfxfixmaggov",2026
4037457,00-0035594,6012,HomeTr00,32036,13484,Travis Homer,Travis,Homer,RB,RB,PIT,21,DEV,Practice Squad,7,Miami,"https://static.www.nfl.com/image/upload/f_auto,q_auto/league/dyyclvfaagspov2ydf3i",2026
3919510,00-0035602,6386,BachAl00,32124,13911,Alex Bachman,Alex,Bachman,WR,WR,LA,11,DEV,Practice Squad,7,Wake Forest,"https://static.www.nfl.com/image/upload/f_auto,q_auto/league/xebxem8tzjm0yyygaklg",2026
3116177,00-0035617,6353,ReedTr01,32135,14013,Troy Reeder,Troy,Reeder,LB,MLB,NYJ,51,DEV,Practice Squad,7,Delaware,"https://static.www.nfl.com/image/upload/f_auto,q_auto/league/laiuwnorvmneuwvav61k",2026
,00-0035630,,,,,Chris Lindstrom,Christopher,Lindstrom,OL,G,ATL,63,ACT,Active,7,Boston College,"https://static.www.nfl.com/image/upload/f_auto,q_auto/league/ej9vnjijinovikapg3nz",2026
3127310,00-0035631,6001,SampDr00,31884,13809,Drew Sample,Drew,Sample,TE,TE,CIN,89,ACT,Active,7,Washington,"https://static.www.nfl.com/image/upload/f_auto,q_auto/league/mmxrr2k7gdfowqpyxtr7",2026
4036134,00-0035632,5908,HookAm00,31948,13550,Amani Hooker,Amani,Hooker,DB,FS,TEN,37,ACT,Active,7,Iowa,"https://static.www.nfl.com/image/upload/f_auto,q_auto/league/h2jriwibpvmgdc33zsjc",2026
3116449,00-0035636,5861,CollLJ00,31861,13751,L.J. Collier,Lawrence,Collier,DL,DE,ARI,91,ACT,Active,7,TCU,"https://static.www.nfl.com/image/private/f_auto,q_auto/league/i39nt3smr30rgznvlal3",2026
3910229,00-0035637,6128,Ya-SRo00,31866,13474,Rock Ya-Sin,Abdurrahman,Ya-Sin,DB,CB,DET,23,ACT,Active,7,Temple,"https://static.www.nfl.com/image/upload/f_auto,q_auto/league/llibqv3euvevt5m4ftnj",2026
3121410,00-0035639,5880,CampPa00,31891,13525,Parris Campbell,Parris,Campbell,WR,WR,DAL,11,RET,Retired,7,Ohio State,"https://static.www.nfl.com/image/upload/f_auto,q_auto/league/pmb3ypquiy5a2qzzmio4",2026
4047650,00-0035640,5846,MetcDK00,31896,13424,DK Metcalf,DeKaylin,Metcalf,WR,WR,PIT,4,ACT,Active,7,Mississippi,"https://static.www.nfl.com/image/upload/f_auto,q_auto/league/kxql4sjfelubhxawu2zh",2026
3915239,00-0035642,5840,AlleJo03,31839,13642,Josh Hines-Allen,Joshua,Hines-Allen,DL,DE,JAX,41,ACT,Active,7,Kentucky,"https://static.www.nfl.com/image/upload/f_auto,q_auto/league/q8vaxyizpzrlwlhsthvl",2026
4035369,00-0035643,6125,SimmJe01,31851,13465,Jeffery Simmons,Jeffery,Simmons,DL,DT,TEN,98,ACT,Active,7,Mississippi State,"https://static.www.nfl.com/image/upload/f_auto,q_auto/league/lt545qfibz7n9jlqyqov",2026
4036131,00-0035644,5857,FantNo00,31852,13426,Noah Fant,Noah,Fant,TE,TE,NO,87,ACT,Active,7,Iowa,"https://static.www.nfl.com/image/upload/f_auto,q_auto/league/lijnonbrcmplvkcb5kqv",2026
4424106,00-0035645,6699,OlszGu00,32612,14318,Gunner Olszewski,Kaleb,Olszewski,WR,WR,NYG,80,RES,Reserve/IR,7,Bemidji State University,"https://static.www.nfl.com/image/upload/f_auto,q_auto/league/q6fs5e2eotgeh47xeo74",2026
3134690,00-0035647,6124,SweaMo00,31858,13745,Montez Sweat,Montez,Sweat,DL,DE,CHI,98,ACT,Active,7,Mississippi State; Copiah-Lincoln Junior College; Michigan State,"https://static.www.nfl.com/image/upload/f_auto,q_auto/league/lmaq9dyixaolzxleqb5e",2026
3121422,00-0035659,5927,McLaTe00,31908,13536,Terry McLaurin,Terry,McLaurin,WR,WR,WAS,17,ACT,Active,7,Ohio State,"https://static.www.nfl.com/image/upload/f_auto,q_auto/league/tmfl2zruajmkrtcg4zxp",2026
4241372,00-0035662,5848,BrowMa04,31857,13502,Marquise Brown,Marquise,Brown,WR,WR,PHI,0,ACT,Active,7,Oklahoma; College of the Canyons,"https://static.www.nfl.com/image/upload/f_auto,q_auto/league/shkjxggufymydgp6wk3p",2026
4046536,00-0035665,5914,LongDa02,31911,13508,David Long,David,Long,DB,CB,NO,45,RES,Reserve/IR,7,Michigan,"https://static.www.nfl.com/image/upload/f_auto,q_auto/league/rwpmkpja2y5nhokh5utb",2026
3127294,00-0035667,5981,GainGr00,31966,13802,Greg Gaines,Greg,Gaines,DL,NT,BUF,97,ACT,Active,7,Washington,"https://static.www.nfl.com/image/upload/f_auto,q_auto/league/zo3aqstf8ng4tju17tid",2026
,00-0035668,,,,,David Edwards,David,Edwards,OL,G,NO,76,ACT,Active,7,Wisconsin,"https://static.www.nfl.com/image/upload/f_auto,q_auto/league/cebriv15rawbtf7iulqy",2026
3116179,00-0035669,6301,ScotNi01,32075,13958,Nick Scott,Nicholas,Scott,DB,FS,CAR,21,ACT,Active,7,Penn State,"https://static.www.nfl.com/image/upload/f_auto,q_auto/league/rxmve4vvejz6looxumrw",2026
3926229,00-0035672,6065,BartCo00,31920,13733,Cody Barton,Cody,Barton,LB,MLB,TEN,50,ACT,Active,7,Utah,"https://static.www.nfl.com/image/upload/f_auto,q_auto/league/gdsui5swyoiuqadewwob",2026
3863182,00-0035674,6129,TillJe00,31860,13757,Jerry Tillery,Jerry,Tillery,DL,DT,IND,94,ACT,Active,7,Notre Dame,"https://static.www.nfl.com/image/upload/f_auto,q_auto/league/cyu9a5fqoidiujclm8dy",2026
4047646,00-0035676,5859,BrowAJ00,31883,13432,A.J. Brown,Arthur,Brown,WR,WR,NE,1,ACT,Active,7,Mississippi,"https://static.www.nfl.com/image/upload/f_auto,q_auto/league/qfhvjyssf0lwsh0kienp",2026
3915525,00-0035678,5865,JoneDr00,31903,13451,Dre'Mont Jones,Dre'Mont,Jones,LB,OLB,NE,5,ACT,Active,7,Ohio State,"https://static.www.nfl.com/image/upload/f_auto,q_auto/league/srvoexno6ilcwzm11vgv",2026
,00-0035679,,,,,Connor McGovern,Connor,McGovern,OL,C,BUF,66,ACT,Active,7,Penn State,"https://static.www.nfl.com/image/upload/f_auto,q_auto/league/xftajwhzgoys4s0lcfg3",2026
3110565,00-0035680,6214,WillQu01,31930,13982,Quincy Williams,Quincy,Williams,LB,OLB,CLE,5,ACT,Active,7,Murray State,"https://static.www.nfl.com/image/upload/f_auto,q_auto/league/ukxxxlah4iappss0ro9e",2026
4035483,00-0035683,5847,LawrDe03,31849,13568,Dexter Lawrence,Dexter,Lawrence,DL,NT,CIN,97,ACT,Active,7,Clemson,"https://static.www.nfl.com/image/upload/f_auto,q_auto/league/nhk41gu7prupza1wda8v",2026
4035538,00-0035685,5892,MontDa01,31905,13556,David Montgomery,David,Montgomery,RB,RB,HOU,32,ACT,Active,7,Iowa State,"https://static.www.nfl.com/image/upload/f_auto,q_auto/league/csz0c9roa4pqsccothxg",2026
,00-0035686,,,,,Michael Deiter,Michael,Deiter,OL,C,DEN,67,RES,Reserve/IR,7,Wisconsin,"https://static.www.nfl.com/image/upload/f_auto,q_auto/league/lzops7z8etdwzembbdws",2026
3117253,00-0035687,5944,OkerBo00,31921,13782,Bobby Okereke,Robert,Okereke,LB,ILB,CAR,58,ACT,Active,7,Stanford,"https://static.www.nfl.com/image/upload/f_auto,q_auto/league/q5gc9nwmikqcyza7m3ku",2026
,00-0035688,,,,,Trey Pipkins,Trey,Pipkins,OL,T,LAC,79,ACT,Active,7,Sioux Falls,"https://static.www.nfl.com/image/upload/f_auto,q_auto/league/nhze2mywnxrcmwyck0x4",2026
3930086,00-0035689,5906,KnoxDa00,31928,13466,Dawson Knox,Dawson,Knox,TE,TE,BUF,88,ACT,Active,7,Mississippi,"https://static.www.nfl.com/image/upload/f_auto,q_auto/league/k8bi9ppahwfmoxs8ij4w",2026
3728258,00-0035692,5842,FerrCl00,31836,13649,Clelin Ferrell,Clelin,Ferrell,DL,DE,MIA,98,DEV,Practice Squad,7,Clemson,"https://static.www.nfl.com/image/upload/f_auto,q_auto/league/rit24n5qbvlrxdv6w9fq",2026
3873935,00-0035699,5946,DeanJa00,31926,13483,Jamel Dean,Jamel,Dean,DB,CB,PIT,35,ACT,Active,7,Auburn; Ohio State,"https://static.www.nfl.com/image/upload/f_auto,q_auto/league/i14xz1t5kffhey7aas39",2026
4047365,00-0035700,5850,JacoJo01,31856,13582,Josh Jacobs,Joshua,Jacobs,RB,RB,GB,8,EXE,EXE,7,Alabama,"https://static.www.nfl.com/image/upload/f_auto,q_auto/league/uceokxeo0uqrqms3e3vl",2026
,00-0035702,,,,,Dalton Risner,Dalton,Risner,OL,G,CIN,66,ACT,Active,7,Kansas State,"https://static.www.nfl.com/image/upload/f_auto,q_auto/league/egrb3digghpyj13effdb",2026
3924327,00-0035704,5854,LockDr00,31874,13736,Drew Lock,Drew,Lock,QB,QB,SEA,2,ACT,Active,7,Missouri,"https://static.www.nfl.com/image/upload/f_auto,q_auto/league/vdixnkk1uglfpwowalf8",2026
4043089,00-0035705,6711,ThomJa04,32623,14330,Jalen Thompson,Jalen,Thompson,DB,FS,DAL,34,ACT,Active,7,Washington State,"https://static.www.nfl.com/image/upload/f_auto,q_auto/league/dlsbnnvfzsmnqh3c05ah",2026
4035434,00-0035707,6119,WhitDe02,31837,13611,Devin White,Devin,White,LB,OLB,DET,45,ACT,Active,7,LSU,"https://static.www.nfl.com/image/upload/f_auto,q_auto/league/oqv87a7jn67zgnlplnbp",2026
3917792,00-0035710,5870,JoneDa05,31838,13491,Daniel Jones,Daniel,Jones,QB,QB,IND,17,ACT,Active,7,Duke,"https://static.www.nfl.com/image/upload/f_auto,q_auto/league/ohvvctuykzwrpqer7xgl",2026
4035631,00-0035713,5862,BurnBr00,31848,13439,Brian Burns,Brian,Burns,LB,OLB,NYG,0,ACT,Active,7,Florida State,"https://static.www.nfl.com/image/upload/f_auto,q_auto/league/glmrmpqkmsc0jiyicmlg",2026
4040605,00-0035717,5816,BosaNi00,31834,13421,Nick Bosa,Nicholas,Bosa,DL,DE,SF,97,ACT,Active,7,Ohio State,"https://static.www.nfl.com/image/upload/f_auto,q_auto/league/c7grjmvod7lnrfz4ordx",2026
4040982,00-0035718,6118,WillQu00,31835,13584,Quinnen Williams,Quinnen,Williams,DL,DT,DAL,92,ACT,Active,7,Alabama,"https://static.www.nfl.com/image/upload/f_auto,q_auto/league/lijqxjhytjakehnusgmn",2026
3126486,00-0035719,5872,SamuDe00,31868,13429,Deebo Samuel Sr.,Tyshun,Samuel,WR,WR,SF,19,ACT,Active,7,South Carolina,"https://static.www.nfl.com/image/upload/f_auto,q_auto/league/ntgyhqg6hq7fanhhsqiw",2026
,00-0035743,,,,,Brett Toth,Brett,Toth,OL,G,SF,78,RES,Reserve/IR,7,Army,"https://static.www.nfl.com/image/upload/f_auto,q_auto/league/yre7lmnvlmd2mj9sijiu",2026
4039064,00-0035763,7018,RoacMa01,33118,14726,Malcolm Roach,Malcolm,Roach,DL,DT,DEN,97,ACT,Active,6,Texas,"https://static.www.nfl.com/image/upload/f_auto,q_auto/league/oxcd8veodm7hkiualglu",2026
,00-0035764,,,,,Calvin Throckmorton,Calvin,Throckmorton,OL,G,DEN,76,DEV,Practice Squad,6,Oregon,"https://static.www.nfl.com/image/upload/f_auto,q_auto/league/kedhkx9pv44qnun84zmg",2026
4259252,00-0035795,7419,PierJa01,32939,14439,James Pierre,James,Pierre,DB,CB,MIN,23,ACT,Active,6,Florida Atlantic,"https://static.www.nfl.com/image/upload/f_auto,q_auto/league/ejlisynlop21gglz3zbh",2026
3125280,00-0035821,7215,WaitCo00,32942,15012,Corliss Waitman,Corliss,Waitman,P,P,SF,7,ACT,Active,6,South Alabama,"https://static.www.nfl.com/image/upload/f_auto,q_auto/league/tob4qaxxwhpmnalutnk8",2026
,00-0035827,,,,,Ross Matiscik,Ross,Matiscik,LS,LS,JAX,46,ACT,Active,6,Baylor,"https://static.www.nfl.com/image/upload/f_auto,q_auto/league/xpeopg39g2uqbfu71hai",2026
,00-0035829,,,,,Austen Pleasants,Austen,Pleasants,OL,T,SF,62,RES,Reserve/IR,6,Ohio,"https://static.www.nfl.com/image/upload/f_auto,q_auto/league/smhaysadli3ersrjufft",2026
4034530,00-0035857,7283,WillCh08,33220,15025,Chris Williams,Christopher,Williams,DL,DT,CLE,61,DEV,Practice Squad,6,Wagner,"https://static.www.nfl.com/image/upload/f_auto,q_auto/league/vznnciqhfciaxujb2a8i",2026
4045180,00-0035859,7467,GillBl00,33112,14868,Blake Gillikin,Blake,Gillikin,P,P,ARI,12,ACT,Active,6,Penn State,"https://static.www.nfl.com/image/upload/f_auto,q_auto/league/pgasxtghfviimlj55tn0",2026
3915398,00-0035889,7307,TownTo01,32960,14574,Tommy Townsend,Tommy,Townsend,P,P,TEN,3,ACT,Active,6,Florida,"https://static.www.nfl.com/image/upload/f_auto,q_auto/league/zwolwrghzfucwck0bwld",2026
4058925,00-0035890,7301,WharTe00,32952,15077,Tershawn Wharton,Tershawn,Wharton,DL,DT,CAR,98,RES,Reserve/IR,6,Missouri-Rolla,"https://static.www.nfl.com/image/upload/f_auto,q_auto/league/mj9xqaj2jvv5unjgxomd",2026
4241983,00-0035891,7039,,32948,14495,Cody White,Cody,White,WR,WR,LV,82,DEV,Practice Squad,6,Michigan State,"https://static.www.nfl.com/image/upload/f_auto,q_auto/league/qaxlehtrp722qleo48sc",2026
4036507,00-0035895,7014,BachJo01,33108,14735,Joe Bachie,Joe,Bachie,LB,OLB,DET,35,DEV,Practice Squad,6,Michigan State,"https://static.www.nfl.com/image/upload/f_auto,q_auto/league/xnf2vrbsglhet5fkcb9i",2026
4036959,00-0035900,7329,ChriCo00,32977,15080,Cole Christiansen,Cole,Christiansen,LB,OLB,KC,48,DEV,Practice Squad,6,Army,"https://static.www.nfl.com/image/upload/f_auto,q_auto/league/x74ojmotlufzvz8jmetl",2026
4039274,00-0035924,7087,WardJo00,33088,15106,Jonathan Ward,Jonathan,Ward,RB,RB,BAL,35,DEV,Practice Squad,6,Central Michigan,"https://static.www.nfl.com/image/upload/f_auto,q_auto/league/yct3a4xznwcxjvn4iosk",2026
4033234,00-0035933,7342,HoecMi00,33252,15087,Michael Hoecht,Michael,Hoecht,LB,OLB,BUF,55,ACT,Active,6,Brown,"https://static.www.nfl.com/image/upload/f_auto,q_auto/league/jc7u6udenysloew1b4sx",2026
3909013,00-0035942,7346,RozeCh00,33261,15090,Christian Rozeboom,Christian,Rozeboom,LB,ILB,TB,52,ACT,Active,6,South Dakota State,"https://static.www.nfl.com/image/upload/f_auto,q_auto/league/zuetviyilmxazi5dhts2",2026
,00-0035992,,,,,Trystan Colon,Trystan,Colon,OL,G,JAX,69,RET,Retired,6,Missouri,"https://static.www.nfl.com/image/upload/f_auto,q_auto/league/qbh3ipmfn5vfxd8a3cis",2026
4035671,00-0035993,7083,HuntTy01,32993,14563,Tyler Huntley,Tyler,Huntley,QB,QB,BAL,5,ACT,Active,6,Utah,"https://static.www.nfl.com/image/upload/f_auto,q_auto/league/fxyjf9d5qkwqjdd8ypvv",2026
,00-0035997,,,,,Julian Good-Jones,Julian,Good-Jones,OL,G,WAS,61,DEV,Practice Squad,6,Iowa State,"https://static.www.nfl.com/image/upload/f_auto,q_auto/league/cqjdjlrofv0yr0azp0to",2026
4243315,00-0036020,6918,AhmeSa01,33265,14453,Salvon Ahmed,Salvon,Ahmed,RB,RB,CHI,36,DEV,Practice Squad,6,Washington,"https://static.www.nfl.com/image/upload/f_auto,q_auto/league/nbqkon8x1bkphihywnkw",2026
,00-0036036,,,,,Terence Steele,Terence,Steele,OL,T,DAL,78,ACT,Active,6,Texas Tech,"https://static.www.nfl.com/image/upload/f_auto,q_auto/league/ezmoh6joqsserp3ogcqc",2026
4044133,00-0036037,7224,FranSa00,33137,14931,Sam Franklin Jr.,Sam,Franklin,DB,FS,BUF,28,ACT,Active,6,Temple,"https://static.www.nfl.com/image/upload/f_auto,q_auto/league/djoisg0rjwm8t8dlskvn",2026
3929645,00-0036040,7002,JohnJu02,33113,14630,Juwan Johnson,Juwan,Johnson,TE,TE,NO,83,ACT,Active,6,Oregon; Penn State,"https://static.www.nfl.com/image/upload/f_auto,q_auto/league/ahzqkvhjot6lygwr4ccb",2026
4034496,00-0036045,7451,GillCa00,33272,14917,Cam Gill,Cameron,Gill,LB,OLB,CAR,49,DEV,Practice Squad,6,Wagner,"https://static.www.nfl.com/image/upload/f_auto,q_auto/league/wxadtc7jcfyso4qdbeni",2026
3915837,00-0036081,7122,WashBr01,32840,14720,Broderick Washington,Broderick,Washington,DL,DE,BAL,96,ACT,Active,6,Texas Tech,"https://static.www.nfl.com/image/upload/f_auto,q_auto/league/p5tkzkh6v2hda70lwojk",2026
,00-0036082,,,,,Liam McCullough,Liam,McCullough,LS,LS,ATL,49,ACT,Active,6,Ohio State,"https://static.www.nfl.com/image/upload/f_auto,q_auto/league/pwnde23o1r6jmi0kvwqk",2026
4039010,00-0036087,6946,BryaMy01,33319,14703,Myles Bryant,Myles,Bryant,DB,CB,CLE,27,DEV,Practice Squad,6,Washington,"https://static.www.nfl.com/image/upload/f_auto,q_auto/league/mslszzwcbmt6hafvvu7r",2026
,00-0036093,,,,,Bill Murray,Bill,Murray,OL,G,LA,66,ACT,Active,6,William & Mary,"https://static.www.nfl.com/image/upload/f_auto,q_auto/league/datzakc4oxdjzm07464n",2026
,00-0036105,,,,,Nick Leverett,Nick,Leverett,OL,C,DAL,51,DEV,Practice Squad,6,Rice; North Carolina Central,"https://static.www.nfl.com/image/upload/f_auto,q_auto/league/p9zmjyfrrp61aj3i7lbj",2026
4038437,00-0036114,6876,GreeAJ00,33306,14716,A.J. Green,Alvin,Green,DB,CB,MIA,24,CUT,Cut,6,Oklahoma State,"https://static.www.nfl.com/image/upload/f_auto,q_auto/league/rnqbv20uhrx6lstzvmq7",2026
4027919,00-0036124,7200,DorsKh00,33012,15137,Khalil Dorsey,Khalil,Dorsey,DB,CB,DET,30,ACT,Active,6,Northern Arizona,"https://static.www.nfl.com/image/upload/f_auto,q_auto/league/fuzzcdksr4hobrl1rdhv",2026
4035245,00-0036130,6818,MaduJu00,32741,14380,Nnamdi Madubuike,Nnamdi,Madubuike,DL,DT,BAL,92,ACT,Active,6,Texas A&M,"https://static.www.nfl.com/image/upload/f_auto,q_auto/league/zvqf4b2ks5pwfkzynt5d",2026
,00-0036132,,,,,Ben Bredeson,Ben,Bredeson,OL,G,TB,68,ACT,Active,6,Michigan,"https://static.www.nfl.com/image/upload/f_auto,q_auto/league/nkygbtdxvxhluyjumvxu",2026
4038815,00-0036139,7021,DowdRi01,33100,14657,Rico Dowdle,Rico,Dowdle,RB,RB,PIT,13,ACT,Active,6,South Carolina,"https://static.www.nfl.com/image/upload/f_auto,q_auto/league/mx2bxccuzmdvzbksypws",2026
4036153,00-0036157,7197,WelcKr00,33005,15141,Kristian Welch,Kristian,Welch,LB,ILB,GB,54,DEV,Practice Squad,6,Iowa,"https://static.www.nfl.com/image/upload/f_auto,q_auto/league/iqibbhzklifflirfqvoq",2026
4241985,00-0036158,6806,DobbJK00,32725,14418,J.K. Dobbins,Jkaylin,Dobbins,RB,RB,DEN,27,ACT,Active,6,Ohio State,"https://static.www.nfl.com/image/upload/f_auto,q_auto/league/cevotvl3ho5h1mioruyg",2026
4046528,00-0036159,6921,UcheJo00,32730,14477,Joshua Uche,Joshua,Uche,LB,OLB,MIA,9,ACT,Active,6,Michigan,"https://static.www.nfl.com/image/upload/f_auto,q_auto/league/dtuiphmwezecyapeyefe",2026
3917232,00-0036162,7042,BassTy00,32858,14609,Tyler Bass,Tyler,Bass,K,K,BUF,16,ACT,Active,6,Georgia Southern,"https://static.www.nfl.com/image/upload/f_auto,q_auto/league/rwidgp7jp8vxhssi7und",2026
3895791,00-0036166,6969,JackDa02,32909,14549,Dane Jackson,Dane,Jackson,DB,CB,JAX,38,RET,Retired,6,Pittsburgh,"https://static.www.nfl.com/image/upload/f_auto,q_auto/league/pd5hj8idoykjrnwurduz",2026
,00-0036171,,,,,Aaron Brewer,Aaron,Brewer,OL,C,MIA,55,ACT,Active,6,Texas State-San Marcos,"https://static.www.nfl.com/image/upload/f_auto,q_auto/league/hg1utha1cygi0y3r45od",2026
4374269,00-0036181,7443,TartTe00,33347,14985,Teair Tart,Teair,Tart,DL,DT,LAC,93,ACT,Active,6,Florida International,"https://static.www.nfl.com/image/upload/f_auto,q_auto/league/jwqcxtrsle2q9edshwsx",2026
3929785,00-0036182,7496,WestNi00,33348,14750,Nick Westbrook-Ikhine,Nicholas,Westbrook-Ikhine,WR,WR,IND,12,DEV,Practice Squad,6,Indiana,"https://static.www.nfl.com/image/upload/f_auto,q_auto/league/cyczwxlgfksrmurbb1ez",2026
4039505,00-0036187,7204,GillRe00,33357,14844,Reggie Gilliam,Reggie,Gilliam,RB,FB,NE,44,ACT,Active,6,Toledo,"https://static.www.nfl.com/image/upload/f_auto,q_auto/league/jjntivnnkczvlclkiwwm",2026
4240585,00-0036192,6802,EpenAJ00,32724,14501,A.J. Epenesa,Andrew,Epenesa,DL,DE,PHI,57,ACT,Active,6,Iowa,"https://static.www.nfl.com/image/upload/f_auto,q_auto/league/hprr0vl8ruh0veetztij",2026
3925350,00-0036193,6848,JennAn00,32757,14742,Anfernee Jennings,Anfernee,Jennings,LB,OLB,NO,33,ACT,Active,6,Alabama,"https://static.www.nfl.com/image/upload/f_auto,q_auto/league/zgnsugvthxpb48ulv89u",2026
,00-0036198,,,,,Mike Onwenu,Michael,Onwenu,OL,G,NE,71,ACT,Active,6,Michigan,"https://static.www.nfl.com/image/upload/f_auto,q_auto/league/rysmeqmb2gtomqgl8jnb",2026
4240575,00-0036199,6923,StonGe00,32889,14474,Geno Stone,Geno,Stone,DB,FS,BUF,25,DEV,Practice Squad,6,Iowa,"https://static.www.nfl.com/image/upload/f_auto,q_auto/league/sgf49brnj161yst22imt",2026
4376288,00-0036204,7231,LondLa00,33175,15052,LaCale London,Lacale,London,DL,DT,ATL,94,ACT,Active,6,Western Illinois,"https://static.www.nfl.com/image/upload/f_auto,q_auto/league/lnztywmpyzddwtm0tymo",2026
4241479,00-0036212,6768,TagoTu00,32675,14465,Tua Tagovailoa,Tua,Tagovailoa,QB,QB,ATL,1,ACT,Active,6,Alabama,"https://static.www.nfl.com/image/upload/f_auto,q_auto/league/tmm4ohds7qci0vqoobhm",2026
,00-0036215,,,,,Danny Pinter,Daniel,Pinter,OL,C,BAL,63,RES,Reserve/IR,6,Ball State,"https://static.www.nfl.com/image/upload/f_auto,q_auto/league/oeo9gt4ytdtwhu5hvvu8",2026
4035495,00-0036220,6784,BrowDe05,32677,13852,Derrick Brown,Derrick,Brown,DL,DE,CAR,95,ACT,Active,6,Auburn,"https://static.www.nfl.com/image/upload/f_auto,q_auto/league/xgaxvkpcxh41dyttf3sb",2026
4039059,00-0036221,6911,JoneBr06,32740,14696,Brandon Jones,Brandon,Jones,DB,FS,DEN,22,ACT,Active,6,Texas,"https://static.www.nfl.com/image/upload/f_auto,q_auto/league/vsc57i9kmaaquegceqtt",2026
4044540,00-0036222,7133,RodgIs00,32881,14828,Isaiah Rodgers,Isaiah,Rodgers,DB,CB,MIN,2,ACT,Active,6,UMass Amherst,"https://static.www.nfl.com/image/upload/f_auto,q_auto/league/ukadn9uyrajapqo6gxuj",2026
4242335,00-0036223,6813,TaylJo02,32711,14455,Jonathan Taylor,Jonathan,Taylor,RB,RB,IND,28,ACT,Active,6,Wisconsin,"https://static.www.nfl.com/image/upload/f_auto,q_auto/league/yw46ky6akdm7h7siofu8",2026
3916409,00-0036224,6900,GreeJo04,32760,14550,Jonathan Greenard,Jonathan,Greenard,LB,OLB,PHI,52,ACT,Active,6,Florida; Louisville,"https://static.www.nfl.com/image/upload/f_auto,q_auto/league/z49ugsnmbfkldervsiws",2026
4401811,00-0036231,6872,DuggKy00,32710,14542,Kyle Dugger,Kyle,Dugger,DB,SS,CIN,29,ACT,Active,6,Lenoir Rhyne,"https://static.www.nfl.com/image/upload/f_auto,q_auto/league/azhrudd22sxdaxaiwy2k",2026
4240123,00-0036237,6887,MurcLa00,32844,14718,Larrell Murchison,Larrell,Murchison,DL,DT,LA,52,DEV,Practice Squad,6,N.C. State; Louisburg,"https://static.www.nfl.com/image/upload/f_auto,q_auto/league/selpjbonlchfv4krusrd",2026
4240655,00-0036239,6965,GarvJo00,32912,14365,Jonathan Garvin,Jonathan,Garvin,LB,OLB,CHI,57,RES,Reserve/IR,6,Miami,"https://static.www.nfl.com/image/upload/f_auto,q_auto/league/blnbflmdlqch2rkzxfr5",2026
4037584,00-0036241,6833,HallBr02,32828,14445,Bryce Hall,Bryce,Hall,DB,CB,HOU,34,DEV,Practice Squad,6,Virginia,"https://static.www.nfl.com/image/upload/f_auto,q_auto/league/owg6wpperxys7bjablkz",2026
4242557,00-0036244,6865,ParkCo02,32803,14463,Colby Parkinson,Colby,Parkinson,TE,TE,LA,84,ACT,Active,6,Stanford,"https://static.www.nfl.com/image/upload/f_auto,q_auto/league/qsyrgtfjj06wryahnxc9",2026
,00-0036246,,,,,Jon Runyan,Jon,Runyan,OL,G,NYG,76,ACT,Active,6,Michigan,"https://static.www.nfl.com/image/upload/f_auto,q_auto/league/kauh0olqkhebxe8gf1if",2026
,00-0036248,,,,,Austin Jackson,Austin,Jackson,OL,T,MIA,73,ACT,Active,6,USC,"https://static.www.nfl.com/image/upload/f_auto,q_auto/league/wvam7fcwgxhanox55sbh",2026
4046690,00-0036249,6851,OkwaJu00,32737,14448,Julian Okwara,Julian,Okwara,DL,DE,CLE,99,CUT,Cut,6,Notre Dame,"https://static.www.nfl.com/image/upload/f_auto,q_auto/league/bneqayiahajlquy1dxcc",2026
4035687,00-0036252,6819,PittMi01,32704,14378,Michael Pittman,Michael,Pittman,WR,WR,PIT,11,ACT,Active,6,USC,"https://static.www.nfl.com/image/upload/f_auto,q_auto/league/q1ythn05kwcmdr4mwzll",2026
4035661,00-0036253,7044,BlacJu01,32755,14704,Julian Blackmon,Julian,Blackmon,DB,FS,NO,23,ACT,Active,6,Utah,"https://static.www.nfl.com/image/upload/f_auto,q_auto/league/szgvamjf2lv2ggswkobd",2026
,00-0036256,,,,,Colton McKivitz,Colton,McKivitz,OL,T,SF,68,ACT,Active,6,West Virginia,"https://static.www.nfl.com/image/upload/f_auto,q_auto/league/yjgfoh7lfrutn795jtxq",2026
,00-0036258,,,,,Jonah Jackson,Jonah,Jackson,OL,G,CHI,73,ACT,Active,6,Ohio State; Rutgers,"https://static.www.nfl.com/image/upload/f_auto,q_auto/league/dd2w0xyfjzbj4ooxflls",2026
3886598,00-0036259,7049,JennJa00,32887,14376,Jauan Jennings,Bennie,Jennings,WR,WR,MIN,14,ACT,Active,6,Tennessee,"https://static.www.nfl.com/image/upload/f_auto,q_auto/league/ben8kbygzzlid6ltmdum",2026
4259491,00-0036260,6792,KinlJa00,32684,14444,Javon Kinlaw,Javon,Kinlaw,DL,DT,WAS,99,ACT,Active,6,South Carolina; Jones County JC,"https://static.www.nfl.com/image/upload/f_auto,q_auto/league/jxqkukux4rgfpp5eekyo",2026
3915520,00-0036262,6972,HamiDa02,32743,14714,DaVon Hamilton,Davon,Hamilton,DL,DT,JAX,52,ACT,Active,6,Ohio State,"https://static.www.nfl.com/image/upload/f_auto,q_auto/league/td7ok6b8m35zy2bnlvta",2026
4036378,00-0036264,6804,LoveJo03,32696,14371,Jordan Love,Jordan,Love,QB,QB,GB,10,ACT,Active,6,Utah State,"https://static.www.nfl.com/image/upload/f_auto,q_auto/league/thz8stjkbjwddxqnozi5",2026
4239934,00-0036265,6828,DillAJ00,32732,14370,AJ Dillon,Algiers,Dillon,RB,RB,CAR,28,ACT,Active,6,Boston College,"https://static.www.nfl.com/image/upload/f_auto,q_auto/league/imxxt8yrbrxptoxr1hw5",2026
4039052,00-0036266,6841,ElliJo02,32758,14353,Jordan Elliott,Jordan,Elliott,DL,NT,TEN,95,ACT,Active,6,Missouri; Texas,"https://static.www.nfl.com/image/upload/f_auto,q_auto/league/zimdvramufcajq5c3noc",2026
,00-0036267,,,,,Jedrick Wills,Jedrick,Wills,OL,T,BUF,71,DEV,Practice Squad,6,Alabama,"https://static.www.nfl.com/image/private/f_auto,q_auto/league/yb2yk8uqsoakf8yyrlf9",2026
,00-0036272,,,,,Ben Bartch,Benjamin,Bartch,OL,G,DET,78,ACT,Active,6,St. John's (MN),"https://static.www.nfl.com/image/upload/f_auto,q_auto/league/mayvzeezztsx4l0gbpa5",2026
4259545,00-0036275,6790,SwifDA00,32705,14394,D'Andre Swift,D'Andre,Swift,RB,RB,CHI,4,ACT,Active,6,Georgia,"https://static.www.nfl.com/image/upload/f_auto,q_auto/league/owpmwzoilitcodc6cmxo",2026
4240596,00-0036281,6791,HendCJ00,32679,14367,C.J. Henderson,Christopher,Henderson,DB,CB,ATL,26,ACT,Active,6,Florida,"https://static.www.nfl.com/image/upload/f_auto,q_auto/league/mlbq9cpapxfoabj7fsvt",2026
4242208,00-0036282,6799,DelpGr00,32714,14507,Grant Delpit,Grant,Delpit,DB,SS,CLE,9,ACT,Active,6,LSU,"https://static.www.nfl.com/image/upload/f_auto,q_auto/league/p1pfbn04h6myuuvvgvgr",2026
4239995,00-0036285,6836,TerrAJ00,32686,14526,A.J. Terrell,A.J.,Terrell,DB,CB,ATL,24,ACT,Active,6,Clemson,"https://static.www.nfl.com/image/upload/f_auto,q_auto/league/plww5syeocezywkpgpmg",2026
4242205,00-0036286,6800,ChaiKL00,32690,14523,K'Lavon Chaisson,K'Lavon,Chaisson,LB,OLB,WAS,45,ACT,Active,6,LSU,"https://static.www.nfl.com/image/upload/f_auto,q_auto/league/gc9qqj4piwlwse4spobk",2026
4242516,00-0036287,6817,IgbiNo00,32700,14713,Noah Igbinoghene,Noah,Igbinoghene,DB,CB,CLE,20,ACT,Active,6,Auburn,"https://static.www.nfl.com/image/upload/f_auto,q_auto/league/gnhpvwecmtmrv3clqwi1",2026
4258595,00-0036290,6826,KmetCo00,32713,14436,Cole Kmet,Cole,Kmet,TE,TE,CHI,85,ACT,Active,6,Notre Dame,"https://static.www.nfl.com/image/upload/f_auto,q_auto/league/ysnui8mzlu2fo70ub0yt",2026
4243253,00-0036292,6839,JohnJa13,32720,14627,Jaylon Johnson,Jaylon,Johnson,DB,CB,CHI,1,ACT,Active,6,Utah,"https://static.www.nfl.com/image/upload/f_auto,q_auto/league/ooazlgwwseozyduthxn6",2026
4043169,00-0036293,7016,ChinJe00,32734,14623,Jeremy Chinn,Jeremy,Chinn,DB,SS,LV,11,ACT,Active,6,Southern Illinois,"https://static.www.nfl.com/image/upload/f_auto,q_auto/league/qdvollzto5i4xs6q9gov",2026
,00-0036295,,,,,Matt Hennessy,Matthew,Hennessy,OL,C,DAL,72,RES,Reserve/IR,6,Temple,"https://static.www.nfl.com/image/upload/f_auto,q_auto/league/iruohug4gurmckekn4zs",2026
3917142,00-0036298,6860,DaviAk01,32777,14661,Akeem Davis-Gaither,Akeem,Davis-Gaither,LB,ILB,IND,51,ACT,Active,6,Appalachian State,"https://static.www.nfl.com/image/upload/f_auto,q_auto/league/cxiu4fzpikl8lhpvooza",2026
4243009,00-0036300,7012,WalkMy00,32789,14754,Mykal Walker,Mykal,Walker,LB,LB,NYJ,43,RES,Reserve/IR,6,Fresno State,"https://static.www.nfl.com/image/upload/f_auto,q_auto/league/s6dyb5vuiaeb0oppcf8q",2026
3858276,00-0036302,7058,HawkJa00,32804,14697,Jaylinn Hawkins,Jaylinn,Hawkins,DB,FS,BAL,21,ACT,Active,6,California,"https://static.www.nfl.com/image/upload/f_auto,q_auto/league/wll7vcwwhv4izv6klkg6",2026
3917016,00-0036305,7120,GipsTr00,32825,14680,Trevis Gipson,Trevis,Gipson,LB,OLB,CAR,52,ACT,Active,6,Tulsa,"https://static.www.nfl.com/image/upload/f_auto,q_auto/league/p5qxxhu4ecnzjcfva9b0",2026
4035505,00-0036306,7053,ThomDa07,32827,14687,Daniel Thomas,Daniel,Thomas,DB,SS,CLE,24,ACT,Active,6,Auburn,"https://static.www.nfl.com/image/upload/f_auto,q_auto/league/qbw8gam5wiinqegq213p",2026
4036651,00-0036307,6928,VildKi00,32833,14706,Kindle Vildor,Kindle,Vildor,DB,CB,NE,28,DEV,Practice Squad,6,Georgia Southern,"https://static.www.nfl.com/image/upload/f_auto,q_auto/league/ep3iocz1qboqkcj16aoc",2026
4040655,00-0036309,7090,MoonDa00,32843,14510,Darnell Mooney,Darnell,Mooney,WR,WR,NYG,17,ACT,Active,6,Tulane,"https://static.www.nfl.com/image/upload/f_auto,q_auto/league/eaejonwaflt9drrs9ika",2026
,00-0036310,,,,,Hakeem Adeniji,Hakeem,Adeniji,OL,T,BAL,75,RET,Retired,6,Kansas,"https://static.www.nfl.com/image/upload/f_auto,q_auto/league/qcoi4yerqm7urfbnscft",2026
4035239,00-0036313,6950,MannBr01,32861,14654,Braden Mann,Braden,Mann,P,P,PHI,10,ACT,Active,6,Texas A&M,"https://static.www.nfl.com/image/upload/f_auto,q_auto/league/eizeojehmxkvvfahj1tk",2026
4241986,00-0036321,6782,YounCh04,32672,14452,Chase Young,Chase,Young,LB,OLB,NO,99,ACT,Active,6,Ohio State,"https://static.www.nfl.com/image/upload/f_auto,q_auto/league/ueic3ypcpfldmbymzhrc",2026
4262921,00-0036322,6794,JeffJu00,32692,14509,Justin Jefferson,Justin,Jefferson,WR,WR,MIN,18,ACT,Active,6,LSU,"https://static.www.nfl.com/image/upload/f_auto,q_auto/league/htjevkugzk6ietrjysny",2026
4242207,00-0036323,6807,QueePa00,32698,14508,Patrick Queen,Patrick,Queen,LB,ILB,PIT,6,ACT,Active,6,LSU,"https://static.www.nfl.com/image/upload/f_auto,q_auto/league/hvbmd1y24q3eoky2jl8i",2026
,00-0036325,,,,,Robert Hunt,Robert,Hunt,OL,G,CAR,50,ACT,Active,6,Louisiana-Lafayette,"https://static.www.nfl.com/image/upload/f_auto,q_auto/league/ra3z68izmkp21mgbr6a2",2026
,00-0036327,,,,,Ezra Cleveland,Ezra,Cleveland,OL,G,JAX,76,ACT,Active,6,Boise State,"https://static.www.nfl.com/image/upload/f_auto,q_auto/league/klbtf9vddho85uv3azli",2026
3858271,00-0036329,6855,DaviAs00,32738,14447,Ashtyn Davis,Ashtyn,Davis,DB,SS,SF,29,ACT,Active,6,California,"https://static.www.nfl.com/image/upload/f_auto,q_auto/league/e0ppdz8rxegnsmgkj31q",2026
4039050,00-0036331,6847,DuveDe00,32762,14636,Devin Duvernay,Devin,Duvernay,WR,WR,ARI,81,ACT,Active,6,Texas,"https://static.www.nfl.com/image/upload/f_auto,q_auto/league/tj3t166iwsxbnyzxcyyl",2026
4037333,00-0036333,7113,HighAl02,32772,14724,Alex Highsmith,Alex,Highsmith,LB,OLB,PIT,56,ACT,Active,6,Charlotte,"https://static.www.nfl.com/image/upload/f_auto,q_auto/league/vfi0umrpljsc0cn3vqle",2026
4038849,00-0036335,6868,WonnDJ00,32787,14612,D.J. Wonnum,Dennis,Wonnum,LB,OLB,DET,98,ACT,Active,6,South Carolina,"https://static.www.nfl.com/image/upload/f_auto,q_auto/league/ajj965d0f6fmtfprrsgo",2026
4259181,00-0036337,6858,LyncJa00,32800,14499,James Lynch,James,Lynch,DL,DE,CHI,97,ACT,Active,6,Baylor,"https://static.www.nfl.com/image/upload/f_auto,q_auto/league/mmgzvvsxc3nffzkzyidq",2026
4038946,00-0036338,6941,DyexTr00,32802,14740,Troy Dye,Troy,Dye,LB,ILB,LAC,43,ACT,Active,6,Oregon,"https://static.www.nfl.com/image/upload/f_auto,q_auto/league/gfdhupqzscbwdyhvowq4",2026
,00-0036339,,,,,Kevin Dotson,Kevin,Dotson,OL,G,LA,69,ACT,Active,6,Louisiana-Lafayette,"https://static.www.nfl.com/image/upload/f_auto,q_auto/league/bpsw4ieqbgop8jnqalw9",2026
4039029,00-0036341,6864,KareKh00,32817,14684,Khalid Kareem,Khalid,Kareem,DL,DE,ATL,54,DEV,Practice Squad,6,Notre Dame,"https://static.www.nfl.com/image/upload/f_auto,q_auto/league/wv4cxlitwh8mxxpzvka5",2026
3916566,00-0036345,7066,OsboKJ00,32846,14641,K.J. Osborn,K.J.,Osborn,WR,WR,TEN,85,DEV,Practice Squad,6,Miami; Buffalo,"https://static.www.nfl.com/image/upload/f_auto,q_auto/league/ytgf9lftpnc3hqg81vhj",2026
,00-0036347,,,,,Blake Brandel,Blake,Brandel,OL,C,MIN,64,ACT,Active,6,Oregon State,"https://static.www.nfl.com/image/upload/f_auto,q_auto/league/pahzsehwe1mplzelu3wl",2026
4046537,00-0036348,6901,MeteJo00,32875,14479,Josh Metellus,Joshua,Metellus,DB,SS,MIN,44,ACT,Active,6,Michigan,"https://static.www.nfl.com/image/upload/f_auto,q_auto/league/gmb2ahv4eq0jphammw2h",2026
4242154,00-0036349,7136,CurlKa00,32886,14381,Kam Curl,Kamren,Curl,DB,SS,LA,3,ACT,Active,6,Arkansas,"https://static.www.nfl.com/image/upload/f_auto,q_auto/league/b57yoekpyop58abtiilz",2026
,00-0036354,,,,,Kyle Hinton,Kyle,Hinton,OL,G,ATL,68,ACT,Active,6,Washburn,"https://static.www.nfl.com/image/upload/f_auto,q_auto/league/zlhwbmhosrjogu9uwruv",2026
4038941,00-0036355,6797,HerbJu00,32676,14446,Justin Herbert,Justin,Herbert,QB,QB,LAC,10,ACT,Active,6,Oregon,"https://static.www.nfl.com/image/upload/f_auto,q_auto/league/jnkspnntgebegzp4ghve",2026
4035462,00-0036356,6781,SimmIs00,32678,14525,Isaiah Simmons,Isaiah,Simmons,DB,SS,CAR,27,DEV,Practice Squad,6,Clemson,"https://static.www.nfl.com/image/upload/f_auto,q_auto/league/mf9tbatcc933o8rzfuy5",2026
4241389,00-0036358,6786,LambCe00,32687,14411,CeeDee Lamb,Cedarian,Lamb,WR,WR,DAL,88,ACT,Active,6,Oklahoma,"https://static.www.nfl.com/image/upload/f_auto,q_auto/league/mbblzwtynxr15ovzkevi",2026
4040966,00-0036361,6809,DiggTr00,32721,14389,Trevon Diggs,Trevon,Diggs,DB,CB,SEA,16,DEV,Practice Squad,6,Alabama,"https://static.www.nfl.com/image/upload/f_auto,q_auto/league/ktdcor3rnkwpgehtwldn",2026
4259804,00-0036362,7023,GayJWi00,32733,14520,Willie Gay Jr.,Willie,Gay,LB,OLB,MIA,40,ACT,Active,6,Mississippi State,"https://static.www.nfl.com/image/upload/f_auto,q_auto/league/vf0j6vpgfr1vg5wsd7uh",2026
,00-0036363,,,,,Josh Jones,Josh,Jones,OL,T,SEA,74,ACT,Active,6,Houston,"https://static.www.nfl.com/image/upload/f_auto,q_auto/league/c5c4iuvcmlc7xrl8vp63",2026
3892883,00-0036366,6825,GallNe00,32752,14451,Neville Gallimore,Neville,Gallimore,DL,DT,CHI,90,ACT,Active,6,Oklahoma,"https://static.www.nfl.com/image/upload/f_auto,q_auto/league/py87zsmepp3roc7eytqf",2026
,00-0036369,,,,,John Simpson,John,Simpson,OL,G,BAL,74,ACT,Active,6,Clemson,"https://static.www.nfl.com/image/upload/f_auto,q_auto/league/avxt0i2490vqynqfd2qp",2026
4040432,00-0036374,7117,SneeLJ00,32808,14688,L'Jarius Sneed,L'Jarius,Sneed,DB,CB,KC,38,ACT,Active,6,Louisiana Tech,"https://static.www.nfl.com/image/upload/f_auto,q_auto/league/nsynaztffdtywelcfch2",2026
4239694,00-0036375,6896,RobeAm00,32809,14709,Amik Robertson,Amik,Robertson,DB,CB,WAS,2,ACT,Active,6,Louisiana Tech,"https://static.www.nfl.com/image/upload/f_auto,q_auto/league/giptmuhxwq2ugaaettbg",2026
,00-0036376,,,,,Tyler Biadasz,Tyler,Biadasz,OL,C,LAC,63,RES,Reserve/IR,6,Wisconsin,"https://static.www.nfl.com/image/upload/f_auto,q_auto/league/svoue4oh6lyx1ykgavgv",2026
3915487,00-0036378,6958,DannMi00,32847,14823,Michael Danna,Michael,Danna,LB,OLB,BUF,51,ACT,Active,6,Michigan,"https://static.www.nfl.com/image/upload/f_auto,q_auto/league/brbpgu0xj2w0egcy5pid",2026
4039413,00-0036380,7069,GilmAl00,32856,14521,Alohi Gilman,Alohi,Gilman,DB,FS,KC,17,ACT,Active,6,Notre Dame,"https://static.www.nfl.com/image/upload/f_auto,q_auto/league/hjfezaosf4mpowfzltjt",2026
,00-0036386,,,,,Andrew Thomas,Andrew,Thomas,OL,T,NYG,78,ACT,Active,6,Georgia,"https://static.www.nfl.com/image/upload/f_auto,q_auto/league/yvwuonp6lhw7ougn7q16",2026
4241802,00-0036387,6798,ReagJa00,32691,14421,Jalen Reagor,Jalen,Reagor,WR,WR,MIA,17,DEV,Practice Squad,6,TCU,"https://static.www.nfl.com/image/upload/f_auto,q_auto/league/r55ywr41a014zd9zmvc1",2026
4241470,00-0036388,6788,McKiXa00,32706,14617,Xavier McKinney,Xavier,McKinney,DB,SS,GB,29,ACT,Active,6,Alabama,"https://static.www.nfl.com/image/upload/f_auto,q_auto/league/qhxnlik9ekqnbuxqbvpz",2026
4040715,00-0036389,6904,HurtJa00,32723,14416,Jalen Hurts,Jalen,Hurts,QB,QB,PHI,1,ACT,Active,6,Oklahoma; Alabama,"https://static.www.nfl.com/image/upload/f_auto,q_auto/league/xow5yvxjeqa6witmofmp",2026
,00-0036391,,,,,Lloyd Cushenberry III,Lloyd,Cushenberry,OL,C,BUF,53,ACT,Active,6,LSU,"https://static.www.nfl.com/image/upload/f_auto,q_auto/league/hjpczqlfnmsx0s3ii4bj",2026
,00-0036392,,,,,Matt Peart,Matthew,Peart,OL,T,DEN,79,ACT,Active,6,Connecticut,"https://static.www.nfl.com/image/upload/f_auto,q_auto/league/tpnzapj9mxuegpvji22w",2026
4242973,00-0036394,6882,HolmDa01,32780,14535,Darnay Holmes,Darnay,Holmes,DB,CB,ATL,30,DEV,Practice Squad,6,UCLA,"https://static.www.nfl.com/image/upload/f_auto,q_auto/league/b1iqudcchkj9bevv6fwo",2026
4035463,00-0036395,6947,WallKV00,32797,14686,K'Von Wallace,K'Von,Wallace,DB,FS,BAL,26,DEV,Practice Squad,6,Clemson,"https://static.www.nfl.com/image/upload/f_auto,q_auto/league/ytpbcdbdwwlysnjj6uwb",2026
,00-0036396,,,,,Jack Driscoll,Jack,Driscoll,OL,T,PIT,68,RES,Reserve/IR,6,Auburn; UMass Amherst,"https://static.www.nfl.com/image/upload/f_auto,q_auto/league/dpxtqqekpghx23t7gb4j",2026
,00-0036406,,,,,Tristan Wirfs,Tristan,Wirfs,OL,T,TB,78,ACT,Active,6,Iowa,"https://static.www.nfl.com/image/upload/f_auto,q_auto/league/j1gwbrodzkkdaqlpyqml",2026
4241463,00-0036407,6783,JeudJe00,32685,14458,Jerry Jeudy,Jerry,Jeudy,WR,WR,CLE,3,ACT,Active,6,Alabama,"https://static.www.nfl.com/image/upload/f_auto,q_auto/league/szca1v9butuqkjs7ekpm",2026
,00-0036408,,,,,Cesar Ruiz,Cesar,Ruiz,OL,G,NO,51,ACT,Active,6,Michigan,"https://static.www.nfl.com/image/upload/f_auto,q_auto/league/upoux0ll192dnsq63my9",2026
4043130,00-0036409,6949,BrooJo01,32697,14739,Jordyn Brooks,Jordyn,Brooks,LB,OLB,MIA,20,ACT,Active,6,Texas Tech,"https://static.www.nfl.com/image/upload/f_auto,q_auto/league/mgg8dnwaoqrzpgmzyah7",2026
4239993,00-0036410,6801,HiggTe00,32703,14506,Tee Higgins,Tamaurice,Higgins,WR,WR,CIN,5,ACT,Active,6,Clemson,"https://static.www.nfl.com/image/upload/f_auto,q_auto/league/gpwtyv3viwy9q4ewderl",2026
4034790,00-0036411,6888,WinfAn00,32715,14484,Antoine Winfield Jr.,Antoine,Winfield,DB,FS,TB,31,ACT,Active,6,Minnesota,"https://static.www.nfl.com/image/upload/f_auto,q_auto/league/wn2vlv6eyc9str0ak0fx",2026
4035433,00-0036416,6829,FultKr00,32731,14443,Kristian Fulton,Kristian,Fulton,DB,CB,KC,8,ACT,Active,6,LSU,"https://static.www.nfl.com/image/upload/f_auto,q_auto/league/p2mzp2kljdubgj6sgzau",2026
,00-0036417,,,,,Damien Lewis,Damien,Lewis,OL,G,CAR,68,ACT,Active,6,LSU; Northwest Mississippi CC,"https://static.www.nfl.com/image/upload/f_auto,q_auto/league/gx5fgyuvhn06yvcg343w",2026
3917657,00-0036418,6815,BaunZa00,32744,14374,Zack Baun,Zack,Baun,LB,ILB,PHI,53,ACT,Active,6,Wisconsin,"https://static.www.nfl.com/image/upload/f_auto,q_auto/league/dhostt4bqph1utq56oxc",2026
4035663,00-0036421,7036,BurgTe00,32774,14702,Terrell Burgess,Terrell,Burgess,DB,FS,TEN,26,ACT,Active,6,Utah,"https://static.www.nfl.com/image/upload/f_auto,q_auto/league/fx86rlxeudmniz1btxrq",2026
3911853,00-0036422,6869,TrauAd00,32775,14541,Adam Trautman,Adam,Trautman,TE,TE,DEN,82,ACT,Active,6,Dayton,"https://static.www.nfl.com/image/upload/f_auto,q_auto/league/bqsgkwkfolczyrxmdp1j",2026
4035115,00-0036423,6843,OkwuAl00,32788,14369,Albert Okwuegbunam,Albert,Okwuegbunam,TE,TE,LV,85,DEV,Practice Squad,6,Missouri,"https://static.www.nfl.com/image/upload/f_auto,q_auto/league/ivyip7mtbv6i0wbnlrph",2026
4240631,00-0036425,6931,DallDe00,32814,14410,DeeJay Dallas,Demetrius,Dallas,RB,RB,MIN,20,DEV,Practice Squad,6,Miami,"https://static.www.nfl.com/image/upload/f_auto,q_auto/league/qrvemj4m3g2mqlbgy352",2026
3919548,00-0036428,6977,StrnJu00,32848,14757,Justin Strnad,Justin,Strnad,LB,ILB,DEN,40,ACT,Active,6,Wake Forest,"https://static.www.nfl.com/image/upload/f_auto,q_auto/league/mlrmzoeod0ocotxp2nam",2026
4035020,00-0036429,7075,WoerCh00,32860,14608,Charlie Woerner,Charlie,Woerner,TE,TE,ATL,89,ACT,Active,6,Georgia,"https://static.www.nfl.com/image/upload/f_auto,q_auto/league/tuzldnhk23mvsapfejqd",2026
3915511,00-0036442,6770,BurrJo01,32671,14442,Joe Burrow,Joe,Burrow,QB,QB,CIN,9,ACT,Active,6,LSU; Ohio State,"https://static.www.nfl.com/image/upload/f_auto,q_auto/league/gnnvcgui1cijybukk2w7",2026
,00-0036443,,,,,Rex Sunahara,Rex,Sunahara,LS,LS,CLE,50,ACT,Active,6,West Virginia,"https://static.www.nfl.com/image/upload/f_auto,q_auto/league/lf7vil8wv3cqyumtczbr",2026
,00-0036448,,,,,Isaac Alarcon,Isaac,Alarcon,OL,T,SF,67,DEV,Practice Squad,6,,"https://static.www.nfl.com/image/upload/f_auto,q_auto/league/tf80dmb1inreek7ijguw",2026
4369886,00-0036463,7521,BlaiCh00,33376,15376,Chris Blair,Chris,Blair,WR,WR,ATL,19,ACT,Active,6,Alcorn State,"https://static.www.nfl.com/image/upload/f_auto,q_auto/league/gfkhv6k1wr45fnhl0p1d",2026
4258194,00-0036479,7633,PayeKw00,33409,15264,Kwity Paye,Kwity,Paye,DL,DE,LV,95,ACT,Active,5,Michigan,"https://static.www.nfl.com/image/upload/f_auto,q_auto/league/ejgftgdqggikc5u1xqme",2026
4242659,00-0036480,7649,OdeyDa00,33442,15227,Dayo Odeyingbo,Dayo,Odeyingbo,DL,DE,CHI,55,ACT,Active,5,Vanderbilt,"https://static.www.nfl.com/image/upload/f_auto,q_auto/league/h0brx6vrdusdxl6fkxgv",2026
,00-0036483,,,,,Will Fries,Will,Fries,OL,G,MIN,76,ACT,Active,5,Penn State,"https://static.www.nfl.com/image/upload/f_auto,q_auto/league/o1mom4lvhbd7yltnneyh",2026
4258170,00-0036491,8005,BlacTa00,33797,15519,Tarik Black,Tarik,Black,WR,WR,DET,12,CUT,Cut,5,Texas; Michigan,"https://static.www.nfl.com/image/upload/f_auto,q_auto/league/nwu8axcyqw8yk3i300ob",2026
4245131,00-0036497,8013,JoneTi00,33649,15464,Tim Jones,Tim,Jones,WR,WR,JAX,13,DEV,Practice Squad,5,Southern Mississippi,"https://static.www.nfl.com/image/upload/f_auto,q_auto/league/rgthh35tnl9dbi7jshxv",2026
4361331,00-0036500,7841,SherJa00,33534,15316,Jamien Sherwood,Jamien,Sherwood,LB,ILB,NYJ,44,ACT,Active,5,Auburn,"https://static.www.nfl.com/image/upload/f_auto,q_auto/league/mbax9jdlzp7cxh0hyuow",2026
4240456,00-0036501,7835,CartMi02,33542,15621,Michael Carter II,Michael,Carter,DB,CB,PHI,35,ACT,Active,5,Duke,"https://static.www.nfl.com/image/upload/f_auto,q_auto/league/a7yskzasxy1hjvyqql1t",2026
4240706,00-0036502,7816,PinnJa01,33563,15532,Jason Pinnock,Jason,Pinnock,DB,FS,NYG,25,ACT,Active,5,Pittsburgh,"https://static.www.nfl.com/image/upload/f_auto,q_auto/league/l8c9lidz6spvjrp1v831",2026
4567979,00-0036504,7796,EchoBr00,33588,15626,Brandin Echols,Brandin,Echols,DB,CB,PIT,26,ACT,Active,5,Kentucky,"https://static.www.nfl.com/image/upload/f_auto,q_auto/league/igkzt4tpxbb3lfcbfnzw",2026
4371940,00-0036511,7878,EiflMi00,33696,15388,Milo Eifler,Camilo,Eifler,LB,ILB,TEN,45,RES,Reserve/IR,5,Illinois,"https://static.www.nfl.com/image/upload/f_auto,q_auto/league/rfmdcyim9q0prw56mzgw",2026
4608362,00-0036534,8041,ZylsSh00,33803,15701,Shane Zylstra,Shane,Zylstra,TE,TE,NE,48,DEV,Practice Squad,5,Minnesota State,"https://static.www.nfl.com/image/upload/f_auto,q_auto/league/jxq0fpgw6dzavqabgl1j",2026
,00-0036535,,,,,Will Sherman,William,Sherman,OL,G,NO,66,ACT,Active,5,Colorado,"https://static.www.nfl.com/image/upload/f_auto,q_auto/league/jyrcmwhuedomgnd34qff",2026
4360939,00-0036550,7571,BateRa00,33415,15210,Rashod Bateman,Rashod,Bateman,WR,WR,BAL,7,ACT,Active,5,Minnesota,"https://static.www.nfl.com/image/upload/f_auto,q_auto/league/gtktmsfcxc1eijwpwzyq",2026
,00-0036551,,,,,Aaron Banks,Aaron,Banks,OL,G,GB,65,ACT,Active,5,Notre Dame,"https://static.www.nfl.com/image/upload/f_auto,q_auto/league/g0vbcpdlnxiqnkj8m2wl",2026
4258173,00-0036554,7569,CollNi00,33477,15200,Nico Collins,Nico,Collins,WR,WR,HOU,12,ACT,Active,5,Michigan,"https://static.www.nfl.com/image/upload/f_auto,q_auto/league/fguybjrn1kwflxm5szwq",2026
4241416,00-0036555,7594,HubbCh01,33514,15242,Chuba Hubbard,Chuba,Hubbard,RB,RB,CAR,30,ACT,Active,5,Oklahoma State,"https://static.www.nfl.com/image/upload/f_auto,q_auto/league/rzsvnt0pxsaize2ndhxm",2026
4362504,00-0036556,7568,JordBr00,33535,15369,Brevin Jordan,Brevin,Jordan,TE,TE,HOU,9,ACT,Active,5,Miami,"https://static.www.nfl.com/image/upload/f_auto,q_auto/league/rn42gehfbeflx2px8njx",2026
,00-0036557,,,,,Jaylon Moore,Jaylon,Moore,OL,T,KC,77,ACT,Active,5,Western Michigan,"https://static.www.nfl.com/image/upload/f_auto,q_auto/league/cpsudx7fxgxdjmtfvahj",2026
4242488,00-0036563,7819,LenoDe00,33560,15192,Deommodore Lenoir,Deommodore,Lenoir,DB,CB,SF,2,ACT,Active,5,Oregon,"https://static.www.nfl.com/image/upload/f_auto,q_auto/league/ozfx4033owzfliip24v2",2026
4360853,00-0036564,7811,HufaTa00,33568,15317,Talanoa Hufanga,Sione Leti,Hufanga,DB,SS,DEN,9,ACT,Active,5,USC,"https://static.www.nfl.com/image/upload/f_auto,q_auto/league/i1jjyltv64sihzzrr04t",2026
4040805,00-0036568,7799,LopeRo00,33583,15610,Roy Lopez,Roy,Lopez,DL,NT,ARI,51,ACT,Active,5,Arizona,"https://static.www.nfl.com/image/upload/f_auto,q_auto/league/xpaoovz7dmco8nzhtxh4",2026
,00-0036584,,,,,Foster Sarell,Foster,Sarell,OL,T,SF,70,DEV,Practice Squad,5,Stanford,"https://static.www.nfl.com/image/upload/f_auto,q_auto/league/pspk0gr0uikkrspmdd8f",2026
4362492,00-0036587,7970,WashAr00,33788,15415,Ar'Darius Washington,Ar'Darius,Washington,DB,FS,NYG,24,ACT,Active,5,TCU,"https://static.www.nfl.com/image/upload/f_auto,q_auto/league/ptjh8ufk5zfpdc0yrpeq",2026
4244049,00-0036590,7536,MorrQu00,33819,15460,Quintin Morris,Quintin,Morris,TE,TE,JAX,80,ACT,Active,5,Bowling Green,"https://static.www.nfl.com/image/upload/f_auto,q_auto/league/auqtvapzdtpdxg6myw6b",2026
,00-0036603,,,,,Alaric Jackson,Alaric,Jackson,OL,T,LA,77,ACT,Active,5,Iowa,"https://static.www.nfl.com/image/upload/f_auto,q_auto/league/p7eblgie3na4hjdl6pzb",2026
,00-0036604,,,,,Jordan Meredith,Jordan,Meredith,OL,C,NYJ,67,ACT,Active,5,Western Kentucky,"https://static.www.nfl.com/image/upload/f_auto,q_auto/league/fqsieovgqhligt1y4o8l",2026
4372016,00-0036613,7526,WaddJa00,33394,15404,Jaylen Waddle,Jaylen,Waddle,WR,WR,DEN,17,ACT,Active,5,Alabama,"https://static.www.nfl.com/image/upload/f_auto,q_auto/league/gkh7m1jedon9mwn5jlf1",2026
,00-0036616,,,,,Christian Darrisaw,Christian,Darrisaw,OL,T,MIN,71,ACT,Active,5,Virginia Tech,"https://static.www.nfl.com/image/upload/f_auto,q_auto/league/czyibprjejmeflivtgzb",2026
4363034,00-0036617,7655,SamuAs00,33435,15218,Asante Samuel Jr.,Asante,Samuel,DB,CB,PIT,22,ACT,Active,5,Florida State,"https://static.www.nfl.com/image/upload/f_auto,q_auto/league/pqualt9wauuhcaop7tqm",2026
,00-0036618,,,,,Sam Cosmi,Samuel,Cosmi,OL,G,WAS,76,ACT,Active,5,Texas,"https://static.www.nfl.com/image/upload/f_auto,q_auto/league/hje3hb60snyi7oworbbi",2026
,00-0036619,,,,,Dillon Radunz,Dillon,Radunz,OL,G,NO,77,RES,Reserve/IR,5,North Dakota State,"https://static.www.nfl.com/image/upload/f_auto,q_auto/league/uqswdzsnotrgk4ddg9bg",2026
4362759,00-0036621,7648,BoltNi00,33446,15286,Nick Bolton,Nicholas,Bolton,LB,MLB,KC,32,ACT,Active,5,Missouri,"https://static.www.nfl.com/image/upload/f_auto,q_auto/league/pgkezol12laags229maz",2026
,00-0036622,,,,,Josh Myers,Josh,Myers,OL,C,NYJ,71,ACT,Active,5,Ohio State,"https://static.www.nfl.com/image/upload/f_auto,q_auto/league/kx5vub7ru2srpow2dxnu",2026
,00-0036623,,,,,Creed Humphrey,Creed,Humphrey,OL,C,KC,52,ACT,Active,5,Oklahoma,"https://static.www.nfl.com/image/upload/f_auto,q_auto/league/avv8nnqnrgv3os85v9zm",2026
4361662,00-0036624,7679,McNeAl00,33460,15522,Alim McNeill,Alim,McNeill,DL,DT,DET,54,ACT,Active,5,N.C. State,"https://static.www.nfl.com/image/upload/f_auto,q_auto/league/ugdqnlqg8btovqnkzqpw",2026
4258206,00-0036625,7671,StJuBe00,33462,15479,Benjamin St-Juste,Benjamin,St-Juste,DB,CB,GB,21,ACT,Active,5,Minnesota,"https://static.www.nfl.com/image/upload/f_auto,q_auto/league/kaebn8lqtuhjgcoywxuz",2026
4361577,00-0036626,7587,BrowDy00,33470,15274,Dyami Brown,Dyami,Brown,WR,WR,WAS,6,ACT,Active,5,North Carolina,"https://static.www.nfl.com/image/upload/f_auto,q_auto/league/addv9eheok1jj7amfkpb",2026
4048228,00-0036628,7716,BateJo00,33512,15289,John Bates,John,Bates,TE,TE,WAS,87,ACT,Active,5,Boise State,"https://static.www.nfl.com/image/upload/f_auto,q_auto/league/sqaiwpind6kk4ns4acql",2026
4035861,00-0036629,7715,BynuCa00,33513,15478,Camryn Bynum,Camryn,Bynum,DB,FS,IND,0,ACT,Active,5,California,"https://static.www.nfl.com/image/upload/f_auto,q_auto/league/rncq5z5bfhigx2atid7k",2026
4241424,00-0036630,7595,WallTy00,33519,15310,Tylan Wallace,Tylan,Wallace,WR,WR,CLE,16,ACT,Active,5,Oklahoma State,"https://static.www.nfl.com/image/upload/f_auto,q_auto/league/rifnnpeub6okv41offnd",2026
4245655,00-0036634,7836,FielTo00,33541,15237,Tony Fields II,Tony,Fields,LB,OLB,CHI,43,RES,Reserve/IR,5,West Virginia,"https://static.www.nfl.com/image/upload/f_auto,q_auto/league/dwjp5xpbs6yiekcfjxkx",2026
4240573,00-0036635,7559,SmitIh00,33545,15287,Ihmir Smith-Marsette,Ihmir,Smith-Marsette,WR,WR,ARI,83,DEV,Practice Squad,5,Iowa,"https://static.www.nfl.com/image/upload/f_auto,q_auto/league/mnfsun286mv5azpa8zaw",2026
4240472,00-0036637,7828,GrayNo00,33550,15459,Noah Gray,Noah,Gray,TE,TE,KC,83,ACT,Active,5,Duke,"https://static.www.nfl.com/image/upload/f_auto,q_auto/league/bpmlguml8jth2rbdfyp5",2026
4239088,00-0036638,7827,ForrDa00,33551,15598,Darrick Forrest,Darrick,Forrest,DB,FS,SF,29,RES,Reserve/IR,5,Cincinnati,"https://static.www.nfl.com/image/upload/f_auto,q_auto/league/kewtqnt8zc9xtxvlhdq9",2026
4240612,00-0036642,7818,SlatTe00,33561,15604,Tedarrell Slaton,Tedarrell,Slaton,DL,DT,CIN,98,ACT,Active,5,Florida,"https://static.www.nfl.com/image/upload/f_auto,q_auto/league/oktzavt6whxgvr6ukmhl",2026
4242521,00-0036643,7815,BritKJ00,33564,15408,K.J. Britt,K.J.,Britt,LB,ILB,NE,35,DEV,Practice Squad,5,Auburn,"https://static.www.nfl.com/image/upload/f_auto,q_auto/league/q3jwsdcnxx1sqbuetd26",2026
4372085,00-0036644,7814,McGrCa00,33565,15601,Cameron McGrone,Cameron,McGrone,LB,MLB,LV,57,DEV,Practice Squad,5,Michigan,"https://static.www.nfl.com/image/upload/f_auto,q_auto/league/xfpxokkvmeaex547py28",2026
4360739,00-0036646,7812,FehoSi00,33567,15559,Simi Fehoko,Simione,Fehoko,WR,WR,ARI,80,ACT,Active,5,Stanford,"https://static.www.nfl.com/image/upload/f_auto,q_auto/league/eep30drknwucjdj6tivh",2026
4035465,00-0036647,7541,PoweCo00,33569,15446,Cornell Powell,Cornell,Powell,WR,WR,PIT,85,CUT,Cut,5,Clemson,"https://static.www.nfl.com/image/private/f_auto,q_auto/league/vnpyhf8dp1opjhvyotff",2026
4036141,00-0036648,7807,NiemNi00,33573,15603,Nick Niemann,Nick,Niemann,LB,MLB,GB,31,ACT,Active,5,Iowa,"https://static.www.nfl.com/image/upload/f_auto,q_auto/league/bstd7dnklbftscfbhskq",2026
,00-0036653,,,,,Stone Forsythe,Stone,Forsythe,OL,T,CAR,73,ACT,Active,5,Florida,"https://static.www.nfl.com/image/upload/f_auto,q_auto/league/gsok8muncvvgwztjewhn",2026
,00-0036655,,,,,Cole Van Lanen,Cole,Van Lanen,OL,T,JAX,70,ACT,Active,5,Wisconsin,"https://static.www.nfl.com/image/upload/f_auto,q_auto/league/oe5pfxi1iqbeskvwciii",2026
4239947,00-0036658,7782,McDuIs00,33608,15255,Isaiah McDuffie,Stevenson,McDuffie,LB,MLB,GB,58,ACT,Active,5,Boston College,"https://static.www.nfl.com/image/upload/f_auto,q_auto/league/fjcqgmefc4u0plwp92mq",2026
,00-0036660,,,,,Trey Smith,Trey,Smith,OL,G,KC,65,ACT,Active,5,Tennessee,"https://static.www.nfl.com/image/upload/f_auto,q_auto/league/skoecv9k14idjai4ok42",2026
4374033,00-0036670,7599,JeffJe00,33644,15296,Jermar Jefferson,Jermar,Jefferson,RB,RB,MIN,17,RES,Reserve/IR,5,Oregon State,"https://static.www.nfl.com/image/upload/f_auto,q_auto/league/bkgrgirrdwlm05vqg74b",2026
4240255,00-0036672,7750,StuaGr00,33646,15247,Grant Stuard,Grant,Stuard,LB,ILB,LA,44,ACT,Active,5,Houston,"https://static.www.nfl.com/image/upload/f_auto,q_auto/league/n4pxuecujgacthcoxgql",2026
3932335,00-0036677,8000,AndeZa02,33877,15711,Zayne Anderson,Zayne,Anderson,DB,FS,MIA,23,ACT,Active,5,BYU,"https://static.www.nfl.com/image/upload/f_auto,q_auto/league/j8agcdgo4ezgvn4vhw7u",2026
4039034,00-0036679,8002,BuecSh00,33879,15262,Shane Buechele,Shane,Buechele,QB,QB,BUF,6,DEV,Practice Squad,5,SMU,"https://static.www.nfl.com/image/upload/f_auto,q_auto/league/kmbuzxucmmytpuoy8yfc",2026
4259547,00-0036682,8001,HerrMa02,33882,15361,Malik Herring,Malik,Herring,DL,DE,MIA,90,ACT,Active,5,Georgia,"https://static.www.nfl.com/image/upload/f_auto,q_auto/league/dnbfwozdcnftk7agxywc",2026
4037559,00-0036683,8004,KeyxDe00,,15713,Devon Key,Devon,Key,DB,FS,DEN,26,ACT,Active,5,Western Kentucky,"https://static.www.nfl.com/image/upload/f_auto,q_auto/league/efu0kj0lyprsgahy1met",2026
4046716,00-0036695,7853,JoneNa01,33833,15243,Naquan Jones,Naquan,Jones,DL,DT,MIN,91,DEV,Practice Squad,5,Michigan State,"https://static.www.nfl.com/image/upload/f_auto,q_auto/league/iavprngmsf7pftvw0bsv",2026
4033855,00-0036705,7844,KamaSa00,33908,15725,Sam Kamara,Sam,Kamara,DL,DT,CLE,92,DEV,Practice Squad,5,Stony Brook,"https://static.www.nfl.com/image/private/f_auto,q_auto/league/aakuha494hvtrja3dwjn",2026
4038432,00-0036716,7936,OgboAm00,33680,15378,Amen Ogbongbemiga,Amen,Ogbongbemiga,LB,OLB,DET,57,DEV,Practice Squad,5,Oklahoma State,"https://static.www.nfl.com/image/upload/f_auto,q_auto/league/liyabetbezsk9lvuuphd",2026
3929914,00-0036727,8025,PrenAd00,33901,15744,Adam Prentice,Adam,Prentice,RB,FB,DEN,46,DEV,Practice Squad,5,South Carolina,"https://static.www.nfl.com/image/upload/f_auto,q_auto/league/xuvyqidnso9ga1dfefoy",2026
4044448,00-0036728,8020,RobiCu00,33902,15338,Curtis Robinson,Curtis,Robinson,LB,MLB,DAL,42,DEV,Practice Squad,5,Stanford,"https://static.www.nfl.com/image/upload/f_auto,q_auto/league/yzam37nstuqvqm0cgzmv",2026
,00-0036736,,,,,Kayode Awosika,Kayode,Awosika,OL,G,LAC,74,ACT,Active,5,Buffalo,"https://static.www.nfl.com/image/upload/f_auto,q_auto/league/gk8c2nrg4czmvjy2by3a",2026
4242392,00-0036754,7891,WrigBr01,33774,15681,Brock Wright,Brock,Wright,TE,TE,DET,89,ACT,Active,5,Notre Dame,"https://static.www.nfl.com/image/upload/f_auto,q_auto/league/ghmaeofuj87fm97yhvcp",2026
4240577,00-0036775,7865,SmitBr07,33710,15307,Brandon Smith,Brandon,Smith,WR,WR,PIT,87,DEV,Practice Squad,5,Iowa,"https://static.www.nfl.com/image/upload/f_auto,q_auto/league/h4ezdffu0biwqoxn7bql",2026
,00-0036783,,,,,Ryan McCollum,Ryan,McCollum,OL,C,PIT,62,ACT,Active,5,Texas A&M,"https://static.www.nfl.com/image/upload/f_auto,q_auto/league/xcq2izkd1ulmlwgiefv3",2026
4039485,00-0036788,7880,HeflJa00,33755,15613,Jack Heflin,Jack,Heflin,DL,DT,NYJ,96,DEV,Practice Squad,5,Iowa,"https://static.www.nfl.com/image/upload/f_auto,q_auto/league/vyvratpseoqy4rqej7fm",2026
,00-0036795,,,,,Jake Curhan,Jake,Curhan,OL,G,CAR,71,DEV,Practice Squad,5,California,"https://static.www.nfl.com/image/upload/f_auto,q_auto/league/sfcyxgyi8qkzafuqwbnl",2026
4245273,00-0036813,7921,ElliCh00,33778,15673,Christian Elliss,Christian,Elliss,LB,ILB,NE,53,ACT,Active,5,Idaho,"https://static.www.nfl.com/image/upload/f_auto,q_auto/league/yprcwubcfyocxn2pwpf8",2026
4243371,00-0036816,7922,PattRi01,33781,15512,Riley Patterson,Riley,Patterson,K,K,MIA,47,ACT,Active,5,Memphis,"https://static.www.nfl.com/image/upload/f_auto,q_auto/league/xjg7x98iyq5hlgjc62ot",2026
4034948,00-0036825,7531,FranFe00,33729,15324,Feleipe Franks,Feleipe,Franks,TE,TE,CAR,81,ACT,Active,5,Arkansas,"https://static.www.nfl.com/image/upload/f_auto,q_auto/league/nbn1wxlh6los4y2am3ro",2026
,00-0036833,,,,,Ryan Neuzil,Ryan,Neuzil,OL,C,ATL,64,ACT,Active,5,Appalachian State,"https://static.www.nfl.com/image/upload/f_auto,q_auto/league/xsnsake68lxw3hqilezf",2026
4244856,00-0036841,7746,TramAu00,33745,15663,Austin Trammell,Austin,Trammell,WR,WR,JAX,81,DEV,Practice Squad,5,Rice,"https://static.www.nfl.com/image/upload/f_auto,q_auto/league/vpkcobp7jdqvk8qwhhtg",2026
4035537,00-0036842,7720,NwanKe00,33507,15579,Kene Nwangwu,Kene,Nwangwu,RB,RB,NYJ,3,ACT,Active,5,Iowa State,"https://static.www.nfl.com/image/upload/f_auto,q_auto/league/rlnqgz517fsohrndgjrb",2026
4241807,00-0036844,7821,WallGa00,33558,15602,Garret Wallow,Garret,Wallow,LB,ILB,SF,49,ACT,Active,5,TCU,"https://static.www.nfl.com/image/upload/f_auto,q_auto/league/swmlsjwctjetibjmhqxs",2026
4360797,00-0036849,7562,AtweTu00,33445,15229,Tutu Atwell,Chatarius,Atwell,WR,WR,LA,8,ACT,Active,5,Louisville,"https://static.www.nfl.com/image/upload/f_auto,q_auto/league/tl2aa9ucbtcwhr1yk3tf",2026
4243923,00-0036850,7727,SampCa00,33499,15318,Cameron Sample,Cameron,Sample,DL,DE,ATL,69,CUT,Cut,5,Tulane,"https://static.www.nfl.com/image/upload/f_auto,q_auto/league/jt2s0db4sognkfwjmzhg",2026
4360234,00-0036854,7839,McPhEv00,33537,15383,Evan McPherson,Evan,McPherson,K,K,CIN,2,ACT,Active,5,Florida,"https://static.www.nfl.com/image/upload/f_auto,q_auto/league/t6fs7i54i4n7xjiayoz0",2026
,00-0036859,,,,,Jimmy Morrissey,Jimmy,Morrissey,OL,C,IND,65,CUT,Cut,5,Pittsburgh,"https://static.www.nfl.com/image/upload/f_auto,q_auto/league/jdstqkmytx1eycdnss8o",2026
4035656,00-0036862,7757,SkowBe00,33637,15467,Ben Skowronek,Ben,Skowronek,WR,WR,PIT,15,ACT,Active,5,Notre Dame; Northwestern,"https://static.www.nfl.com/image/upload/f_auto,q_auto/league/etozk8ja4u8lpjcvvo6l",2026
,00-0036866,,,,,James Hudson,James,Hudson,OL,T,TEN,51,ACT,Active,5,Cincinnati,"https://static.www.nfl.com/image/upload/f_auto,q_auto/league/eayesw9mhrbe5g1ezoht",2026
4240475,00-0036867,7721,RumpCh00,33506,15311,Chris Rumph II,Chris,Rumph,LB,OLB,NO,58,ACT,Active,5,Duke,"https://static.www.nfl.com/image/upload/f_auto,q_auto/league/ayrvlbmyxlvek7afcioc",2026
,00-0036869,,,,,Dan Moore Jr.,Dan,Moore,OL,T,TEN,75,ACT,Active,5,Texas A&M,"https://static.www.nfl.com/image/upload/f_auto,q_auto/league/boxltktohmx9eqfrjr9c",2026
4240900,00-0036870,7704,JohnBu01,33528,15374,Buddy Johnson,Buddy,Johnson,LB,ILB,CHI,47,DEV,Practice Squad,5,Texas A&M,"https://static.www.nfl.com/image/upload/f_auto,q_auto/league/aa4htfuz4uxcprkmmvii",2026
4240542,00-0036871,7823,HobbNa00,33555,15387,Nate Hobbs,Nate,Hobbs,DB,CB,SF,22,RES,Reserve/IR,5,Illinois,"https://static.www.nfl.com/image/upload/f_auto,q_auto/league/qewuemdrhzwzc9hluywm",2026
4241199,00-0036872,7805,BledJo00,33576,15471,Joshuah Bledsoe,Joshuah,Bledsoe,DB,FS,WAS,46,CUT,Cut,5,Missouri,"https://static.www.nfl.com/image/private/f_auto,q_auto/league/axqzdifzsqejp1qzfmhw",2026
4372012,00-0036874,7641,SurtPa01,33397,15403,Pat Surtain II,Patrick,Surtain,DB,CB,DEN,2,ACT,Active,5,Alabama,"https://static.www.nfl.com/image/upload/f_auto,q_auto/league/soec8zk3n5jvxvywq1gm",2026
4569173,00-0036875,7611,StevRh00,33508,15372,Rhamondre Stevenson,Rhamondre,Stevenson,RB,RB,NE,38,ACT,Active,5,Oklahoma; Cerritos College,"https://static.www.nfl.com/image/upload/f_auto,q_auto/league/zmpuirvuw4r04inxth5i",2026
4039160,00-0036876,7602,GranKy00,33515,15245,Kylen Granson,Kylen,Granson,TE,TE,TEN,86,ACT,Active,5,SMU,"https://static.www.nfl.com/image/upload/f_auto,q_auto/league/ysbxmdw4da30q3kjb571",2026
4241820,00-0036879,7583,EhliSa00,33606,15328,Sam Ehlinger,Samuel,Ehlinger,QB,QB,DEN,4,ACT,Active,5,Texas,"https://static.www.nfl.com/image/upload/f_auto,q_auto/league/imtb2ia03w2ujrl9dprs",2026
,00-0036880,,,,,Penei Sewell,Penei,Sewell,OL,T,DET,58,ACT,Active,5,Oregon,"https://static.www.nfl.com/image/upload/f_auto,q_auto/league/g1g0qefvafsm8hxjpiyy",2026
4361366,00-0036883,7711,TogiTo00,33520,15590,Tommy Togiai,Tommy,Togiai,DL,DT,HOU,72,ACT,Active,5,Ohio State,"https://static.www.nfl.com/image/upload/f_auto,q_auto/league/wwcsyhxr0fsthd6g7yyo",2026
4241373,00-0036885,7707,BrowTr03,33525,15477,Tre Brown,Tre,Brown,DB,CB,NYJ,30,RES,Reserve/IR,5,Oklahoma,"https://static.www.nfl.com/image/upload/f_auto,q_auto/league/qmxy8q4nrxr2ascsrs2m",2026
4040612,00-0036887,7842,FarrLu00,33533,15566,Luke Farrell,Luke,Farrell,TE,TE,SF,89,ACT,Active,5,Ohio State,"https://static.www.nfl.com/image/upload/f_auto,q_auto/league/kdq2zratulrdsv4ykugy",2026
4036060,00-0036888,7787,HamlDa00,33600,15233,Damar Hamlin,Damar,Hamlin,DB,SS,BUF,3,ACT,Active,5,Pittsburgh,"https://static.www.nfl.com/image/upload/f_auto,q_auto/league/k7mdv3garedeitxksnya",2026
4241457,00-0036893,7528,HarrNa00,33412,15468,Najee Harris,Najee,Harris,RB,RB,NYG,23,ACT,Active,5,Alabama,"https://static.www.nfl.com/image/upload/f_auto,q_auto/league/grfxgbvqnzz40r7rdtvk",2026
4361411,00-0036894,7600,FreiPa00,33443,15267,Pat Freiermuth,Pat,Freiermuth,TE,TE,PIT,88,ACT,Active,5,Penn State,"https://static.www.nfl.com/image/upload/f_auto,q_auto/league/pyrdsypgggjshiaygkr7",2026
4240464,00-0036896,7788,DimuVi00,33598,15625,Victor Dimukeje,Victor,Dimukeje,DL,DE,SF,96,RES,Reserve/IR,5,Duke,"https://static.www.nfl.com/image/upload/f_auto,q_auto/league/timanef1mpwuc1cqmptm",2026
4242546,00-0036898,7585,MillDa02,33455,15542,Davis Mills,Davis,Mills,QB,QB,HOU,10,ACT,Active,5,Stanford,"https://static.www.nfl.com/image/upload/f_auto,q_auto/league/jh9e97vjzmeafx8jz0sn",2026
4362628,00-0036900,7564,ChasJa00,33393,15183,Ja'Marr Chase,Ja'Marr,Chase,WR,WR,CIN,1,ACT,Active,5,LSU,"https://static.www.nfl.com/image/upload/f_auto,q_auto/league/qya3dtjb5kgofcuj2tuw",2026
4259561,00-0036901,7628,StokEr00,33417,15297,Eric Stokes,Eric,Stokes,DB,CB,LV,5,ACT,Active,5,Georgia,"https://static.www.nfl.com/image/upload/f_auto,q_auto/league/q7fnhbnyadsru3swpgdf",2026
4362094,00-0036902,7678,OssaJo00,33457,15507,Joseph Ossai,Joseph,Ossai,LB,OLB,NYJ,46,ACT,Active,5,Texas,"https://static.www.nfl.com/image/upload/f_auto,q_auto/league/ornl2j2dyfvtma6eiozd",2026
4372518,00-0036903,7722,BrowBo04,33505,15591,Bobby Brown III,Bobby,Brown,DL,DT,CAR,97,ACT,Active,5,Texas A&M,"https://static.www.nfl.com/image/upload/f_auto,q_auto/league/f3fspidlfqws3asws3gw",2026
,00-0036905,,,,,Larry Borom,Larry,Borom,OL,T,DET,79,ACT,Active,5,Missouri,"https://static.www.nfl.com/image/upload/f_auto,q_auto/league/xc2m1opfa6lte7bg0ir6",2026
4256074,00-0036909,7756,TongKh00,33851,15325,Khyiris Tonga,Khyiris,Tonga,DL,NT,KC,92,ACT,Active,5,BYU,"https://static.www.nfl.com/image/upload/f_auto,q_auto/league/qawteneplarbtnworkic",2026
4241478,00-0036912,7525,SmitDe07,33398,15406,DeVonta Smith,DeVonta,Smith,WR,WR,PHI,6,ACT,Active,5,Alabama,"https://static.www.nfl.com/image/upload/f_auto,q_auto/league/k724kq3hyv7jc0y9s03x",2026
4362506,00-0036914,7627,RousGr00,33418,15283,Greg Rousseau,Gregory,Rousseau,LB,OLB,BUF,15,ACT,Active,5,Miami,"https://static.www.nfl.com/image/upload/f_auto,q_auto/league/bezzackpgrvijtqh6hta",2026
4258599,00-0036915,7651,OwusJe00,33440,15505,Jeremiah Owusu-Koramoah,Jeremiah,Owusu-Koramoah,LB,OLB,CLE,6,RES,Reserve/IR,5,Notre Dame,"https://static.www.nfl.com/image/private/f_auto,q_auto/league/evmul3yfbefvmy1tc1ns",2026
4239699,00-0036916,7696,WillMi08,33461,15291,Milton Williams,Milton,Williams,DL,DT,NE,97,ACT,Active,5,Louisiana Tech,"https://static.www.nfl.com/image/upload/f_auto,q_auto/league/z9vmyi95sty3i0u6uwld",2026
4045161,00-0036917,7717,McPhZe00,33511,15558,Zech McPhearson,Zech,McPhearson,DB,CB,LA,41,RES,Reserve/IR,5,Texas Tech; Penn State,"https://static.www.nfl.com/image/private/f_auto,q_auto/league/ih4tfn9t1fujcyiw9a83",2026
4371733,00-0036919,7567,GainKe00,33538,15222,Kenny Gainwell,Kenneth,Gainwell,RB,RB,TB,1,ACT,Active,5,Memphis,"https://static.www.nfl.com/image/upload/f_auto,q_auto/league/eo62l8ec8e3lzt86ihth",2026
4243916,00-0036922,7770,JohnPa02,33622,15639,Patrick Johnson,Patrick,Johnson,LB,OLB,LV,93,ACT,Active,5,Tulane,"https://static.www.nfl.com/image/upload/f_auto,q_auto/league/qtngv13hh6rm4kfc52jt",2026
4240657,00-0036924,7607,CartMi03,33495,15273,Michael Carter,Michael,Carter,RB,RB,TEN,35,DEV,Practice Squad,5,North Carolina,"https://static.www.nfl.com/image/upload/f_auto,q_auto/league/cwqrxzouk4gkhfziyqre",2026
4240269,00-0036926,7629,TurnPa02,33416,15435,Payton Turner,Payton,Turner,DL,DE,DET,92,RES,Reserve/IR,5,Houston,"https://static.www.nfl.com/image/upload/f_auto,q_auto/league/chmbnron2iipzbjggg7y",2026
4241993,00-0036927,7647,WernPe00,33448,15600,Pete Werner,Pete,Werner,LB,ILB,NO,20,ACT,Active,5,Ohio State,"https://static.www.nfl.com/image/upload/f_auto,q_auto/league/uhwx126ajhgmovxxlphm",2026
4361423,00-0036932,7640,ParsMi00,33400,15182,Micah Parsons,Micah,Parsons,LB,OLB,GB,1,RES,Reserve/IR,5,Penn State,"https://static.www.nfl.com/image/upload/f_auto,q_auto/league/euivq1hqslszdxjo9xyr",2026
4244606,00-0036933,7637,CollZa00,33404,15288,Zaven Collins,Zaven,Collins,LB,OLB,ARI,25,ACT,Active,5,Tulsa,"https://static.www.nfl.com/image/upload/f_auto,q_auto/league/jmd2hu4swlzcpuqsln69",2026
4242975,00-0036934,7635,PhilJa02,33406,15263,Jaelan Phillips,Jaelan,Phillips,LB,OLB,CAR,5,ACT,Active,5,Miami,"https://static.www.nfl.com/image/upload/f_auto,q_auto/league/mgufa4byoe8onfjsuiq1",2026
4242547,00-0036937,7669,AdebPa00,33464,15399,Paulson Adebo,Saiid,Adebo,DB,CB,NYG,21,ACT,Active,5,Stanford,"https://static.www.nfl.com/image/upload/f_auto,q_auto/league/yft8adxhq7go3eqd8d9k",2026
4361422,00-0036940,7626,OwehJa00,33419,15305,Odafe Oweh,Odafe,Oweh,LB,OLB,WAS,98,ACT,Active,5,Penn State,"https://static.www.nfl.com/image/upload/f_auto,q_auto/league/lxeaoe3u7srngnwlyyon",2026
4361939,00-0036941,7698,CiscAn00,33453,15199,Andre Cisco,Andre,Cisco,DB,SS,NYJ,8,ACT,Active,5,Syracuse,"https://static.www.nfl.com/image/upload/f_auto,q_auto/league/sdk8jvmv30mvetujj7bs",2026
4035840,00-0036942,7695,OdigOs00,33463,15284,Osa Odighizuwa,Osa,Odighizuwa,DL,DT,SF,92,ACT,Active,5,UCLA,"https://static.www.nfl.com/image/upload/f_auto,q_auto/league/qselmahxlopzx8spnchw",2026
,00-0036943,,,,,Mitchell Fraboni,Mitchell,Fraboni,LS,LS,DEN,48,DEV,Practice Squad,5,Arizona State,"https://static.www.nfl.com/image/upload/f_auto,q_auto/league/csvbeqtitr9ixpgdt0fu",2026
4362847,00-0036944,7642,HornJa00,33396,15209,Jaycee Horn,Jaycee,Horn,DB,CB,CAR,8,ACT,Active,5,South Carolina,"https://static.www.nfl.com/image/upload/f_auto,q_auto/league/fmqur86wgh5craixy3yd",2026
4362887,00-0036945,7591,FielJu00,33399,15416,Justin Fields,Justin,Fields,QB,QB,KC,6,ACT,Active,5,Ohio State,"https://static.www.nfl.com/image/upload/f_auto,q_auto/league/npjrombgxkc5vjkctcgy",2026
4040608,00-0036952,7765,CoopJo02,33627,15481,Jonathon Cooper,Jonathon,Cooper,LB,OLB,DEN,0,EXE,EXE,5,Ohio State,"https://static.www.nfl.com/image/upload/f_auto,q_auto/league/rzjdnsaz0sfs9v4xetov",2026
,00-0036953,,,,,Teven Jenkins,Teven,Jenkins,OL,G,CLE,78,ACT,Active,5,Oklahoma State,"https://static.www.nfl.com/image/upload/f_auto,q_auto/league/i0oiehuaelpnrtrlfmfl",2026
4039020,00-0036954,7661,OnwuLe00,33429,15195,Levi Onwuzurike,Levi,Onwuzurike,DL,DE,DET,95,ACT,Active,5,Washington,"https://static.www.nfl.com/image/upload/f_auto,q_auto/league/eogdbsiu9aikjofafp7s",2026
4261606,00-0036956,7730,HallDa03,33496,15474,Darren Hall,Darren,Hall,DB,FS,ATL,41,RES,Reserve/IR,5,San Diego State,"https://static.www.nfl.com/image/upload/f_auto,q_auto/league/hc9vwsdsfelwxfxxeasb",2026
4034704,00-0036959,8076,BandMi00,33928,15786,Michael Bandy,Michael,Bandy,WR,WR,DEN,83,DEV,Practice Squad,5,San Diego,"https://static.www.nfl.com/image/upload/f_auto,q_auto/league/bcashgwve9ean9pq8egb",2026
4362487,00-0036962,7659,MoehTr00,33431,15340,Tre'von Moehrig,Tre'von,Moehrig,DB,SS,CAR,7,ACT,Active,5,TCU,"https://static.www.nfl.com/image/upload/f_auto,q_auto/league/cyprwi2vzj1a3oitgseo",2026
4374302,00-0036963,7547,StxxAm00,33500,15332,Amon-Ra St. Brown,Amon-Ra,St. Brown,WR,WR,DET,14,ACT,Active,5,USC,"https://static.www.nfl.com/image/upload/f_auto,q_auto/league/fd8nwhm6pvxfyzphzl6i",2026
4260409,00-0036964,7726,BarnDe02,33501,15489,Derrick Barnes,Derrick,Barnes,LB,OLB,DET,55,ACT,Active,5,Purdue,"https://static.www.nfl.com/image/upload/f_auto,q_auto/league/bh66oqiavycebvryiy96",2026
4243333,00-0036967,7625,TryoJo00,33420,15585,Joe Tryon,Joseph,Tryon,DL,DE,PHI,93,RET,Retired,5,Washington,"https://static.www.nfl.com/image/upload/f_auto,q_auto/league/it6wkxysejicc83azqkd",2026
,00-0036968,,,,,Brady Christensen,Brady,Christensen,OL,G,CAR,70,RES,Reserve/IR,5,BYU,"https://static.www.nfl.com/image/upload/f_auto,q_auto/league/pbj2pkbe5cwtomutayd1",2026
4360248,00-0036970,7553,PittKy00,33392,15265,Kyle Pitts,Kyle,Pitts,TE,TE,ATL,8,ACT,Active,5,Florida,"https://static.www.nfl.com/image/upload/f_auto,q_auto/league/xczipzxvytnmvgznhhb4",2026
4360310,00-0036971,7523,LawrTr00,33389,15357,Trevor Lawrence,Trevor,Lawrence,QB,QB,JAX,16,ACT,Active,5,Clemson,"https://static.www.nfl.com/image/upload/f_auto,q_auto/league/k9uzdernqkx7oquy7dkg",2026
4241464,00-0036972,7527,JoneMa05,33403,15402,Mac Jones,Michael,Jones,QB,QB,SF,10,ACT,Active,5,Alabama,"https://static.www.nfl.com/image/upload/f_auto,q_auto/league/mbdwfwiuhl0ib5ajtmzq",2026
4239996,00-0036973,7543,EtieTr00,33413,15385,Travis Etienne,Travis,Etienne,RB,RB,NO,3,ACT,Active,5,Clemson,"https://static.www.nfl.com/image/upload/f_auto,q_auto/league/pwko5dybmjie8qqo4qz2",2026
4379397,00-0036974,7667,CampTy01,33421,15359,Tyson Campbell,Tyson,Campbell,DB,CB,CLE,7,ACT,Active,5,Georgia,"https://static.www.nfl.com/image/upload/f_auto,q_auto/league/qhtmkkoqakioplm2vfrw",2026
,00-0036975,,,,,Walker Little,Walker,Little,OL,T,JAX,72,ACT,Active,5,Stanford,"https://static.www.nfl.com/image/upload/f_auto,q_auto/league/qcwaedluzb9hvdtd1uxy",2026
,00-0036976,,,,,Spencer Brown,Spencer,Brown,OL,T,BUF,79,ACT,Active,5,Northern Iowa,"https://static.www.nfl.com/image/upload/f_auto,q_auto/league/q2lsfuxunzzgso9rtldu",2026
,00-0036979,,,,,Alijah Vera-Tucker,Alijah,Vera-Tucker,OL,G,NE,75,ACT,Active,5,USC,"https://static.www.nfl.com/image/upload/f_auto,q_auto/league/a2hlyjd2geiy1mdiugug",2026
4372414,00-0036980,7596,MoorEl00,33422,15280,Elijah Moore,Elijah,Moore,WR,WR,PHI,19,ACT,Active,5,Mississippi,"https://static.www.nfl.com/image/upload/f_auto,q_auto/league/wax90oyx9vs0x9j4nt5n",2026
4372030,00-0036981,7664,BarmCh00,33426,15395,Christian Barmore,Christian,Barmore,DL,DT,NE,90,ACT,Active,5,Alabama,"https://static.www.nfl.com/image/upload/f_auto,q_auto/league/r2qnczxwkpqhk8is5jkv",2026
4036132,00-0036982,7693,GolsCh00,33472,15321,Chauncey Golston,Chauncey,Golston,DL,DE,NYG,57,ACT,Active,5,Iowa,"https://static.www.nfl.com/image/upload/f_auto,q_auto/league/zgkpz7ctgzyjxxa2zzqe",2026
,00-0036983,,,,,Kendrick Green,Kendrick,Green,OL,C,CLE,53,RES,Reserve/IR,5,Illinois,"https://static.www.nfl.com/image/upload/f_auto,q_auto/league/b8rtjagcsjnnwczsin7u",2026
4241401,00-0036984,7593,SermTr00,33476,15413,Trey Sermon,Trey,Sermon,RB,RB,ATL,44,RES,Reserve/IR,5,Ohio State; Oklahoma,"https://static.www.nfl.com/image/upload/f_auto,q_auto/league/eqhl3xiczodsyqlmsxvr",2026
,00-0036985,,,,,Robert Hainsey,Robert,Hainsey,OL,C,JAX,73,ACT,Active,5,Notre Dame,"https://static.www.nfl.com/image/upload/f_auto,q_auto/league/umagumf4xf5ubalpckut",2026
4570470,00-0036986,7687,WrigNa00,33487,15549,Nahshon Wright,Nahshon,Wright,DB,CB,NYJ,26,ACT,Active,5,Oregon State,"https://static.www.nfl.com/image/upload/f_auto,q_auto/league/pma5y3ixotctzzyqxygd",2026
4035824,00-0036987,7685,StepBr01,33492,15644,Brandon Stephens,Brandon,Stephens,DB,CB,NYJ,21,ACT,Active,5,SMU; UCLA,"https://static.www.nfl.com/image/upload/f_auto,q_auto/league/t0nxkzyr4wnpanuxjxhg",2026
4242433,00-0036988,7670,PalmJo00,33465,15447,Josh Palmer,Josh,Palmer,WR,WR,BUF,5,ACT,Active,5,Tennessee,"https://static.www.nfl.com/image/upload/f_auto,q_auto/league/woswdfrtxnsfgzsjvsxx",2026
4239719,00-0036989,7676,KoonMa00,33467,15303,Malcolm Koonce,Malcolm,Koonce,DL,DE,LV,51,ACT,Active,5,Buffalo,"https://static.www.nfl.com/image/upload/f_auto,q_auto/league/cujkqhjibrywjodwgfyp",2026
4037626,00-0036990,7677,DeabDi00,33468,15472,Divine Deablo,Divine,Deablo,LB,ILB,ATL,0,ACT,Active,5,Virginia Tech,"https://static.www.nfl.com/image/upload/f_auto,q_auto/league/epymgfknvbi0vbygiv4j",2026
4243328,00-0036992,7682,MoldEl00,33488,15530,Elijah Molden,Elijah,Molden,DB,FS,LAC,2,ACT,Active,5,Washington,"https://static.www.nfl.com/image/upload/f_auto,q_auto/league/hz9saur2at7u0n9nl9ly",2026
4240401,00-0036993,7680,MeliIf00,33489,15261,Ifeatu Melifonwu,Ifeatu,Melifonwu,DB,FS,TB,35,DEV,Practice Squad,5,Syracuse,"https://static.www.nfl.com/image/upload/f_auto,q_auto/league/ftt7jc1nr0hmf1xmzyh2",2026
4362851,00-0036994,7672,JoneEr01,33491,15228,Ernest Jones,Ernest,Jones,LB,ILB,SEA,13,ACT,Active,5,South Carolina,"https://static.www.nfl.com/image/upload/f_auto,q_auto/league/zn0pz6okty7vbj5ryryt",2026
4241987,00-0036995,7681,BrowBa01,33493,15422,Baron Browning,Baron,Browning,LB,OLB,ARI,5,ACT,Active,5,Ohio State,"https://static.www.nfl.com/image/upload/f_auto,q_auto/league/wc0wkbhogzdxgaik9fh5",2026
4361266,00-0036996,7630,NewsGr00,33414,15275,Greg Newsome II,Greg,Newsome,DB,CB,NYG,20,ACT,Active,5,Northwestern,"https://static.www.nfl.com/image/upload/f_auto,q_auto/league/zyfy3onrys9i6ounvai8",2026
4361579,00-0036997,7588,WillJa10,33423,15306,Javonte Williams,Javonte,Williams,RB,RB,DAL,33,ACT,Active,5,North Carolina,"https://static.www.nfl.com/image/upload/f_auto,q_auto/league/xvwroirev2kie6oiphtz",2026
4373809,00-0036998,7666,HollJe02,33424,15196,Jevon Holland,Jevon,Holland,DB,FS,NYG,8,ACT,Active,5,Oregon,"https://static.www.nfl.com/image/upload/f_auto,q_auto/league/z5pg2azijnijyvqexm4r",2026
,00-0037001,,,,,Quinn Meinerz,Quinn,Meinerz,OL,G,DEN,77,ACT,Active,5,Wisconsin-Whitewater,"https://static.www.nfl.com/image/upload/f_auto,q_auto/league/e6erzvgu9dsqzec0gfpk",2026
,00-0037002,,,,,Landon Dickerson,Landon,Dickerson,OL,G,PHI,69,ACT,Active,5,Alabama,"https://static.www.nfl.com/image/upload/f_auto,q_auto/league/zkgccdubnxvforo1xaqt",2026
4037521,00-0037003,7673,SurrCh00,33466,15276,Chazz Surratt,Chazz,Surratt,LB,ILB,SEA,44,ACT,Active,5,North Carolina,"https://static.www.nfl.com/image/upload/f_auto,q_auto/league/l01b7cc2rfwfkigdhzvg",2026
4239944,00-0037004,7535,LongHu00,33469,15246,Hunter Long,Hunter,Long,TE,TE,ARI,89,ACT,Active,5,Boston College,"https://static.www.nfl.com/image/upload/f_auto,q_auto/league/wlj6sdfj5qcy8bt2qyxb",2026
4372780,00-0037005,7694,TremTo00,33471,15371,Tommy Tremble,Tommy,Tremble,TE,TE,CAR,82,ACT,Active,5,Notre Dame,"https://static.www.nfl.com/image/upload/f_auto,q_auto/league/t7wjikfv09d3o1q7wjdx",2026
4036063,00-0037007,7674,JonePa00,33478,15232,Patrick Jones II,Patrick,Jones,LB,OLB,CAR,91,ACT,Active,5,Pittsburgh,"https://static.www.nfl.com/image/upload/f_auto,q_auto/league/yj0r18rgx7oishozdalv",2026
,00-0037009,,,,,Rashawn Slater,Rashawn,Slater,OL,T,LAC,70,ACT,Active,5,Northwestern,"https://static.www.nfl.com/image/upload/f_auto,q_auto/league/tnryoyowiu6amxx3zthf",2026
4240023,00-0037011,7554,McKiTr00,33485,15252,Tre' McKitty,Tre',McKitty,TE,TE,WAS,46,CUT,Cut,5,Georgia; Florida State,"https://static.www.nfl.com/image/upload/f_auto,q_auto/league/hcsuglnch88wtxp9emcv",2026
4383351,00-0037012,7610,LancTr00,33391,15198,Trey Lance,Trey,Lance,QB,QB,LAC,5,ACT,Active,5,North Dakota State,"https://static.www.nfl.com/image/upload/f_auto,q_auto/league/j3psmvvxo13kmbgi60ej",2026
4361259,00-0037013,7538,WilsZa00,33390,15330,Zach Wilson,Zachary,Wilson,QB,QB,NO,11,ACT,Active,5,BYU,"https://static.www.nfl.com/image/upload/f_auto,q_auto/league/i17xpbsar7evcypbhtel",2026
4916349,00-0037031,8107,KaliNi00,33950,15869,Nikola Kalinic,Nikola,Kalinic,TE,TE,CHI,86,RES,Reserve/IR,4,York (Canada),"https://static.www.nfl.com/image/upload/f_auto,q_auto/league/monk9ruop1ec5bfysiwl",2026
4401823,00-0037034,8104,AlfoDe00,33945,15839,Dee Alford,DeAundre,Alford,DB,CB,BUF,23,ACT,Active,6,Tusculum College,"https://static.www.nfl.com/image/upload/f_auto,q_auto/league/mgi0d5fd1huslr3kfqg1",2026
,00-0037040,,,,,Roy Mbaeteka,Roy,Mbaeteka,OL,T,IND,78,DEV,Practice Squad,5,,"https://static.www.nfl.com/image/upload/f_auto,q_auto/league/kfh7fdl1vthjzntlwfyf",2026
4039170,00-0037051,8736,GarcEl00,,16414,Elijah Garcia,Elijah,Garcia,DL,DT,DAL,93,DEV,Practice Squad,4,Rice,"https://static.www.nfl.com/image/upload/f_auto,q_auto/league/mdhtfrrfmfeop2secu2c",2026
4247812,00-0037055,8745,McCuLa01,34330,16406,Lance McCutcheon,Lance,McCutcheon,WR,WR,TEN,89,CUT,Cut,4,Montana State,"https://static.www.nfl.com/image/upload/f_auto,q_auto/league/mbesuisbtobyu5hozclc",2026
4038843,00-0037057,8739,ThomKe04,,16416,Keir Thomas,Keir,Thomas,LB,OLB,LA,11,RES,Reserve/IR,4,Florida State,"https://static.www.nfl.com/image/upload/f_auto,q_auto/league/wtzpz7bs64wypd4sgrya",2026
4381558,00-0037073,8269,DaviJo03,33968,15930,Jordan Davis,Jordan,Davis,DL,DT,PHI,90,ACT,Active,4,Georgia,"https://static.www.nfl.com/image/upload/f_auto,q_auto/league/zkvksjepfrmpdwdph1ps",2026
4379416,00-0037074,8266,WalkQu00,33977,16131,Quay Walker,Quay,Walker,LB,ILB,LV,7,ACT,Active,4,Georgia,"https://static.www.nfl.com/image/upload/f_auto,q_auto/league/bqhumgranhitojob30mp",2026
4361791,00-0037075,8270,WyatDe00,33983,16068,Devonte Wyatt,Devonte,Wyatt,DL,DT,GB,95,ACT,Active,4,Georgia,"https://static.www.nfl.com/image/upload/f_auto,q_auto/league/q9pxapmh1kbfsrymwbvs",2026
,00-0037076,,,,,Sean Rhyan,Sean,Rhyan,OL,G,GB,75,ACT,Active,4,UCLA,"https://static.www.nfl.com/image/upload/f_auto,q_auto/league/mvgxrodidjbgfh5reaig",2026
4426875,00-0037077,8162,HoweSa00,34100,15825,Sam Howell,Sam,Howell,QB,QB,DAL,16,ACT,Active,4,North Carolina,"https://static.www.nfl.com/image/upload/f_auto,q_auto/league/sx77bippywnl0dx6m8q9",2026
4361438,00-0037078,8214,TurnCo00,34105,15923,Cole Turner,Cole,Turner,TE,TE,MIA,87,RES,Reserve/IR,4,Nevada,"https://static.www.nfl.com/image/upload/f_auto,q_auto/league/tuoxojttzngaook6qbde",2026
4245185,00-0037079,8374,WoolTa00,34109,15906,Riq Woolen,Tariq,Woolen,DB,CB,PHI,2,ACT,Active,4,Texas-San Antonio,"https://static.www.nfl.com/image/upload/f_auto,q_auto/league/aodr0vp93fzhdsff9fzj",2026
4361340,00-0037080,8336,SmitTy03,34114,15999,Tyreke Smith,Tyreke,Smith,DL,DE,KC,57,DEV,Practice Squad,4,Ohio State,"https://static.www.nfl.com/image/upload/f_auto,q_auto/league/ty7bslavrkn5iqziogvf",2026
,00-0037081,,,,,Braxton Jones,Braxton,Jones,OL,T,CHI,70,ACT,Active,4,Southern Utah State,"https://static.www.nfl.com/image/upload/f_auto,q_auto/league/stxk7iiyyth2cs4hzm8r",2026
4244300,00-0037082,8391,RobiDo00,34130,16092,Dominique Robinson,Dominique,Robinson,DL,DE,HOU,94,ACT,Active,4,Miami (Ohio),"https://static.www.nfl.com/image/upload/f_auto,q_auto/league/nalbxnwyiyh32j3g6fml",2026
4362840,00-0037083,8382,EnagKi00,34135,15879,Kingsley Enagbare,Kingsley,Enagbare,LB,OLB,NYJ,52,ACT,Active,4,South Carolina,"https://static.www.nfl.com/image/upload/f_auto,q_auto/league/rvftdj3wurrbmoaikpxd",2026
4362748,00-0037085,8208,BadiTy00,34152,15893,Tyler Badie,Tyler,Badie,RB,RB,DEN,28,ACT,Active,4,Missouri,"https://static.www.nfl.com/image/upload/f_auto,q_auto/league/ghhul5piv9vzeih6atsj",2026
4241374,00-0037086,8177,CalcGr00,34154,16039,Grant Calcaterra,Grant,Calcaterra,TE,TE,PHI,81,RES,Reserve/IR,4,SMU; Oklahoma,"https://static.www.nfl.com/image/upload/f_auto,q_auto/league/inpyxw55sxo96shrt4si",2026
4259305,00-0037091,8204,MeltBo00,34185,15935,Bo Melton,Bo,Melton,WR,WR,GB,16,ACT,Active,4,Rutgers,"https://static.www.nfl.com/image/upload/f_auto,q_auto/league/d7hxvsyeufobjykcxhls",2026
,00-0037092,,,,,Chris Paul,Chris,Paul,OL,G,WAS,75,ACT,Active,4,Tulsa,"https://static.www.nfl.com/image/upload/f_auto,q_auto/league/s0zj4njn5ydrgk8z7mbw",2026
4401805,00-0037093,8527,YounDa02,34189,15922,Dareke Young,Dareke,Young,WR,WR,LV,81,ACT,Active,4,Lenoir Rhyne,"https://static.www.nfl.com/image/upload/f_auto,q_auto/league/xd0585sr1fy1wpry0ued",2026
4259762,00-0037094,8344,FordJo00,34190,15824,Jonathan Ford,Jonathan,Ford,DL,DT,GB,64,ACT,Active,4,Miami,"https://static.www.nfl.com/image/upload/f_auto,q_auto/league/xvjepsl8u5unzc5qc8fu",2026
4242402,00-0037096,8509,HickEl00,34210,16296,Elijah Hicks,Elijah,Hicks,DB,FS,CHI,22,ACT,Active,4,California,"https://static.www.nfl.com/image/upload/f_auto,q_auto/league/derzi6ubb6maw5nokejr",2026
4027873,00-0037098,8235,TourSa00,34214,15917,Samori Toure,Samori,Toure,WR,WR,PHI,46,CUT,Cut,4,Nebraska,"https://static.www.nfl.com/image/upload/f_auto,q_auto/league/tkjitxda1ufeev3tzpuk",2026
4047655,00-0037106,8702,JoneJa12,,16423,Jaylon Jones,Jaylon,Jones,DB,CB,CHI,33,CUT,Cut,4,Mississippi,"https://static.www.nfl.com/image/upload/f_auto,q_auto/league/wdcshvjrfqw2ocj3vtvj",2026
4372576,00-0037109,8363,SanbJa00,34370,15914,Jack Sanborn,Jack,Sanborn,LB,OLB,CHI,57,ACT,Active,4,Wisconsin,"https://static.www.nfl.com/image/upload/f_auto,q_auto/league/uo386zqnsqbvqzqbm7t2",2026
4259147,00-0037112,8698,TongJa00,34374,16418,Jake Tonges,Jake,Tonges,TE,TE,SF,88,ACT,Active,4,California,"https://static.www.nfl.com/image/upload/f_auto,q_auto/league/z6goxhdhfc2m0rmwvtbl",2026
4429676,00-0037120,8207,GoodTy00,34261,15990,Tyler Goodson,Tyler,Goodson,RB,RB,ATL,25,DEV,Practice Squad,4,Iowa,"https://static.www.nfl.com/image/upload/f_auto,q_auto/league/zqmesi6fwv82lhfzlht6",2026
4240459,00-0037129,8714,BlacJo00,,16451,Josh Blackwell,Josh,Blackwell,DB,CB,CHI,39,ACT,Active,4,Duke,"https://static.www.nfl.com/image/upload/f_auto,q_auto/league/w95cwi511mgmeimkgzyg",2026
4243956,00-0037130,8406,BlanRe00,34376,15919,Reed Blankenship,Reed,Blankenship,DB,FS,HOU,6,ACT,Active,4,Middle Tennessee State,"https://static.www.nfl.com/image/upload/f_auto,q_auto/league/qbrxcx1jmwabwtdwco3o",2026
3926231,00-0037132,8414,CoveBr00,34378,16337,Britain Covey,Britain,Covey,WR,WR,PHI,18,DEV,Practice Squad,4,Utah,"https://static.www.nfl.com/image/upload/f_auto,q_auto/league/jgvgr3prtme8ua28bfxi",2026
4360318,00-0037136,8298,GoodMa02,,15942,Mario Goodrich,Mario,Goodrich,DB,CB,TEN,35,CUT,Cut,4,Clemson,"https://static.www.nfl.com/image/upload/f_auto,q_auto/league/uap7tsrlmrnvb8ptf02n",2026
4372020,00-0037137,8275,JobeJo00,34383,16152,Josh Jobe,Josh,Jobe,DB,CB,SEA,29,ACT,Active,4,Alabama,"https://static.www.nfl.com/image/upload/f_auto,q_auto/league/df0ybhz5czunkbhgdefc",2026
,00-0037138,,,,,Josh Sills,Josh,Sills,OL,G,IND,66,DEV,Practice Squad,4,Oklahoma State; West Virginia,"https://static.www.nfl.com/image/upload/f_auto,q_auto/league/mkkdzgfaz9a7gsdc8fip",2026
4240824,00-0037141,8683,BlouJo00,34388,16453,Joey Blount,Joey,Blount,DB,FS,ARI,32,RES,Reserve/IR,4,Virginia,"https://static.www.nfl.com/image/upload/f_auto,q_auto/league/uxh3ge9oyjyl6qjwzx5g",2026
4240532,00-0037155,8860,AdamTo03,34355,16431,Tony Adams,Tony,Adams,DB,SS,TEN,38,ACT,Active,4,Illinois,"https://static.www.nfl.com/image/upload/f_auto,q_auto/league/bhgovss7uhkszgbrfxd6",2026
3929636,00-0037156,8861,CharIr00,34356,16430,Irvin Charles,Irvin,Charles,WR,WR,SEA,85,RES,Reserve/IR,4,"Indiana PA,  University of; Penn State","https://static.www.nfl.com/image/upload/f_auto,q_auto/league/heeyyjyf5prqas5tmwvk",2026
4427728,00-0037157,8122,KnigZo00,34357,16105,Bam Knight,Zonovan,Knight,RB,RB,ARI,20,ACT,Active,4,N.C. State,"https://static.www.nfl.com/image/upload/f_auto,q_auto/league/mjxnlzlnnwlfqayeybut",2026
4258198,00-0037184,8285,RossJo01,34404,16189,Josh Ross,Josh,Ross,LB,ILB,MIN,52,CUT,Cut,4,Michigan,"https://static.www.nfl.com/image/upload/f_auto,q_auto/league/rytixi2fpdu0efr367yj",2026
4427250,00-0037190,8290,GardSa00,33959,15926,Sauce Gardner,Ahmad,Gardner,DB,CB,IND,1,ACT,Active,4,Cincinnati,"https://static.www.nfl.com/image/upload/f_auto,q_auto/league/h89jaonhmvvdoitmldkq",2026
4426405,00-0037191,8364,McDuTr00,33976,16003,Trent McDuffie,Trent,McDuffie,DB,CB,LA,22,ACT,Active,4,Washington,"https://static.www.nfl.com/image/upload/f_auto,q_auto/league/xaq30zfwnliekwqzoank",2026
4426659,00-0037192,8385,KarlGe00,33985,15806,George Karlaftis,George,Karlaftis,DL,DE,KC,56,ACT,Active,4,Purdue,"https://static.www.nfl.com/image/upload/f_auto,q_auto/league/deudgtxl8ofjcz8zpzzi",2026
4247726,00-0037193,8294,CookBr02,34018,16184,Bryan Cook,Bryan,Cook,DB,FS,CIN,6,ACT,Active,4,Cincinnati; Howard,"https://static.www.nfl.com/image/upload/f_auto,q_auto/league/xxpisha7qj3jkovuprcs",2026
,00-0037194,,,,,Darian Kinnard,Darian,Kinnard,OL,T,NYG,75,DEV,Practice Squad,4,Kentucky,"https://static.www.nfl.com/image/upload/f_auto,q_auto/league/e6f2xsct8yrz0nc5ou8w",2026
4697639,00-0037195,8373,WatsJa02,34199,16074,Jaylen Watson,Jaylen,Watson,DB,CB,LA,35,ACT,Active,4,Washington State; Ventura,"https://static.www.nfl.com/image/upload/f_auto,q_auto/league/vxmoq9pwno4z14gldecd",2026
,00-0037196,,,,,Rasheed Walker,Rasheed,Walker,OL,T,CAR,63,ACT,Active,4,Penn State,"https://static.www.nfl.com/image/upload/f_auto,q_auto/league/w2jnttphyffiuxov70o3",2026
4361529,00-0037197,8205,PachIs00,34207,16104,Isiah Pacheco,Isiah,Pacheco,RB,RB,DET,10,RES,Reserve/IR,4,Rutgers,"https://static.www.nfl.com/image/upload/f_auto,q_auto/league/hkqb4imkum3vxxkwuetl",2026
4241473,00-0037203,8274,RayxLa02,34427,16219,LaBryan Ray,LaBryan,Ray,DL,DE,CAR,93,RET,Retired,4,Alabama,"https://static.www.nfl.com/image/upload/f_auto,q_auto/league/hvculodfnj1jv595t4xw",2026
4047941,00-0037205,8726,SchoBr00,,16469,Brenden Schooler,Brenden,Schooler,DB,FS,NE,41,RES,Reserve/IR,4,Texas; Arizona; Oregon,"https://static.www.nfl.com/image/upload/f_auto,q_auto/league/ntothfpaj3iifvsqelzg",2026
,00-0037207,,,,,Mike Caliendo,Mike,Caliendo,OL,G,KC,66,ACT,Active,4,Western Michigan,"https://static.www.nfl.com/image/upload/f_auto,q_auto/league/ayqrrcjh4woocxmc7lgs",2026
4249766,00-0037208,8710,CochJa00,34432,16325,Jack Cochrane,Jack,Cochrane,LB,MLB,KC,43,ACT,Active,4,South Dakota,"https://static.www.nfl.com/image/upload/f_auto,q_auto/league/oayygmhoisjcedhuqm23",2026
4362081,00-0037224,8259,DickCa00,34344,16226,Cameron Dicker,Cameron,Dicker,K,K,LAC,11,ACT,Active,4,Texas,"https://static.www.nfl.com/image/upload/f_auto,q_auto/league/fvkop13kntnwv3amucpf",2026
,00-0037225,,,,,Chris Glaser,Chris,Glaser,OL,G,DAL,68,CUT,Cut,4,Virginia,"https://static.www.nfl.com/image/upload/f_auto,q_auto/league/hnfgak3qdpzhlmqac8sy",2026
4569987,00-0037228,8228,WarrJa01,34447,15984,Jaylen Warren,Jaylen,Warren,RB,RB,PIT,30,ACT,Active,4,Oklahoma State,"https://static.www.nfl.com/image/upload/f_auto,q_auto/league/dkiteytgnxar1mpaxcxv",2026
,00-0037229,,,,,Ikem Ekwonu,Ikem,Ekwonu,OL,T,CAR,79,RES,Reserve/IR,4,N.C. State,"https://static.www.nfl.com/image/upload/f_auto,q_auto/league/mpfy7ivhwvry6pjezemw",2026
,00-0037230,,,,,Israel Antwine,Israel,Antwine,DL,DT,DEN,64,CUT,Cut,4,Oklahoma State,"https://static.www.nfl.com/image/private/f_auto,q_auto/league/pmger6bb28zubcy6qlvo",2026
4372758,00-0037231,8200,AustKe00,34242,16026,Kevin Austin Jr.,Kevin,Austin,WR,WR,NO,81,DEV,Practice Squad,4,Notre Dame,"https://static.www.nfl.com/image/upload/f_auto,q_auto/league/fh2yaqaxkornxeb7d9ie",2026
4426349,00-0037235,8265,WalkTr03,33956,16066,Travon Walker,Travon,Walker,DL,DE,JAX,44,ACT,Active,4,Georgia,"https://static.www.nfl.com/image/upload/f_auto,q_auto/league/hqxxsws12bmy1jyw6ocj",2026
4372099,00-0037236,8289,HutcAi00,33957,15832,Aidan Hutchinson,Aidan,Hutchinson,DL,DE,DET,97,ACT,Active,4,Michigan,"https://static.www.nfl.com/image/upload/f_auto,q_auto/league/gmeczjok2lmjftb6mfof",2026
4426434,00-0037237,8308,StinDe00,33958,15899,Derek Stingley Jr.,Derek,Stingley,DB,CB,HOU,24,ACT,Active,4,LSU,"https://static.www.nfl.com/image/upload/f_auto,q_auto/league/wkzinciyrrmsqdlda8lj",2026
4426502,00-0037238,8112,LondDr00,33963,15868,Drake London,Drake,London,WR,WR,ATL,5,ACT,Active,4,USC,"https://static.www.nfl.com/image/upload/f_auto,q_auto/league/mcllowcfrmmdeo4zy3g1",2026
4361370,00-0037239,8144,OlavCh00,33966,15895,Chris Olave,Chris,Olave,WR,WR,NO,12,ACT,Active,4,Ohio State,"https://static.www.nfl.com/image/upload/f_auto,q_auto/league/onmxufsprtvglhejg94o",2026
4426388,00-0037240,8148,WillJa11,33967,15849,Jameson Williams,Jameson,Williams,WR,WR,DET,1,ACT,Active,4,Alabama; Ohio State,"https://static.www.nfl.com/image/upload/f_auto,q_auto/league/byiptqggtglvy5qrw5wp",2026
,00-0037241,,,,,Trevor Penning,Trevor,Penning,OL,G,LAC,75,ACT,Active,4,Northern Iowa,"https://static.www.nfl.com/image/upload/f_auto,q_auto/league/tr9e0yl1esqawnieqogh",2026
4567399,00-0037242,8296,ElamKa00,33978,15835,Kaiir Elam,Kaiir,Elam,DB,CB,LAC,29,DEV,Practice Squad,4,Florida,"https://static.www.nfl.com/image/upload/f_auto,q_auto/league/ye7stldje2waxyyjukvw",2026
,00-0037243,,,,,Tyler Smith,Tyler,Smith,OL,G,DAL,73,ACT,Active,4,Tulsa,"https://static.www.nfl.com/image/upload/f_auto,q_auto/league/gdosyozck6qewvzmpag2",2026
4243256,00-0037244,8329,LloyDe00,33982,16006,Devin Lloyd,Devin,Lloyd,LB,ILB,CAR,55,ACT,Active,4,Utah,"https://static.www.nfl.com/image/upload/f_auto,q_auto/league/hbva85h6axjaiiiiwjfv",2026
4241223,00-0037246,8314,PitrJa00,33992,16073,Jalen Pitre,Jalen,Pitre,DB,FS,HOU,5,ACT,Active,4,Baylor,"https://static.www.nfl.com/image/upload/f_auto,q_auto/league/brjf4opiqlbzp5q0wjcj",2026
4426354,00-0037247,8137,PickGe00,34007,15853,George Pickens,George,Pickens,WR,WR,DAL,3,ACT,Active,4,Georgia,"https://static.www.nfl.com/image/upload/f_auto,q_auto/league/cbpyykoguf7rsxezqzvk",2026
4379399,00-0037248,8138,CookJa01,34019,15876,James Cook,James,Cook,RB,RB,BUF,4,ACT,Active,4,Georgia,"https://static.www.nfl.com/image/upload/f_auto,q_auto/league/anjbznqb9i21wzcgrtbs",2026
4360259,00-0037249,8280,BoniNi00,34020,16090,Nik Bonitto,Nik,Bonitto,LB,OLB,DEN,15,ACT,Active,4,Oklahoma,"https://static.www.nfl.com/image/upload/f_auto,q_auto/league/azxinmsmz9kacbwfdfex",2026
4429568,00-0037250,8390,EmerMa00,34024,16137,Martin Emerson,Martin,Emerson,DB,CB,NO,22,ACT,Active,4,Mississippi State,"https://static.www.nfl.com/image/upload/f_auto,q_auto/league/va7yfx0xoniri3fuxr0u",2026
4570119,00-0037251,8376,WrigAl01,34034,16190,Alex Wright,Alex,Wright,DL,DE,CLE,91,RES,Reserve/IR,4,UAB,"https://static.www.nfl.com/image/upload/f_auto,q_auto/league/rwvd1sputd9x1dziyznz",2026
4367209,00-0037252,8172,DulcGr00,34036,15891,Greg Dulcich,Greg,Dulcich,TE,TE,MIA,85,ACT,Active,4,UCLA,"https://static.www.nfl.com/image/upload/f_auto,q_auto/league/kw4cwgjl4kywh6le4sfh",2026
4241720,00-0037253,8359,JoneMa06,34041,15983,Marcus Jones,Marcus,Jones,DB,CB,NE,25,ACT,Active,4,Houston; Troy,"https://static.www.nfl.com/image/upload/f_auto,q_auto/league/eteesniqc4caawrpbfuh",2026
4259166,00-0037254,8311,BernTe00,34045,16187,Terrel Bernard,Terrel,Bernard,LB,MLB,BUF,8,ACT,Active,4,Baylor,"https://static.www.nfl.com/image/upload/f_auto,q_auto/league/rhs6gmpfig52ziimyzls",2026
,00-0037255,,,,,Dylan Parham,Dylan,Parham,OL,G,NYJ,64,ACT,Active,4,Memphis,"https://static.www.nfl.com/image/upload/f_auto,q_auto/league/nlsqokqb2jhy4fzf4e8x",2026
4697815,00-0037256,8136,WhitRa01,34047,15802,Rachaad White,Rachaad,White,RB,RB,WAS,1,ACT,Active,4,Arizona State; Mt. San Antonio; Kearney State,"https://static.www.nfl.com/image/upload/f_auto,q_auto/league/wtdhs50gcl2p6vngsnre",2026
4360238,00-0037258,8129,PierDa01,34063,15875,Dameon Pierce,Dameon,Pierce,RB,RB,PHI,39,DEV,Practice Squad,4,Florida,"https://static.www.nfl.com/image/upload/f_auto,q_auto/league/oai3defivyfyofxxh4ux",2026
4371961,00-0037259,8396,McFaMi01,34102,16186,Micah McFadden,Micah,McFadden,LB,ILB,NYG,41,ACT,Active,4,Indiana,"https://static.www.nfl.com/image/upload/f_auto,q_auto/league/nxlztsejsflkplpgq0jn",2026
4242899,00-0037260,8262,DaviDJ00,34103,15937,D.J. Davidson,D.J.,Davidson,DL,DT,WAS,77,RET,Retired,4,Arizona State,"https://static.www.nfl.com/image/upload/f_auto,q_auto/league/l3ls8hdnfxfsdp9tmeqi",2026
4373678,00-0037261,8134,ShakKh00,34104,15892,Khalil Shakir,Khalil,Shakir,WR,WR,BUF,10,ACT,Active,4,Boise State,"https://static.www.nfl.com/image/upload/f_auto,q_auto/league/syvp3hficobwcsim3i9v",2026
4360749,00-0037262,8380,BookTh00,34106,16124,Thomas Booker,Thomas,Booker,DL,DT,LV,99,ACT,Active,4,Stanford,"https://static.www.nfl.com/image/upload/f_auto,q_auto/league/awrlnfwnvv3ehlnbe4cp",2026
4373626,00-0037263,8132,AllgTy00,34107,15976,Tyler Allgeier,Tyler,Allgeier,RB,RB,ARI,22,ACT,Active,4,BYU,"https://static.www.nfl.com/image/upload/f_auto,q_auto/league/sp9lhhmpv4qy3xy2msxd",2026
,00-0037266,,,,,Matt Waletzko,Matt,Waletzko,OL,T,KC,73,RES,Reserve/IR,4,North Dakota,"https://static.www.nfl.com/image/upload/f_auto,q_auto/league/asqlemwjq8njytpjgnnr",2026
4250392,00-0037268,8384,McCoZy02,34113,15943,Zyon McCollum,Zyon,McCollum,DB,CB,TB,27,ACT,Active,4,Sam Houston State,"https://static.www.nfl.com/image/upload/f_auto,q_auto/league/tx9thnuxhb2uqzbl0dgb",2026
4367210,00-0037270,8331,OgboOt00,34116,16191,Otito Ogbonnia,Otito,Ogbonnia,DL,DE,DAL,91,ACT,Active,4,UCLA,"https://static.www.nfl.com/image/upload/f_auto,q_auto/league/oyayc8mxpu7grfwqgzrz",2026
4241007,00-0037271,8367,JackDM00,34117,16215,D'Marco Jackson,D'Marco,Jackson,LB,OLB,CHI,48,ACT,Active,4,Appalachian State,"https://static.www.nfl.com/image/upload/f_auto,q_auto/league/bwbialh78nao9svr8jqn",2026
4240759,00-0037274,8342,OtomEs00,34121,16201,Esezi Otomewo,Esezi,Otomewo,DL,DE,PIT,93,DEV,Practice Squad,4,Minnesota,"https://static.www.nfl.com/image/upload/f_auto,q_auto/league/kebjbuk4q1algng5hf3b",2026
4248911,00-0037275,8476,BlanDa00,34123,16273,DaRon Bland,Daron,Bland,DB,CB,DAL,26,ACT,Active,4,Fresno State,"https://static.www.nfl.com/image/upload/f_auto,q_auto/league/z07adznf3gtvfusy8azb",2026
4242431,00-0037276,8230,ChanTy01,34125,15979,Ty Chandler,Ty,Chandler,RB,RB,NO,32,RES,Reserve/IR,4,North Carolina,"https://static.www.nfl.com/image/upload/f_auto,q_auto/league/dmprsfd75phecgmbkf4l",2026
4374045,00-0037277,8227,QuitTe00,34126,16034,Teagan Quitoriano,Teagan,Quitoriano,TE,TE,ARI,47,DEV,Practice Squad,4,Oregon State,"https://static.www.nfl.com/image/upload/f_auto,q_auto/league/adwepaexueevxdcqjhyf",2026
,00-0037278,,,,,Luke Wattenberg,Luke,Wattenberg,OL,C,DEN,60,ACT,Active,4,Washington,"https://static.www.nfl.com/image/upload/f_auto,q_auto/league/auqegcdovmpcz6pw5arq",2026
4362636,00-0037281,8309,ClarDa02,34132,16017,Damone Clark,Damone,Clark,LB,OLB,DET,11,RES,Reserve/IR,4,LSU,"https://static.www.nfl.com/image/upload/f_auto,q_auto/league/ffk6kh200c0f38zgzmuo",2026
4248047,00-0037283,8306,RidgJo00,34134,16128,John Ridgeway,John,Ridgeway,DL,DT,NO,95,ACT,Active,4,Arkansas; Illinois State,"https://static.www.nfl.com/image/upload/f_auto,q_auto/league/irpvoorgwwezk7qxrp0m",2026
4361496,00-0037284,8486,AraiMa00,,16149,Matt Araiza,Matt,Araiza,P,P,KC,14,ACT,Active,4,San Diego State,"https://static.www.nfl.com/image/upload/f_auto,q_auto/league/tmtvevrgg8lziqewdhtv",2026
,00-0037287,,,,,Vederian Lowe,Vederian,Lowe,OL,T,SF,76,ACT,Active,4,Illinois,"https://static.www.nfl.com/image/upload/f_auto,q_auto/league/ihqeka8g0xhjacqhkj0i",2026
4379778,00-0037288,8487,BenfCh00,34141,16275,Christian Benford,Christian,Benford,DB,CB,BUF,47,ACT,Active,4,Villanova,"https://static.www.nfl.com/image/upload/f_auto,q_auto/league/kxucquiz77lhp8rn1nni",2026
4241411,00-0037289,8334,RodrMa00,34144,16052,Malcolm Rodriguez,Malcolm,Rodriguez,LB,OLB,DET,44,ACT,Active,4,Oklahoma State,"https://static.www.nfl.com/image/upload/f_auto,q_auto/league/sovw0sc0bm1xltqv2zmb",2026
4382466,00-0037291,8180,NailJa00,34147,16025,Jalen Nailor,Jalen,Nailor,WR,WR,LV,9,ACT,Active,4,Michigan State,"https://static.www.nfl.com/image/upload/f_auto,q_auto/league/nojopyt8hxuwycxyaokb",2026
4722908,00-0037292,8489,OgleAn00,34148,16277,Andrew Ogletree,Andrew,Ogletree,TE,TE,IND,85,ACT,Active,4,Youngstown State,"https://static.www.nfl.com/image/upload/f_auto,q_auto/league/wvcrk0ygv3coprxj4cnt",2026
4261090,00-0037294,8370,JackJo06,34150,15905,Jordan Jackson,Jordan,Jackson,DL,DE,DEN,94,ACT,Active,4,Air Force,"https://static.www.nfl.com/image/upload/f_auto,q_auto/league/hpu3u6cvmei1bulufxbp",2026
,00-0037297,,,,,Cade Mays,Cade,Mays,OL,C,DET,64,RES,Reserve/IR,4,Tennessee,"https://static.www.nfl.com/image/upload/f_auto,q_auto/league/lw5vbu41hbzw9nychtb7",2026
4242436,00-0037301,8496,JackTh00,34164,16279,Theo Jackson,Theo,Jackson,DB,FS,MIN,26,ACT,Active,4,Tennessee,"https://static.www.nfl.com/image/upload/f_auto,q_auto/league/bn0zvntbfmhw7yki2xr4",2026
,00-0037302,,,,,Austin Deculus,Austin,Deculus,OL,T,TEN,76,CUT,Cut,4,LSU,"https://static.www.nfl.com/image/upload/f_auto,q_auto/league/da3gpuvmzfoc7tnn5nut",2026
4242358,00-0037303,8495,HennMa01,34161,15915,Matt Henningsen,Matt,Henningsen,DL,DE,DEN,91,RES,Reserve/IR,4,Wisconsin,"https://static.www.nfl.com/image/upload/f_auto,q_auto/league/nz9uyvuwvedqcru4hhqj",2026
4241961,00-0037304,8181,HeywCo00,34163,15916,Connor Heyward,Connor,Heyward,RB,FB,LV,34,ACT,Active,4,Michigan State,"https://static.www.nfl.com/image/upload/f_auto,q_auto/league/nbbhxtutzvbj0ejljyyp",2026
,00-0037305,,,,,Luke Tenuta,Luke,Tenuta,OL,T,IND,67,DEV,Practice Squad,4,Virginia Tech,"https://static.www.nfl.com/image/upload/f_auto,q_auto/league/kfhb0ihfu23aybocl7oh",2026
4240434,00-0037307,8481,TaylJa04,34170,16181,Ja'Sir Taylor,Ja'Sir,Taylor,DB,CB,CIN,26,RES,Reserve/IR,4,Wake Forest,"https://static.www.nfl.com/image/upload/f_auto,q_auto/league/lzlwu2xb6ohzqddbo7mi",2026
4240608,00-0037310,8494,HousJa01,34173,16281,James Houston,James,Houston,LB,OLB,DAL,41,ACT,Active,4,Jackson State University,"https://static.www.nfl.com/image/upload/f_auto,q_auto/league/zmjl8vpdr8fjeefnsnec",2026
4034779,00-0037311,8484,KiefKo00,34174,16282,Ko Kieft,Ko,Kieft,TE,TE,TB,41,ACT,Active,4,Minnesota,"https://static.www.nfl.com/image/upload/f_auto,q_auto/league/whd4f9mav6qqckqltqwu",2026
4372051,00-0037312,8369,CampCh02,34175,16260,Chance Campbell,Chance,Campbell,LB,ILB,PHI,59,DEV,Practice Squad,4,Mississippi,"https://static.www.nfl.com/image/upload/f_auto,q_auto/league/shwgveoj7jbhqenckrmh",2026
4242149,00-0037313,8305,BrowMo00,34178,16154,Montaric Brown,Montaric,Brown,DB,CB,JAX,1,ACT,Active,4,Arkansas,"https://static.www.nfl.com/image/upload/f_auto,q_auto/league/jslgwquwwlbotxr8f1jz",2026
4249624,00-0037317,8523,MuseNi00,34183,16286,Nick Muse,Nick,Muse,TE,TE,ATL,87,DEV,Practice Squad,4,South Carolina,"https://static.www.nfl.com/image/upload/f_auto,q_auto/league/cdidnsvt1we5d7ffnjbo",2026
4690171,00-0037320,8519,LeonDe00,,16288,Deane Leonard,Deane,Leonard,DB,CB,LAC,33,ACT,Active,4,Mississippi,"https://static.www.nfl.com/image/upload/f_auto,q_auto/league/iwcena0ukt705dihzict",2026
4248455,00-0037323,8517,ThomRo07,34195,16290,Rodney Thomas,Rodney,Thomas,DB,FS,SEA,24,DEV,Practice Squad,4,Yale,"https://static.www.nfl.com/image/upload/f_auto,q_auto/league/rmch7ilcol08gczhpwp6",2026
4044111,00-0037324,8413,OladCh00,34197,16291,Chris Oladokun,Chris,Oladokun,QB,QB,KC,19,RES,Reserve/IR,4,South Dakota State,"https://static.www.nfl.com/image/upload/f_auto,q_auto/league/zlcmvcyi6laaklmjv1j2",2026
4036419,00-0037327,8206,ThomSk00,34203,15974,Skylar Thompson,Skylar,Thompson,QB,QB,BAL,11,RES,Reserve/IR,4,Kansas State,"https://static.www.nfl.com/image/upload/f_auto,q_auto/league/estx7utxpnqif0lto9cq",2026
4036032,00-0037329,8423,BrowBr06,34206,16294,Brittain Brown,Brittain,Brown,RB,RB,CHI,38,RES,Reserve/IR,4,UCLA,"https://static.www.nfl.com/image/upload/f_auto,q_auto/league/xo28viloq6rjkgca3gpz",2026
,00-0037336,,,,,Brock Hoffman,Brock,Hoffman,OL,C,PIT,67,ACT,Active,4,Virginia Tech; Coastal Carolina,"https://static.www.nfl.com/image/upload/f_auto,q_auto/league/hiicig3ulzzr8euomzvi",2026
4876006,00-0037340,8799,MitcZa00,34489,16530,Zaire Mitchell-Paden,Zaire,Mitchell-Paden,TE,TE,HOU,84,DEV,Practice Squad,4,Florida Atlantic,"https://static.www.nfl.com/image/upload/f_auto,q_auto/league/kx728asxtg6ykmh1yblc",2026
,00-0037349,,,,,Kellen Diesch,Kellen,Diesch,OL,T,SEA,65,CUT,Cut,4,Arizona State,"https://static.www.nfl.com/image/private/f_auto,q_auto/league/pryvpnkqsrry7mtdgbsx",2026
4291489,00-0037353,8857,KohoKa00,34529,16330,Kader Kohou,Kader,Kohou,DB,CB,KC,26,DEV,Practice Squad,4,East Texas A&M,"https://static.www.nfl.com/image/upload/f_auto,q_auto/league/bf60hryk7uooskpxjhuz",2026
4034861,00-0037356,8850,StilBe00,34537,16241,Ben Stille,Ben,Stille,DL,DT,DET,96,DEV,Practice Squad,4,Nebraska,"https://static.www.nfl.com/image/upload/f_auto,q_auto/league/wyj9urijpkzuz2noqk2g",2026
4242996,00-0037364,8569,MosbAr00,,16509,Arron Mosby,Arron,Mosby,LB,OLB,GB,53,DEV,Practice Squad,4,Fresno State,"https://static.www.nfl.com/image/upload/f_auto,q_auto/league/siq8ayl7lif3uddghbum",2026
5065495,00-0037380,8755,DaviKa02,34569,16472,Kaden Davis,Kaden,Davis,WR,WR,CHI,81,DEV,Practice Squad,4,NW Missouri State University,"https://static.www.nfl.com/image/upload/f_auto,q_auto/league/j4pxqpw02oztmctolcdr",2026
,00-0037381,,,,,Sebastian Gutierrez,Sebastian,Gutierrez,OL,T,DAL,61,CUT,Cut,4,Minot State University,"https://static.www.nfl.com/image/upload/f_auto,q_auto/league/kr1elh1r5d8yb99vmsxj",2026
4035198,00-0037382,8756,JohnBr23,34571,16473,Brandon Johnson,Brandon,Johnson,WR,WR,PIT,82,DEV,Practice Squad,4,UCF; Tennessee,"https://static.www.nfl.com/image/upload/f_auto,q_auto/league/pjdx1jdr9snczoeyevli",2026
4567462,00-0037384,8752,McMiJa00,34574,16477,Ja'Quan McMillian,Ja'Quan,McMillian,DB,CB,DEN,29,ACT,Active,4,East Carolina,"https://static.www.nfl.com/image/upload/f_auto,q_auto/league/kpgabuesfqci0swbrkem",2026
,00-0037385,,,,,Michael Niese,Michael,Niese,OL,C,DET,62,RES,Reserve/IR,4,Temple,"https://static.www.nfl.com/image/upload/f_auto,q_auto/league/lftjd1todj0qfpubrsgv",2026
4917592,00-0037395,8833,FlowDa00,34503,16547,Dallis Flowers,Dallis,Flowers,DB,CB,CHI,37,RES,Reserve/IR,4,Pittsburg State (KS),"https://static.www.nfl.com/image/upload/f_auto,q_auto/league/gzmnysc6ars1fshia3kt",2026
,00-0037404,,,,,Ryan Van Demark,Ryan,Van Demark,OL,T,MIN,72,ACT,Active,4,Connecticut,"https://static.www.nfl.com/image/upload/f_auto,q_auto/league/gcnwaxoqw1ys3dpxs6xf",2026
4372519,00-0037410,8194,CorbJa01,34665,15980,Jashaun Corbin,Jashaun,Corbin,RB,RB,DAL,36,CUT,Cut,4,Florida State,"https://static.www.nfl.com/image/upload/f_auto,q_auto/league/ovzlcbe1osd6ugfxu55d",2026
,00-0037413,,,,,Ben Brown,Ben,Brown,OL,C,NE,77,ACT,Active,4,Mississippi,"https://static.www.nfl.com/image/upload/f_auto,q_auto/league/lml1v7twuud44q3pn0hm",2026
,00-0037414,,,,,Devin Cochran,Devin,Cochran,OL,T,DET,77,DEV,Practice Squad,4,Georgia Tech,"https://static.www.nfl.com/image/upload/f_auto,q_auto/league/xbxzyjodpatlv5edyuew",2026
4035776,00-0037422,8783,PryoKe00,34476,16519,Kendric Pryor,Kendric,Pryor,WR,WR,CIN,19,CUT,Cut,4,Wisconsin,"https://static.www.nfl.com/image/upload/f_auto,q_auto/league/fpklza3pwkzdiqjqlene",2026
,00-0037428,,,,,Alec Anderson,Alec,Anderson,OL,G,BUF,70,ACT,Active,4,UCLA,"https://static.www.nfl.com/image/upload/f_auto,q_auto/league/frlusanzfnfuvcgjc05a",2026
4240405,00-0037431,8776,JonaKi00,,16499,Kingsley Jonathan,Kingsley,Jonathan,DL,DE,NYJ,57,RES,Reserve/IR,4,Syracuse,"https://static.www.nfl.com/image/upload/f_auto,q_auto/league/ippwcl86bpdf0ztu1w10",2026
4033812,00-0037457,8349,HansJa01,34598,15314,Jake Hansen,Jake,Hansen,LB,MLB,HOU,35,ACT,Active,4,Illinois,"https://static.www.nfl.com/image/upload/f_auto,q_auto/league/i0pe7wrwhctzokn1kurk",2026
4250393,00-0037461,8542,McCoTr00,,16545,Tristin McCollum,Tristin,McCollum,DB,SS,LV,27,ACT,Active,4,Sam Houston State,"https://static.www.nfl.com/image/upload/f_auto,q_auto/league/lob4yulcbxvkweblc0dg",2026
4258237,00-0037468,8578,LaynRa00,,16314,Raheem Layne,Raheem,Layne,DB,SS,NYG,43,DEV,Practice Squad,4,Indiana,"https://static.www.nfl.com/image/upload/f_auto,q_auto/league/z3fhkczvsef6tqspduap",2026
4250764,00-0037475,8583,SmarSt00,34637,16321,Stone Smartt,Stone,Smartt,TE,TE,NO,85,DEV,Practice Squad,4,Old Dominion,"https://static.www.nfl.com/image/upload/f_auto,q_auto/league/g8mtiyojkmj8vwzmg0ez",2026
,00-0037480,,,,,Dylan Cook,Dylan,Cook,OL,T,PIT,60,ACT,Active,4,Montana; Northern Montana State University,"https://static.www.nfl.com/image/upload/f_auto,q_auto/league/nj4lwx2zcxnzg6kn3tu5",2026
4374187,00-0037487,8253,ThomDe07,34520,16333,Deven Thompkins,Deven,Thompkins,WR,WR,LV,83,DEV,Practice Squad,4,Utah State,"https://static.www.nfl.com/image/upload/f_auto,q_auto/league/hohgyaldfuylxqwnb8i2",2026
4244310,00-0037493,8532,BrowMi02,34232,16300,Mike Brown,Michael,Brown,DB,FS,NE,33,DEV,Practice Squad,4,Miami (Ohio),"https://static.www.nfl.com/image/upload/f_auto,q_auto/league/vufbgfg96s4jt3tlxdiw",2026
4361823,00-0037500,8528,WrigRy00,,16306,Ryan Wright,Ryan,Wright,P,P,NO,17,ACT,Active,4,Tulane,"https://static.www.nfl.com/image/upload/f_auto,q_auto/league/g8j6r8d2ut2a2ln6i3c6",2026
4430104,00-0037509,8220,McCoSi00,34551,16107,Sincere McCormick,Sincere,McCormick,RB,RB,SF,35,DEV,Practice Squad,4,Texas-San Antonio,"https://static.www.nfl.com/image/upload/f_auto,q_auto/league/t2e5ffjyc1iimyxufxjs",2026
4259632,00-0037512,8838,PolaIs00,34556,16202,Isaiah Pola-Mao,Isaiah,Pola-Mao,DB,FS,LV,20,ACT,Active,4,USC,"https://static.www.nfl.com/image/upload/f_auto,q_auto/league/iv2fsbkqbciaglpqrlbd",2026
,00-0037522,,,,,Qwuantrezz Knight,Qwuantrezz,Knight,DB,SS,WAS,32,CUT,Cut,4,UCLA; Kent State; Maryland,"https://static.www.nfl.com/image/upload/f_auto,q_auto/league/ebcmhvdawy6mnljilrxz",2026
4245144,00-0037524,8250,MartTa00,34319,15918,Tay Martin,Davontavean,Martin,WR,WR,DET,17,ACT,Active,4,Oklahoma State,"https://static.www.nfl.com/image/upload/f_auto,q_auto/league/ttdp5v9tl0zqmb0dmmuv",2026
4360569,00-0037525,8408,MasoJo00,34320,16163,Jordan Mason,Jordan,Mason,RB,RB,MIN,27,ACT,Active,4,Georgia Tech,"https://static.www.nfl.com/image/upload/f_auto,q_auto/league/qeeucinnxl8mpzaw23hc",2026
4045299,00-0037526,8618,McCrMa01,,16394,Marcelino McCrary-Ball,Marcelino,McCrary-Ball,LB,ILB,NYJ,41,ACT,Active,4,Indiana,"https://static.www.nfl.com/image/upload/f_auto,q_auto/league/fs8k5b7zyglt1zg9q5zd",2026
4260703,00-0037527,8620,OlubSe00,34322,16395,Segun Olubi,Segun,Olubi,LB,ILB,LV,50,ACT,Active,4,San Diego State,"https://static.www.nfl.com/image/upload/f_auto,q_auto/league/wdbdm4wqfnxyot962sco",2026
4360231,00-0037539,8249,KrulLu00,34654,16259,Lucas Krull,Lucas,Krull,TE,TE,DEN,85,DEV,Practice Squad,4,Pittsburgh,"https://static.www.nfl.com/image/upload/f_auto,q_auto/league/eolvpkk5jjmipuqmf5v6",2026
4241611,00-0037544,8328,SeweNe00,34716,16196,Nephi Sewell,Nephi,Sewell,LB,OLB,CHI,45,RES,Reserve/IR,4,Utah,"https://static.www.nfl.com/image/upload/f_auto,q_auto/league/whfernvrrhmopmxfucso",2026
4032473,00-0037545,8676,ShahRa00,34659,16560,Rashid Shaheed,Rashid,Shaheed,WR,WR,SEA,22,ACT,Active,4,Weber State,"https://static.www.nfl.com/image/upload/f_auto,q_auto/league/ku2naisfbxmzgagxojnm",2026
4248789,00-0037547,8674,WhelDa00,,16598,Daniel Whelan,Daniel,Whelan,P,P,GB,19,ACT,Active,4,UC Davis,"https://static.www.nfl.com/image/upload/f_auto,q_auto/league/sbt08fmtztaze2rm3cef",2026
4036660,00-0037549,8666,BakeDa02,34302,16385,Darrell Baker Jr.,Darrell,Baker,DB,CB,MIA,22,RES,Reserve/IR,4,Georgia Southern,"https://static.www.nfl.com/image/upload/f_auto,q_auto/league/qz4bicahmuowtpiesehf",2026
4243003,00-0037557,8195,RiveRo01,34310,16108,Ronnie Rivers,Ronnie,Rivers,RB,RB,LA,20,ACT,Active,4,Fresno State,"https://static.www.nfl.com/image/upload/f_auto,q_auto/league/t9l7jhs1jw1joy8jpxee",2026
4241921,00-0037561,8399,BellMa01,,16142,Markquese Bell,Markquese,Bell,DB,SS,DAL,14,ACT,Active,4,Florida A&M,"https://static.www.nfl.com/image/upload/f_auto,q_auto/league/wdantov1g2bbtjf4chpx",2026
4240603,00-0037563,8800,DaviMa02,34610,15828,Malik Davis,Malik,Davis,RB,RB,DAL,20,ACT,Active,4,Florida,"https://static.www.nfl.com/image/upload/f_auto,q_auto/league/zvranxxyt8qeihn8c2q9",2026
4572786,00-0037570,8801,HousDe01,34592,16356,Dennis Houston,Dennis,Houston,WR,WR,TB,89,CUT,Cut,4,Western Illinois,"https://static.www.nfl.com/image/upload/f_auto,q_auto/league/mrysbvm2hmsouvdwti9w",2026
4045701,00-0037585,8654,HornTi00,,16494,Timmy Horne,Timmy,Horne,DL,NT,TEN,94,DEV,Practice Squad,4,Kansas State,"https://static.www.nfl.com/image/upload/f_auto,q_auto/league/vuyddfbh4sapogzrxyqv",2026
4243181,00-0037587,8659,LandNa01,34291,15904,Nate Landman,Nate,Landman,LB,ILB,LA,53,ACT,Active,4,Colorado,"https://static.www.nfl.com/image/upload/f_auto,q_auto/league/w44rpubxjijvxv0pkfnh",2026
4367567,00-0037594,8254,ChesJu00,34451,15921,Julius Chestnut,Julius,Chestnut,RB,RB,TEN,36,ACT,Active,4,Sacred Heart University,"https://static.www.nfl.com/image/upload/f_auto,q_auto/league/bkhv6hpjogvs5b31wwrs",2026
4249739,00-0037596,8680,GibbJa00,34454,16576,Jack Gibbens,Jack,Gibbens,LB,ILB,ARI,50,ACT,Active,4,Minnesota; Abilene Christian,"https://static.www.nfl.com/image/upload/f_auto,q_auto/league/cbl2jymi5wc5wxctu1es",2026
,00-0037601,,,,,Xavier Newman-Johnson,Xavier,Newman-Johnson,OL,G,NYJ,65,DEV,Practice Squad,4,Baylor,"https://static.www.nfl.com/image/upload/f_auto,q_auto/league/ltlojovue9gzntpaubjn",2026
4569497,00-0037602,8540,OkuaSa00,,16581,Sam Okuayinonu,Sam,Okuayinonu,DL,DE,SF,91,ACT,Active,4,Maryland,"https://static.www.nfl.com/image/upload/f_auto,q_auto/league/nbng6hhjkazvx3four5d",2026
4426326,00-0037611,8355,ThibKa00,33960,15854,Kayvon Thibodeaux,Kayvon,Thibodeaux,LB,OLB,NYG,5,ACT,Active,4,Oregon,"https://static.www.nfl.com/image/upload/f_auto,q_auto/league/zva5gqbt2nauteuxlcao",2026
4567096,00-0037614,8147,MetcJo00,33999,16069,John Metchie III,John,Metchie,WR,WR,CAR,13,ACT,Active,4,Alabama,"https://static.www.nfl.com/image/upload/f_auto,q_auto/league/nsjpnskeldxzbzckpfgg",2026
4426340,00-0037615,8267,DeanNa00,34039,15931,Nakobe Dean,Nakobe,Dean,LB,MLB,LV,17,ACT,Active,4,Georgia,"https://static.www.nfl.com/image/upload/f_auto,q_auto/league/cyowdu41yhyzblsz2aam",2026
4426403,00-0037616,8392,CrosNi00,34052,16139,Nick Cross,Nicolas,Cross,DB,SS,WAS,25,ACT,Active,4,Maryland,"https://static.www.nfl.com/image/upload/f_auto,q_auto/league/kk6rwopeqnomepo0lc9f",2026
4372071,00-0037617,8123,HaskHa00,34087,15992,Hassan Haskins,Hassan,Haskins,RB,RB,NE,26,DEV,Practice Squad,4,Michigan,"https://static.www.nfl.com/image/upload/f_auto,q_auto/league/n9jwsfxyo1xppmhscpik",2026
,00-0037618,,,,,Zach Thomas,Zachary,Thomas,OL,T,TEN,72,CUT,Cut,4,San Diego State,"https://static.www.nfl.com/image/upload/f_auto,q_auto/league/b6vrvm3sbykrka1mr9jp",2026
,00-0037620,,,,,Andrew Stueber,Andrew,Stueber,OL,T,ATL,74,CUT,Cut,4,Michigan,"https://static.www.nfl.com/image/upload/f_auto,q_auto/league/glytc2q32qsae8ormcvn",2026
4241250,00-0037633,8733,HummJa00,34342,16270,Jacob Hummel,Jake,Hummel,LB,OLB,HOU,33,ACT,Active,4,Iowa State,"https://static.www.nfl.com/image/upload/f_auto,q_auto/league/merkvyg5qcq6ykgsqqyb",2026
4240059,00-0037661,8901,IngrJa00,,16342,Ja'Marcus Ingram,Ja'Marcus,Ingram,DB,CB,HOU,20,RES,Reserve/IR,4,Buffalo; Texas Tech,"https://static.www.nfl.com/image/upload/f_auto,q_auto/league/psqzuevupspatsrfianv",2026
4567962,00-0037663,8398,JohnJe07,33981,15805,Jermaine Johnson II,Jermaine,Johnson,LB,OLB,TEN,11,ACT,Active,4,Florida State,"https://static.www.nfl.com/image/upload/f_auto,q_auto/league/jj3gmudznyutylbkkqbu",2026
4360078,00-0037664,8142,PierAl00,34008,16022,Alec Pierce,Alec,Pierce,WR,WR,IND,14,ACT,Active,4,Cincinnati,"https://static.www.nfl.com/image/upload/f_auto,q_auto/league/qcg9t51wgp3hicavmkmy",2026
4567242,00-0037665,8368,WillSa00,34011,16091,Sam Williams,Sam,Williams,DL,DE,CLE,54,ACT,Active,4,Mississippi,"https://static.www.nfl.com/image/upload/f_auto,q_auto/league/dffnhnfk8qloazleesuj",2026
4249417,00-0037666,8117,TolbJa00,34044,16010,Jalen Tolbert,Jalen,Tolbert,WR,WR,MIA,1,ACT,Active,4,South Alabama,"https://static.www.nfl.com/image/upload/f_auto,q_auto/league/dthrzudnyh1mcrh1det2",2026
4360383,00-0037667,8348,JoseKe03,34053,16071,Kerby Joseph,Kerby,Joseph,DB,FS,DET,31,RES,Reserve/IR,4,Illinois,"https://static.www.nfl.com/image/upload/f_auto,q_auto/league/jairg6uh8wzsvw6fmtpx",2026
,00-0037686,,,,,Tucker Addington,Tucker,Addington,LS,LS,MIA,46,ACT,Active,5,Sam Houston State,"https://static.www.nfl.com/image/upload/f_auto,q_auto/league/weswfyqcc51q4zgjtgmq",2026
3953687,00-0037692,11533,AubrBr00,40819,17649,Brandon Aubrey,Brandon,Aubrey,K,K,DAL,17,ACT,Active,4,Notre Dame,"https://static.www.nfl.com/image/upload/f_auto,q_auto/league/bgwg06zmyohjxvzznbf6",2026
3914307,00-0037708,8921,AlexMa02,34712,16641,Maurice Alexander,Maurice,Alexander,WR,WR,CHI,13,CUT,Cut,6,Florida International,"https://static.www.nfl.com/image/upload/f_auto,q_auto/league/yzohmksbod2i5sslcndw",2026
5081728,00-0037711,8914,PharJe00,,16635,Jeremiah Pharms Jr.,Jeremiah,Pharms,DL,DT,NE,98,DEV,Practice Squad,6,Friends U.,"https://static.www.nfl.com/image/upload/f_auto,q_auto/league/bhm6towuahy7ztd8zkna",2026
4569618,00-0037740,8146,WilsGa00,33965,15829,Garrett Wilson,Garrett,Wilson,WR,WR,NYJ,5,ACT,Active,4,Ohio State,"https://static.www.nfl.com/image/upload/f_auto,q_auto/league/upxwxmhdd8xluztgqwhe",2026
4361409,00-0037741,8119,DotsJa00,33971,15850,Jahan Dotson,Jahan,Dotson,WR,WR,ATL,4,ACT,Active,4,Penn State,"https://static.www.nfl.com/image/upload/f_auto,q_auto/league/gwuibfw7ljxudxtldcvh",2026
4567156,00-0037742,8135,BurkTr00,33973,15896,Treylon Burks,Treylon,Burks,WR,WR,WAS,13,ACT,Active,4,Arkansas,"https://static.www.nfl.com/image/upload/f_auto,q_auto/league/bmozbzdxgnnwdniuvgnn",2026
4426422,00-0037743,8286,HillDa04,33986,15941,Daxton Hill,Daxton,Hill,DB,CB,CIN,23,ACT,Active,4,Michigan,"https://static.www.nfl.com/image/upload/f_auto,q_auto/league/onw9ijbhtrdvjqpi0toh",2026
4361307,00-0037744,8130,McBrTr01,34010,15902,Trey McBride,Trey,McBride,TE,TE,ARI,85,ACT,Active,4,Colorado State,"https://static.www.nfl.com/image/upload/f_auto,q_auto/league/psasp10nn5pcvkli9kil",2026
4035693,00-0037745,8223,JoneVe00,34027,15846,Velus Jones Jr.,Velus,Jones,RB,RB,SEA,33,DEV,Practice Squad,4,Tennessee; USC,"https://static.www.nfl.com/image/upload/f_auto,q_auto/league/d4y5fxivhcxk34q7stpb",2026
4241474,00-0037746,8154,RobiBr01,34054,15907,Brian Robinson,Brian,Robinson,RB,RB,ATL,15,ACT,Active,4,Alabama,"https://static.www.nfl.com/image/upload/f_auto,q_auto/league/n1xhex1ytisxcbcggqu7",2026
,00-0037748,,,,,Marquis Hayes,Marquis,Hayes,OL,G,NYJ,77,DEV,Practice Squad,4,Oklahoma,"https://static.www.nfl.com/image/upload/f_auto,q_auto/league/auuwluzhdqthflbvwxsu",2026
4257240,00-0037752,8377,AndeTy00,34122,16141,Tycen Anderson,Tycen,Anderson,DB,FS,DEN,6,ACT,Active,4,Toledo,"https://static.www.nfl.com/image/upload/f_auto,q_auto/league/bcj31sdowvuw6gqh5zzj",2026
4361196,00-0037753,8341,TaylCa01,34016,16147,Cam Taylor-Britt,Cam,Taylor-Britt,DB,CB,IND,26,RES,Reserve/IR,4,Nebraska,"https://static.www.nfl.com/image/upload/f_auto,q_auto/league/zco7tr0hv4kxfytolltt",2026
,00-0037754,,,,,Nicholas Petit-Frere,Nicholas,Petit-Frere,OL,T,WAS,77,CUT,Cut,4,Ohio State,"https://static.www.nfl.com/image/upload/f_auto,q_auto/league/pbfr1pfxbihhuarcuqjz",2026
4241410,00-0037755,8219,WoodJe01,34029,15821,Jelani Woods,Jelani,Woods,TE,TE,NYJ,86,ACT,Active,4,Virginia,"https://static.www.nfl.com/image/upload/f_auto,q_auto/league/bnezem4laynlarqnpyc5",2026
4362139,00-0037756,8400,JoneTr00,34032,16123,Travis Jones,Travis,Jones,DL,NT,BAL,98,ACT,Active,4,Connecticut,"https://static.www.nfl.com/image/upload/f_auto,q_auto/league/wm1f5uddgq3xmivgmrkz",2026
,00-0037757,,,,,Bernhard Raimann,Bernhard,Raimann,OL,T,IND,79,ACT,Active,4,Central Michigan,"https://static.www.nfl.com/image/upload/f_auto,q_auto/league/jfvsfwx5pyuj17pmpbqf",2026
4429607,00-0037758,8310,FlotCo00,34037,16158,Cordale Flott,Cordale,Flott,DB,CB,TEN,18,ACT,Active,4,LSU,"https://static.www.nfl.com/image/upload/f_auto,q_auto/league/dk8b5dpa5fflut1j4ynl",2026
5216101,00-0037799,12427,TillDo00,,18416,Dondrea Tillman,Dondrea,Tillman,LB,OLB,DEN,92,ACT,Active,6,"Indiana PA,  University of","https://static.www.nfl.com/image/upload/f_auto,q_auto/league/rqo88erhkag4dfighxdw",2026
3676833,00-0037801,8917,TurpKa00,34709,13894,KaVontae Turpin,Kavontae,Turpin,WR,WR,DAL,9,ACT,Active,7,TCU,"https://static.www.nfl.com/image/upload/f_auto,q_auto/league/tayjlp1hgmm6rewgl1k4",2026
4240619,00-0037804,8295,CartZa00,34051,16198,Zachary Carter,Zachary,Carter,DL,DT,ARI,90,RES,Reserve/IR,4,Florida,"https://static.www.nfl.com/image/upload/f_auto,q_auto/league/qvq8wnz7ssbxxuxxo9mn",2026
4361372,00-0037805,8145,RuckJe00,34057,15996,Jeremy Ruckert,Jeremy,Ruckert,TE,TE,NYJ,89,ACT,Active,4,Ohio State,"https://static.www.nfl.com/image/upload/f_auto,q_auto/league/bcqcta7r1uee3rqhejdh",2026
,00-0037807,,,,,Joshua Ezeudu,Joshua,Ezeudu,OL,G,KC,73,ACT,Active,4,North Carolina,"https://static.www.nfl.com/image/upload/f_auto,q_auto/league/frliqpf1kehhiaiq8m2e",2026
4243457,00-0037808,8372,MaloDe00,34038,16094,DeAngelo Malone,DeAngelo,Malone,LB,OLB,ATL,50,RES,Reserve/IR,4,Western Kentucky,"https://static.www.nfl.com/image/upload/f_auto,q_auto/league/uyjqwnbcams2hk2rmyh2",2026
4360635,00-0037809,8210,OkonCh00,34099,16042,Chig Okonkwo,Chigoziem,Okonkwo,TE,TE,WAS,85,ACT,Active,4,Maryland,"https://static.www.nfl.com/image/upload/f_auto,q_auto/league/pzcez6pi9tpdqkmjjnzk",2026
,00-0037812,,,,,Abraham Lucas,Abraham,Lucas,OL,T,SEA,72,ACT,Active,4,Washington State,"https://static.www.nfl.com/image/upload/f_auto,q_auto/league/uuarey3oymnwrxezyp4d",2026
,00-0037814,,,,,Luke Fortner,Luke,Fortner,OL,C,CAR,77,ACT,Active,4,Kentucky,"https://static.www.nfl.com/image/upload/f_auto,q_auto/league/lir08woankvv1ri6vpdr",2026
4361510,00-0037815,8383,ThomCa03,34043,15873,Cameron Thomas,Cameron,Thomas,DL,DE,ATL,99,ACT,Active,4,San Diego State,"https://static.www.nfl.com/image/upload/f_auto,q_auto/league/utrucssevq1dvqtxu3eh",2026
4361432,00-0037816,8121,DoubRo00,34088,16027,Romeo Doubs,Romeo,Doubs,WR,WR,NE,87,ACT,Active,4,Nevada,"https://static.www.nfl.com/image/upload/f_auto,q_auto/league/yxvzijmgwyyigljxfmyb",2026
,00-0037817,,,,,Zach Bako-Bewele,Zach,Bako-Bewele,OL,T,GB,50,ACT,Active,4,Wake Forest,"https://static.www.nfl.com/image/upload/f_auto,q_auto/league/rciezth8ldzcpq7yqbde",2026
,00-0037818,,,,,Zion Johnson,Zion,Johnson,OL,G,CLE,77,ACT,Active,4,Boston College; Davidson,"https://static.www.nfl.com/image/upload/f_auto,q_auto/league/no0uoh39lwbf4kzp4zfj",2026
4426901,00-0037819,8362,ChenLe00,34059,15913,Leo Chenal,Leo,Chenal,LB,ILB,WAS,54,ACT,Active,4,Wisconsin,"https://static.www.nfl.com/image/upload/f_auto,q_auto/league/vjl1lsaotcqcxkhm2std",2026
,00-0037821,,,,,Charles Cross,Charles,Cross,OL,T,SEA,67,ACT,Active,4,Mississippi State,"https://static.www.nfl.com/image/upload/f_auto,q_auto/league/bfihltadsoacis5cqin8",2026
4567099,00-0037823,8278,HarrCh06,34031,16130,Christian Harris,Christian,Harris,LB,ILB,ATL,45,ACT,Active,4,Alabama,"https://static.www.nfl.com/image/upload/f_auto,q_auto/league/ffkftfaaph6bcd0v1d4n",2026
,00-0037825,,,,,Tyler Linderbaum,Tyler,Linderbaum,OL,C,LV,65,ACT,Active,4,Iowa,"https://static.www.nfl.com/image/upload/f_auto,q_auto/league/fh4i4wf9f4nslburymqu",2026
4569511,00-0037826,8351,JackDr01,34017,15820,Drake Jackson,Drake,Jackson,LB,OLB,WAS,93,RES,Reserve/IR,4,USC,"https://static.www.nfl.com/image/upload/f_auto,q_auto/league/x8ndvrqtk5q076kwedxg",2026
4689546,00-0037828,8176,GrayDa02,34061,15804,Danny Gray,Danny,Gray,WR,WR,PHI,82,DEV,Practice Squad,4,SMU,"https://static.www.nfl.com/image/upload/f_auto,q_auto/league/qu9ojb3kaf3rhjotlycy",2026
,00-0037829,,,,,Spencer Burford,Spencer,Burford,OL,G,LV,70,ACT,Active,4,Texas-San Antonio,"https://static.www.nfl.com/image/upload/f_auto,q_auto/league/wtff3ynyk6usevyirayk",2026
4280416,00-0037830,8478,WomaSa00,34128,16274,Samuel Womack,Samuel,Womack,DB,CB,NYJ,22,DEV,Practice Squad,4,Toledo,"https://static.www.nfl.com/image/upload/f_auto,q_auto/league/rjvnnjizl2wtqrava83i",2026
,00-0037831,,,,,Nick Zakelj,Nick,Zakelj,OL,G,SF,63,RES,Reserve/IR,4,Fordham,"https://static.www.nfl.com/image/upload/f_auto,q_auto/league/cun4v40dnqifysuu9oxf",2026
4243541,00-0037832,8375,DaviKa01,34176,16185,Kalia Davis,Kalia,Davis,DL,DT,CLE,93,RES,Reserve/IR,4,UCF,"https://static.www.nfl.com/image/upload/f_auto,q_auto/league/bqad9jqdvg5tis5i3vgu",2026
4361741,00-0037834,8183,PurdBr00,34218,15834,Brock Purdy,Brock,Purdy,QB,QB,SF,13,ACT,Active,4,Iowa State,"https://static.www.nfl.com/image/upload/f_auto,q_auto/league/xs2fyj1sqdgwvt9ihbri",2026
,00-0037835,,,,,Luke Goedeke,Luke,Goedeke,OL,T,TB,67,ACT,Active,4,Central Michigan,"https://static.www.nfl.com/image/upload/f_auto,q_auto/league/sqxcnkcippzfz3mx2thm",2026
4243389,00-0037837,8125,AustCa00,34094,15874,Calvin Austin III,Calvin,Austin,WR,WR,NYG,82,RES,Reserve/IR,4,Memphis,"https://static.www.nfl.com/image/private/f_auto,q_auto/league/qlt6ztqcbu0uzad6aavt",2026
4361050,00-0037838,8131,LikeIs00,34095,16033,Isaiah Likely,Isaiah,Likely,TE,TE,NYG,9,ACT,Active,4,Coastal Carolina,"https://static.www.nfl.com/image/upload/f_auto,q_auto/league/b1pahldt9ixp9lssxi2d",2026
4384549,00-0037839,8381,DuraDe01,,16157,Cobie Durant,Decobie,Durant,DB,CB,DAL,2,ACT,Active,4,South Carolina State,"https://static.www.nfl.com/image/upload/f_auto,q_auto/league/oeeeljrjnb0mvvzi6csj",2026
4430737,00-0037840,8150,WillKy02,34120,15807,Kyren Williams,Kyren,Williams,RB,RB,LA,23,ACT,Active,4,Notre Dame,"https://static.www.nfl.com/image/upload/f_auto,q_auto/league/xti3pek6rmojqchakxpy",2026
4249128,00-0037841,8330,LakeQu00,34167,16146,Quentin Lake,Quentin,Lake,DB,FS,LA,37,ACT,Active,4,UCLA,"https://static.www.nfl.com/image/upload/f_auto,q_auto/league/qktbfevtbxiyrw9ekk72",2026
4360307,00-0037842,8271,KendDe00,34168,16153,Derion Kendrick,Derion,Kendrick,DB,CB,DAL,15,DEV,Practice Squad,4,Georgia; Clemson,"https://static.www.nfl.com/image/upload/f_auto,q_auto/league/rhmkstzb8ox2thtdo4k3",2026
4365629,00-0037843,8520,HardDa01,34191,16287,Daniel Hardy,Daniel,Hardy,DL,DE,CHI,92,ACT,Active,4,Montana State,"https://static.www.nfl.com/image/upload/f_auto,q_auto/league/z0xxyyeoreq9hcnvllfv",2026
4240071,00-0037844,8510,YeasRu00,34209,16295,Russ Yeast,Craig,Yeast,DB,FS,CIN,22,DEV,Practice Squad,4,Kansas State,"https://static.www.nfl.com/image/upload/f_auto,q_auto/league/zojmeuz1wcm1tlfewvxe",2026
,00-0037845,,,,,A.J. Arcuri,A.J.,Arcuri,OL,T,BAL,61,DEV,Practice Squad,4,Michigan State,"https://static.www.nfl.com/image/upload/f_auto,q_auto/league/gziofcy3o1epv9spjapl",2026
4567480,00-0037984,8361,WillDa15,34097,16160,Pepe Williams,Damarion,Williams,DB,CB,TB,28,CUT,Cut,4,Houston,"https://static.www.nfl.com/image/upload/f_auto,q_auto/league/vmakhsdcrjdtw0psgslj",2026
4575517,00-0038038,8339,HamiKy00,33969,15808,Kyle Hamilton,Kyle,Hamilton,DB,SS,BAL,14,ACT,Active,4,Notre Dame,"https://static.www.nfl.com/image/upload/f_auto,q_auto/league/cshtattblpge9ngjve9a",2026
4035686,00-0038039,8261,JoneJa10,34077,15809,Jack Jones,Jack,Jones,DB,CB,SF,25,ACT,Active,4,Arizona State,"https://static.www.nfl.com/image/upload/f_auto,q_auto/v1787861967/league/ah12ltwvgwl9few2ktqj",2026
4361777,00-0038040,8139,WhitZa01,34078,15852,Zamir White,Zamir,White,RB,RB,NO,33,DEV,Practice Squad,4,Georgia,"https://static.www.nfl.com/image/upload/f_auto,q_auto/league/jzthyqk2ld52f31ka1ir",2026
4242355,00-0038041,8110,FergJa00,34085,15947,Jake Ferguson,Jake,Ferguson,TE,TE,DAL,87,ACT,Active,4,Wisconsin,"https://static.www.nfl.com/image/upload/f_auto,q_auto/league/xpykb0tbosfwsn6dqstb",2026
4917635,00-0038043,8470,WillJo03,34091,16075,Joshua Williams,Joshua,Williams,DB,CB,TEN,25,RES,Reserve/IR,4,Fayetteville State University,"https://static.www.nfl.com/image/upload/f_auto,q_auto/league/w2nwt08uxz0owmctdyfu",2026
4241263,00-0038046,8127,KolaCh00,34084,15924,Charlie Kolar,Charlie,Kolar,TE,TE,LAC,88,ACT,Active,4,Iowa State,"https://static.www.nfl.com/image/upload/f_auto,q_auto/league/g75ws8vkqz9cqwifhcy7",2026
4430191,00-0038090,8168,MoorSk01,34009,16005,Skyy Moore,Skyy,Moore,WR,WR,GB,23,ACT,Active,4,Western Michigan,"https://static.www.nfl.com/image/upload/f_auto,q_auto/league/id9k0aylvgyq8lulabe3",2026
4362917,00-0038091,8313,WoodJT00,34035,16076,JT Woods,J.T.,Woods,DB,CB,NYG,35,CUT,Cut,4,Baylor,"https://static.www.nfl.com/image/upload/f_auto,q_auto/league/c9yj9oh5pdja14fvmoub",2026
4362186,00-0038092,8114,EzukEr00,34081,15815,Erik Ezukanma,Erik,Ezukanma,WR,WR,PHI,49,CUT,Cut,4,Texas Tech,"https://static.www.nfl.com/image/upload/f_auto,q_auto/league/jlhjonsu8idqrcj6tune",2026
4260224,00-0038094,8467,StouJo00,,15826,Jordan Stout,Jordan,Stout,P,P,NYG,15,ACT,Active,4,Penn State,"https://static.www.nfl.com/image/upload/f_auto,q_auto/league/eeftrwsh0aigc7r22goy",2026
4249836,00-0038098,8116,StroPi00,34083,16102,Pierre Strong,Pierre,Strong,RB,RB,GB,22,DEV,Practice Squad,4,South Dakota State,"https://static.www.nfl.com/image/upload/f_auto,q_auto/league/aa0nufst85vutgor1fqv",2026
4241468,00-0038099,8273,MathPh00,34002,16133,Phidarian Mathis,Phidarian,Mathis,DL,DT,BUF,72,RES,Reserve/IR,4,Alabama,"https://static.www.nfl.com/image/upload/f_auto,q_auto/league/dtyx342zos6eqmy7tpfe",2026
4363097,00-0038100,8394,ButlPe00,34069,16140,Percy Butler,Percy,Butler,DB,FS,WAS,35,ACT,Active,4,Louisiana-Lafayette,"https://static.www.nfl.com/image/upload/f_auto,q_auto/league/uqx9zb1asrcvsenbus1p",2026
4244607,00-0038101,8389,EvanAk00,34074,16155,Akayleb Evans,Akayleb,Evans,DB,CB,CAR,29,ACT,Active,4,Missouri,"https://static.www.nfl.com/image/upload/f_auto,q_auto/league/nhqsqcicvneknjeivzrd",2026
4240703,00-0038102,8160,PickKe00,33975,15841,Kenny Pickett,Kenny,Pickett,QB,QB,CAR,12,ACT,Active,4,Pittsburgh,"https://static.www.nfl.com/image/upload/f_auto,q_auto/league/gw6lyiuevyuspfkglnmj",2026
,00-0038103,,,,,Cole Strange,Devin,Strange,OL,G,LAC,69,ACT,Active,4,Tennessee-Chattanooga,"https://static.www.nfl.com/image/upload/f_auto,q_auto/league/ewuzloizbacphcy6yogg",2026
4362921,00-0038104,8188,ThorTy00,34005,15831,Tyquan Thornton,Tyquan,Thornton,WR,WR,KC,2,ACT,Active,4,Baylor,"https://static.www.nfl.com/image/upload/f_auto,q_auto/league/bjqzuempyiwxe0hl7e5a",2026
4240707,00-0038105,8386,MathDa00,34071,15956,Damarri Mathis,Damarri,Mathis,DB,CB,CLE,37,RES,Reserve/IR,4,Pittsburgh,"https://static.www.nfl.com/image/upload/f_auto,q_auto/league/jutmtleh0mecfk0lbu7n",2026
4066109,00-0038106,8347,UwazEy00,34072,16220,Eyioma Uwazurike,Eyioma,Uwazurike,DL,DE,DEN,96,ACT,Active,4,Iowa State,"https://static.www.nfl.com/image/upload/f_auto,q_auto/league/xrpjuwqmhwjnovlj1kd8",2026
4240896,00-0038107,8316,ClemMi03,34073,16194,Micheal Clemons,Micheal,Clemons,DL,DE,IND,72,ACT,Active,4,Texas A&M,"https://static.www.nfl.com/image/upload/f_auto,q_auto/league/kzhxrfgymul56cld8omq",2026
4250360,00-0038108,8157,ZappBa00,34093,15975,Bailey Zappe,Bailey,Zappe,QB,QB,NYJ,11,DEV,Practice Squad,4,Western Kentucky; Houston Christian University,"https://static.www.nfl.com/image/upload/f_auto,q_auto/league/b6ntwwdcbjnzv2gml8tk",2026
4361093,00-0038111,8365,GordKy00,33994,16150,Kyler Gordon,Kyler,Gordon,DB,CB,CHI,6,RES,Reserve/IR,4,Washington,"https://static.www.nfl.com/image/upload/f_auto,q_auto/league/u5s17tjtzqebsl5yicln",2026
,00-0038112,,,,,Cam Jurgens,Cameron,Jurgens,OL,C,PHI,51,ACT,Active,4,Nebraska,"https://static.www.nfl.com/image/upload/f_auto,q_auto/league/j2vljio1hfmqcwj3pd5m",2026
,00-0038114,,,,,Max Mitchell,Max,Mitchell,OL,T,NYJ,61,ACT,Active,4,Louisiana-Lafayette,"https://static.www.nfl.com/image/upload/f_auto,q_auto/league/v7nuncuycdg3jpjkr0hz",2026
4361516,00-0038115,8225,BellDa00,34068,16036,Daniel Bellinger,Daniel,Bellinger,TE,TE,TEN,82,ACT,Active,4,San Diego State,"https://static.www.nfl.com/image/upload/f_auto,q_auto/league/nvabdu88h2cvroeygabo",2026
4257591,00-0038116,8325,EbikAr00,33993,15951,Arnold Ebiketie,Arnold,Ebiketie,LB,OLB,PHI,17,ACT,Active,4,Penn State,"https://static.www.nfl.com/image/upload/f_auto,q_auto/league/w5sjq8cj5tdar5ttlll7",2026
4569587,00-0038117,8126,RobiWa01,33998,15838,Wan'Dale Robinson,Charles,Robinson,WR,WR,TEN,4,ACT,Active,4,Kentucky,"https://static.www.nfl.com/image/upload/f_auto,q_auto/league/yzcvyhmilvxedfjfjglc",2026
,00-0038118,,,,,Daniel Faalele,Daniel,Faalele,OL,G,JAX,68,ACT,Active,4,Minnesota,"https://static.www.nfl.com/image/upload/f_auto,q_auto/league/kwwlwjresostl9pd7yvz",2026
4427366,00-0038120,8155,HallBr03,33991,15810,Breece Hall,Breece,Hall,RB,RB,NYJ,20,ACT,Active,4,Iowa State,"https://static.www.nfl.com/image/upload/f_auto,q_auto/league/i01xtqbfajfq68lb6orh",2026
4369835,00-0038121,8333,TaylAl01,34004,16061,Alontae Taylor,Alontae,Taylor,DB,CB,TEN,24,ACT,Active,4,Tennessee,"https://static.www.nfl.com/image/upload/f_auto,q_auto/league/avogci7ghtzxoxdcdtnx",2026
4426686,00-0038123,8395,BeltDa00,34070,16019,Dane Belton,Dane,Belton,DB,SS,NYJ,6,ACT,Active,4,Iowa,"https://static.www.nfl.com/image/upload/f_auto,q_auto/league/iiss6ltg2ajuabrisoqw",2026
4248528,00-0038124,8167,WatsCh00,33989,15946,Christian Watson,Christian,Watson,WR,WR,GB,9,ACT,Active,4,North Dakota State,"https://static.www.nfl.com/image/upload/f_auto,q_auto/league/tumeg4d32sirkab2xzu5",2026
4371973,00-0038125,8303,McCrRo01,33990,15880,Roger McCreary,Roger,McCreary,DB,CB,DET,21,ACT,Active,4,Auburn,"https://static.www.nfl.com/image/upload/f_auto,q_auto/league/elq9ou82mtnczfos63em",2026
4360189,00-0038127,8360,HallLo00,33988,16119,Logan Hall,Logan,Hall,DL,DE,HOU,96,ACT,Active,4,Houston,"https://static.www.nfl.com/image/upload/f_auto,q_auto/league/k96urywunaosfsjayoyk",2026
4242512,00-0038128,8161,WillMa12,34042,15872,Malik Willis,Malik,Willis,QB,QB,MIA,2,ACT,Active,4,Liberty; Auburn,"https://static.www.nfl.com/image/upload/f_auto,q_auto/league/txvgdbwbryzyyqq6gfet",2026
4243331,00-0038129,8111,OttoCa00,34062,16032,Cade Otton,Cade,Otton,TE,TE,TB,88,ACT,Active,4,Washington,"https://static.www.nfl.com/image/upload/f_auto,q_auto/league/yanr6h9aplae3jyzimf7",2026
,00-0038131,,,,,Ed Ingram,Edward,Ingram,OL,G,HOU,69,ACT,Active,4,LSU,"https://static.www.nfl.com/image/upload/f_auto,q_auto/league/zcqlqfil0ci0v8eftkub",2026
4240754,00-0038133,8343,MafeBo00,33995,16007,Boye Mafe,Boye,Mafe,DL,DE,CIN,53,ACT,Active,4,Minnesota,"https://static.www.nfl.com/image/upload/f_auto,q_auto/league/fkiu8drhb66rzmqjeg7w",2026
4567048,00-0038134,8151,WalkKe00,33996,15909,Kenneth Walker III,Kenneth,Walker,RB,RB,KC,9,ACT,Active,4,Michigan State; Wake Forest,"https://static.www.nfl.com/image/upload/f_auto,q_auto/league/vk6nruaqdewdglofcwwg",2026
4570044,00-0038135,8323,BrisJa01,34003,15958,Jaquan Brisker,Jaquan,Brisker,DB,SS,PIT,3,ACT,Active,4,Penn State; Lackawanna JC,"https://static.www.nfl.com/image/upload/f_auto,q_auto/league/ng47khcomgkkfrmelstp",2026
4239094,00-0038136,8293,BryaCo01,34065,16070,Coby Bryant,Coby,Bryant,DB,FS,CHI,2,RES,Reserve/IR,4,Cincinnati,"https://static.www.nfl.com/image/upload/f_auto,q_auto/league/kfojqisbt4anuiecraw5",2026
,00-0038144,,,,,Adedayo Odeleye,Adedayo,Odeleye,DL,DT,DAL,96,DEV,Practice Squad,4,,"https://static.www.nfl.com/image/upload/f_auto,q_auto/league/vll2htycvqq5vhihzyz6",2026
3915802,00-0038181,11520,JackLu00,40791,14419,Lucky Jackson,Dontavian,Jackson,WR,WR,DET,9,DEV,Practice Squad,6,Western Kentucky,"https://static.www.nfl.com/image/upload/f_auto,q_auto/league/xa9o8zlctwgga8wh5apl",2026
,00-0038194,,,,,Kohl Levao,Kohl,Levao,OL,G,NYJ,60,DEV,Practice Squad,4,Hawaii; City College (SF),"https://static.www.nfl.com/image/upload/f_auto,q_auto/league/f16d2isapl5nje5kli1q",2026
,00-0038223,,,,,Liam Fornadel,Liam,Fornadel,OL,C,NYJ,50,CUT,Cut,4,James Madison,"https://static.www.nfl.com/image/upload/f_auto,q_auto/league/yeqvjixqpc5h4u4tn0wz",2026
,00-0038304,,,,,Barry Wesley,Barry,Wesley,OL,T,NO,69,CUT,Cut,4,Colorado State,"https://static.www.nfl.com/image/upload/f_auto,q_auto/league/a8rahcbqsqqhm5yrf3xb",2026
3929814,00-0038348,11535,ButlJo00,,17650,Josh Butler,Josh,Butler,DB,CB,DAL,31,CUT,Cut,3,Michigan State,"https://static.www.nfl.com/image/upload/f_auto,q_auto/league/mupdgai46euqd985yog0",2026
4696736,00-0038354,11145,BrowTa00,40376,17378,Tanner Brown,Tanner,Brown,K,K,NO,46,CUT,Cut,3,Oklahoma State; UNLV,"https://static.www.nfl.com/image/upload/f_auto,q_auto/league/urrsg5etku9rfbsdgmui",2026
4386544,00-0038359,11168,SmitXa00,40399,17467,Xavier Smith,Xavier,Smith,WR,WR,LA,19,ACT,Active,3,Florida A&M,"https://static.www.nfl.com/image/upload/f_auto,q_auto/league/hqvwpitewijx8bjrcofe",2026
,00-0038360,,,,,Alex Ward,Alex,Ward,LS,LS,LV,47,ACT,Active,3,UCF,"https://static.www.nfl.com/image/upload/f_auto,q_auto/league/libjdgzvuq7q57noway9",2026
4361651,00-0038366,,InglTa00,,17474,Tanner Ingle,Tanner,Ingle,DB,SS,LA,34,DEV,Practice Squad,3,N.C. State,"https://static.www.nfl.com/image/upload/f_auto,q_auto/league/vzeuylllstdp5udwxgzq",2026
4371731,00-0038368,11150,JohnQu01,,17344,Quindell Johnson,Quindell,Johnson,DB,SS,WAS,40,CUT,Cut,3,Memphis,"https://static.www.nfl.com/image/upload/f_auto,q_auto/league/uga90lawcfxjcqna7opb",2026
,00-0038383,,,,,Andrew Vorhees,Andrew,Vorhees,OL,G,BAL,72,ACT,Active,3,USC,"https://static.www.nfl.com/image/upload/f_auto,q_auto/league/svbcpu80smbthhzqxvnx",2026
4685759,00-0038386,10888,CartJa05,40035,16865,Jalen Carter,Jalen,Carter,DL,DT,PHI,98,ACT,Active,3,Georgia,"https://static.www.nfl.com/image/upload/f_auto,q_auto/league/lzctlmzr184bc1mix5qs",2026
4567224,00-0038387,10952,WoodCo01,40132,17180,Colby Wooden,Colby,Wooden,DL,DT,NO,96,ACT,Active,3,Auburn,"https://static.www.nfl.com/image/upload/f_auto,q_auto/league/vexyqlme1a5f74sqktzs",2026
4362858,00-0038388,10990,RushDa00,40170,16960,Darius Rush,Darius,Rush,DB,CB,WAS,29,DEV,Practice Squad,3,South Carolina,"https://static.www.nfl.com/image/upload/f_auto,q_auto/league/a8wtpczcqafcan19xmfm",2026
4429202,00-0038389,9227,AbanIs00,40165,16735,Israel Abanikanda,Israel,Abanikanda,RB,RB,DAL,25,DEV,Practice Squad,3,Pittsburgh,"https://static.www.nfl.com/image/upload/f_auto,q_auto/league/mt7lgg9gbjcmb2wttxeg",2026
4430822,00-0038390,10984,SeweNo00,40172,16756,Noah Sewell,Noah,Sewell,LB,OLB,CHI,44,RES,Reserve/IR,3,Oregon,"https://static.www.nfl.com/image/upload/f_auto,q_auto/league/sw5wea1zlc1drxoisej0",2026
4259592,00-0038391,10983,ClifSe00,40173,17061,Sean Clifford,Sean,Clifford,QB,QB,CIN,4,DEV,Practice Squad,3,Penn State,"https://static.www.nfl.com/image/upload/f_auto,q_auto/league/v0tmzl4x5qf2fo2yimqf",2026
4242415,00-0038392,10975,ScotDa03,40205,17108,Daniel Scott,Daniel,Scott,DB,SS,IND,32,DEV,Practice Squad,3,California,"https://static.www.nfl.com/image/upload/f_auto,q_auto/league/zhfuulvqg8vgqfx738ey",2026
4428850,00-0038393,9486,WickDo00,40201,16658,Dontayvion Wicks,Dontayvion,Wicks,WR,WR,PHI,13,ACT,Active,3,Virginia,"https://static.www.nfl.com/image/upload/f_auto,q_auto/league/v1lt8kpvkn0qw5elyaoz",2026
4362523,00-0038394,10220,MallWi00,40180,17014,Will Mallory,Will,Mallory,TE,TE,IND,86,RES,Reserve/IR,3,Miami,"https://static.www.nfl.com/image/upload/f_auto,q_auto/league/sl1pkiox1hucg9sxttfi",2026
4360935,00-0038395,10972,SmitTe05,40175,17341,Terell Smith,Terell,Smith,DB,CB,WAS,32,DEV,Practice Squad,3,Minnesota,"https://static.www.nfl.com/image/upload/f_auto,q_auto/league/azhrgsawgwgxed3z2dke",2026
4570561,00-0038396,10223,GrayEr01,40198,16970,Eric Gray,Eric,Gray,RB,RB,NYG,20,CUT,Cut,3,Oklahoma; Tennessee,"https://static.www.nfl.com/image/upload/f_auto,q_auto/league/ijjxwxv1ccyowzhpuw2k",2026
4569609,00-0038397,9220,HullEv00,40169,16676,Evan Hull,Evan,Hull,RB,RB,ARI,26,DEV,Practice Squad,3,Northwestern,"https://static.www.nfl.com/image/upload/f_auto,q_auto/league/xyyujk9mvvzegaiefp51",2026
4373423,00-0038398,11009,BrooKa00,40238,16921,Karl Brooks,Karl,Brooks,DL,DT,GB,94,ACT,Active,3,Bowling Green,"https://static.www.nfl.com/image/upload/f_auto,q_auto/league/ymjmzn6ayhfpkdrtydyd",2026
4362234,00-0038399,11000,BarnZa00,40233,17303,Zaire Barnes,Zaire,Barnes,LB,ILB,NYG,46,ACT,Active,3,Western Michigan,"https://static.www.nfl.com/image/upload/f_auto,q_auto/league/jnyarp6uvues6avvg9xa",2026
4685201,00-0038400,9230,McKeTa01,40220,16686,Tanner McKee,Tanner,McKee,QB,QB,PHI,16,ACT,Active,3,Stanford,"https://static.www.nfl.com/image/upload/f_auto,q_auto/league/oveivzhzv13jrfvkp8zg",2026
4361834,00-0038401,11001,BernJa01,40236,16854,Jarrick Bernard-Converse,Jarrick,Bernard-Converse,DB,CB,NYG,35,RES,Reserve/IR,3,LSU; Oklahoma State,"https://static.www.nfl.com/image/upload/f_auto,q_auto/league/qijokuz8ptkewjqktjm4",2026
4686553,00-0038403,10993,HawkTr00,40228,17364,Tre Hawkins III,Tre,Hawkins,DB,CB,MIN,45,CUT,Cut,3,Old Dominion,"https://static.www.nfl.com/image/upload/f_auto,q_auto/league/n957q4ljgtif6f9ncqfm",2026
4246741,00-0038405,11054,BellTr01,,17411,Travis Bell,Travis,Bell,DL,DT,CLE,66,RES,Reserve/IR,3,Kennesaw State,"https://static.www.nfl.com/image/upload/f_auto,q_auto/league/ksv16zbbjgmiqjrwfydq",2026
4361417,00-0038406,9483,KuntZa00,40255,17034,Zack Kuntz,Zack,Kuntz,TE,TE,DAL,47,CUT,Cut,3,Old Dominion; Penn State,"https://static.www.nfl.com/image/upload/f_auto,q_auto/league/snmajpxpwgxwzo5sfrsx",2026
4685145,00-0038407,11052,JoneJa13,40258,16916,Jaylon Jones,Jaylon,Jones,DB,CB,IND,40,ACT,Active,3,Texas A&M,"https://static.www.nfl.com/image/upload/f_auto,q_auto/league/y5qayiucpnco15btyppy",2026
4430965,00-0038408,11042,ValeCa00,40274,16721,Carrington Valentine,Carrington,Valentine,DB,CB,GB,24,ACT,Active,3,Kentucky,"https://static.www.nfl.com/image/upload/f_auto,q_auto/league/ihc2w7erwr1dddqf1i2x",2026
4428119,00-0038409,9510,NichLe00,40260,16701,Lew Nichols III,Arthur,Nichols,RB,RB,PIT,35,DEV,Practice Squad,3,Central Michigan,"https://static.www.nfl.com/image/upload/f_auto,q_auto/league/plqg1yngo8vvs8ths7aw",2026
4361748,00-0038411,11036,JohnAn08,40282,17429,Anthony Johnson Jr.,Anthony,Johnson,DB,FS,CHI,26,CUT,Cut,3,Iowa State,"https://static.www.nfl.com/image/upload/f_auto,q_auto/league/eumd6ubnwb6vv2kvh38z",2026
4362116,00-0038412,11030,OjomMo00,40246,16853,Moro Ojomo,Morotoluwa,Ojomo,DL,DT,PHI,97,ACT,Active,3,Texas,"https://static.www.nfl.com/image/upload/f_auto,q_auto/league/pifqoqquxxvoqwah8khm",2026
4360745,00-0038414,11022,WillKe07,40248,17415,Kendall Williamson,Kendall,Williamson,DB,SS,LAC,40,ACT,Active,3,Stanford,"https://static.www.nfl.com/image/upload/f_auto,q_auto/league/p8tf7gkxcdl46exymyaj",2026
4434153,00-0038416,11256,BageTy00,40504,16946,Tyson Bagent,Tyson,Bagent,QB,QB,CHI,17,ACT,Active,3,Shepherd,"https://static.www.nfl.com/image/upload/f_auto,q_auto/league/ymimvligfyrucu0v3p6a",2026
,00-0038426,,,,,Lorenz Metz,Lorenz,Metz,OL,T,NE,72,DEV,Practice Squad,3,Cincinnati,"https://static.www.nfl.com/image/upload/f_auto,q_auto/league/si2p0txmdqyal15mlhki",2026
4258620,00-0038428,11261,SzmyAn00,40496,17132,Andre Szmyt,Andre,Szmyt,K,K,CLE,25,ACT,Active,3,Syracuse,"https://static.www.nfl.com/image/upload/f_auto,q_auto/league/tkah6glpysuyq2a54gts",2026
,00-0038429,,,,,Liam Anderson,Liam,Anderson,LB,ILB,MIA,50,DEV,Practice Squad,3,Holy Cross,"https://static.www.nfl.com/image/upload/f_auto,q_auto/league/qvbfvhlmnbuuyccpdwsv",2026
4257364,00-0038440,11299,ScotZa00,,17510,Zavier Scott,Zavier,Scott,RB,RB,CHI,30,DEV,Practice Squad,3,Maine,"https://static.www.nfl.com/image/upload/f_auto,q_auto/league/z8sqpgdoyuv5rask15vn",2026
,00-0038453,,,,,Corey Mayfield Jr.,Corey,Mayfield,DB,CB,TEN,13,CUT,Cut,3,,,2026
4596334,00-0038454,9511,MitcKe01,40641,16810,Keaton Mitchell,Keaton,Mitchell,RB,RB,LAC,34,ACT,Active,3,East Carolina,"https://static.www.nfl.com/image/upload/f_auto,q_auto/league/ztciwwpbyaffmckwrzdk",2026
4249616,00-0038458,11384,WrigOw00,40639,17324,Owen Wright,Owen,Wright,RB,RB,HOU,42,CUT,Cut,3,Monmouth; William & Mary,"https://static.www.nfl.com/image/upload/f_auto,q_auto/league/nig1vy9k1asfhkanvlki",2026
,00-0038462,,,,,Keshawn Banks,Keshawn,Banks,DL,DE,ATL,59,RES,Reserve/IR,3,San Diego State,"https://static.www.nfl.com/image/upload/f_auto,q_auto/league/psqcg6omspml02ur6jlf",2026
4361776,00-0038463,11193,CoxxBr02,40439,17179,Brenton Cox Jr.,Brenton,Cox,LB,OLB,GB,57,ACT,Active,3,Florida; Georgia,"https://static.www.nfl.com/image/upload/f_auto,q_auto/league/gip2rjldcyryxybsioer",2026
4243320,00-0038475,11290,CookAl00,40530,17515,Alex Cook,Alex,Cook,DB,SS,LA,39,CUT,Cut,3,Washington,"https://static.www.nfl.com/image/upload/f_auto,q_auto/league/mzyd22cge9f6neap0f7s",2026
4240391,00-0038476,11292,DeViTo00,40533,16797,Tommy DeVito,Tommy,DeVito,QB,QB,NE,16,ACT,Active,3,Illinois; Syracuse,"https://static.www.nfl.com/image/upload/f_auto,q_auto/league/hb3m2zbfb5aprw6vdqx8",2026
4362280,00-0038479,11297,JohnDy00,,17516,Dyontae Johnson,Dyontae,Johnson,LB,OLB,TEN,45,CUT,Cut,3,Toledo,"https://static.www.nfl.com/image/upload/f_auto,q_auto/league/evfpo59fjpb65grbfu0t",2026
4243176,00-0038488,11280,RussBr00,40519,17235,Brady Russell,Brady,Russell,RB,FB,SEA,38,ACT,Active,3,Colorado,"https://static.www.nfl.com/image/upload/f_auto,q_auto/league/vfz3osmr3fgeoyu5us80",2026
4372070,00-0038489,11273,VanSBe00,40518,17167,Ben VanSumeren,Ben,VanSumeren,RB,FB,KC,47,DEV,Practice Squad,3,Michigan State; Michigan,"https://static.www.nfl.com/image/upload/f_auto,q_auto/league/ncnb1nwr2b1usus557xy",2026
4689988,00-0038492,11311,BrowJa07,40545,17182,Jason Brownlee,Jason,Brownlee,WR,WR,KC,89,CUT,Cut,3,Southern Mississippi,"https://static.www.nfl.com/image/upload/f_auto,q_auto/league/lxmpoub3eslnvevtpoqf",2026
4256224,00-0038493,11305,CherCl00,40547,17534,Claudin Cherelus,Claudin,Cherelus,LB,ILB,CAR,53,ACT,Active,3,Alcorn State; UMass Amherst,"https://static.www.nfl.com/image/upload/f_auto,q_auto/league/nrqd1waoajdyblwerius",2026
4360235,00-0038494,11309,DeanTr00,,17357,Trey Dean III,Trey,Dean,DB,SS,GB,35,RES,Reserve/IR,3,Florida,"https://static.www.nfl.com/image/private/f_auto,q_auto/league/egycpb5zv75wp0ytluhl",2026
4427278,00-0038496,11306,GipsXa00,40548,17045,Xavier Gipson,Xavier,Gipson,WR,WR,NYG,88,CUT,Cut,3,Stephen F. Austin State,"https://static.www.nfl.com/image/upload/f_auto,q_auto/league/o81mvslx374ouca313mw",2026
4248557,00-0038498,11304,JenkEJ00,,17218,E.J. Jenkins,Emanuel,Jenkins,TE,TE,PHI,84,ACT,Active,3,Georgia Tech; South Carolina; St. Francis PA,"https://static.www.nfl.com/image/upload/f_auto,q_auto/league/jmhuk0gcnyotcjhdxo6v",2026
4430831,00-0038504,10935,SimpTr00,40116,16712,Trenton Simpson,Trenton,Simpson,LB,ILB,BAL,32,ACT,Active,3,Clemson,"https://static.www.nfl.com/image/upload/f_auto,q_auto/league/hoi5uajg40os0xa1odi9",2026
4690179,00-0038505,10944,RobiTa00,40135,17119,Tavius Robinson,Tavius,Robinson,LB,OLB,BAL,95,ACT,Active,3,Mississippi,"https://static.www.nfl.com/image/upload/f_auto,q_auto/league/mmvqyuqlg73zp0jwydxr",2026
4240677,00-0038506,11035,RileJo00,40269,17414,Jordon Riley,Jordon,Riley,DL,DE,GB,97,RES,Reserve/IR,3,Oregon; Nebraska; Garden City CC; North Carolina,"https://static.www.nfl.com/image/upload/f_auto,q_auto/league/tr46ilf5hznzboea38ag",2026
,00-0038509,,,,,Jerome Carvin,Jerome,Carvin,OL,G,JAX,79,CUT,Cut,3,Tennessee,"https://static.www.nfl.com/image/upload/f_auto,q_auto/league/zcbrrr2je6ahcsqqlk69",2026
4371959,00-0038513,11315,JoneCa04,40557,17102,Cam Jones,Cam,Jones,LB,OLB,KC,45,DEV,Practice Squad,3,Indiana,"https://static.www.nfl.com/image/upload/f_auto,q_auto/league/jwrgy9biwoeqssscqysr",2026
4367828,00-0038514,11319,JoneTr01,,17289,Truman Jones,Truman,Jones,DL,DE,TEN,56,ACT,Active,3,Harvard,"https://static.www.nfl.com/image/upload/f_auto,q_auto/league/zhhugc4ahcrbbpbsufqr",2026
4372716,00-0038519,11320,RemiNi00,40571,16744,Nikko Remigio,Nikko,Remigio,WR,WR,KC,81,ACT,Active,3,Fresno State,"https://static.www.nfl.com/image/upload/f_auto,q_auto/league/n6b1tsy32fswbd0xgsim",2026
4371946,00-0038521,,TaylRe01,,16858,Reese Taylor,Reese,Taylor,DB,CB,MIA,35,ACT,Active,3,Purdue,"https://static.www.nfl.com/image/upload/f_auto,q_auto/league/sgzl6u9ggxuea9qcbveg",2026
4373814,00-0038523,11489,HailKa00,40756,17362,Kahlef Hailassie,Kahlef,Hailassie,DB,FS,MIN,25,DEV,Practice Squad,3,Western Kentucky; Oregon,"https://static.www.nfl.com/image/upload/f_auto,q_auto/league/jfgdmued5u7dszjnao85",2026
4240623,00-0038535,10938,JohnDJ00,,16680,DJ Johnson,D.J.,Johnson,LB,OLB,WAS,53,DEV,Practice Squad,3,Oregon; Miami,"https://static.www.nfl.com/image/upload/f_auto,q_auto/league/skdbejfdghlnyipusgll",2026
,00-0038536,,,,,Chandler Zavala,Chandler,Zavala,OL,G,CAR,62,DEV,Practice Squad,3,N.C. State; Fairmont State,"https://static.www.nfl.com/image/upload/f_auto,q_auto/league/h1jwlle0qeo7mtax2pc9",2026
,00-0038540,,,,,Paris Johnson Jr.,Paris,Johnson,OL,T,ARI,70,ACT,Active,3,Ohio State,"https://static.www.nfl.com/image/upload/f_auto,q_auto/league/fto9oiuqts9esmpl7dxf",2026
4372533,00-0038541,10889,WilsTy01,40043,17149,Tyree Wilson,Tyree,Wilson,LB,OLB,NO,98,ACT,Active,3,Texas Tech,"https://static.www.nfl.com/image/upload/f_auto,q_auto/league/ildmh1dcqbamtixdpgse",2026
4430807,00-0038542,9509,RobiBi01,40055,16739,Bijan Robinson,Bijan,Robinson,RB,RB,ATL,7,ACT,Active,3,Texas,"https://static.www.nfl.com/image/upload/f_auto,q_auto/league/esii5yb8yn9edboi4mlq",2026
4430878,00-0038543,9488,SmitJa06,40041,16654,Jaxon Smith-Njigba,Jaxon,Smith-Njigba,WR,WR,SEA,11,ACT,Active,3,Ohio State,"https://static.www.nfl.com/image/upload/f_auto,q_auto/league/yx1xjrupbqdknnjaq4a6",2026
4429025,00-0038544,9754,JohnQu02,40051,16899,Quentin Johnston,Quentin,Johnston,WR,WR,LAC,1,ACT,Active,3,TCU,"https://static.www.nfl.com/image/upload/f_auto,q_auto/league/lyvsrjh4mjb4dqwp6shm",2026
4426347,00-0038545,10877,SmitMa06,40044,16864,Mazi Smith,Mazi,Smith,DL,DT,MIA,91,DEV,Practice Squad,3,Michigan,"https://static.www.nfl.com/image/upload/f_auto,q_auto/league/kgoofjfxbyjfjgcr5bcz",2026
4428985,00-0038546,10875,MurpMy00,40057,16710,Myles Murphy,Myles,Murphy,DL,DE,CIN,99,ACT,Active,3,Clemson,"https://static.www.nfl.com/image/upload/f_auto,q_auto/league/byrxunn2xpvxelbxlnh5",2026
4372096,00-0038547,10871,SchoLu00,40061,16855,Luke Schoonmaker,Luke,Schoonmaker,TE,TE,DAL,86,ACT,Active,3,Michigan,"https://static.www.nfl.com/image/upload/f_auto,q_auto/league/g1slhy5joxxfeudlzrh9",2026
,00-0038548,,,,,O'Cyrus Torrence,O'Cyrus,Torrence,OL,G,BUF,64,ACT,Active,3,Florida; Louisiana-Lafayette,"https://static.www.nfl.com/image/upload/f_auto,q_auto/league/bkbuobkm9dwoyprlaasp",2026
4572036,00-0038549,10894,TurnDJ01,40076,16857,DJ Turner II,Juandrago,Turner,DB,CB,CIN,0,ACT,Active,3,Michigan,"https://static.www.nfl.com/image/upload/f_auto,q_auto/league/nijmaqsa0uggtjzmpzgy",2026
4240858,00-0038550,9998,HookHe00,40096,16905,Hendon Hooker,Hendon,Hooker,QB,QB,TEN,16,DEV,Practice Squad,3,Tennessee; Virginia Tech,"https://static.www.nfl.com/image/upload/f_auto,q_auto/league/jq92ol8hm5n7byqhpcps",2026
4599739,00-0038551,9757,MillKe01,40108,16898,Kendre Miller,Kendre,Miller,RB,RB,NO,5,ACT,Active,3,TCU,"https://static.www.nfl.com/image/upload/f_auto,q_auto/league/vclaomtslw55smksopku",2026
4382401,00-0038552,10930,MossRi00,40112,17104,Riley Moss,Riley,Moss,DB,CB,DEN,21,ACT,Active,3,Iowa,"https://static.www.nfl.com/image/upload/f_auto,q_auto/league/o8jxuxi7vqa9kxt0rawn",2026
4241597,00-0038553,10914,HenlDa00,40113,16948,Daiyan Henley,Daiyan,Henley,LB,ILB,LAC,0,ACT,Active,3,Washington State; Nevada,"https://static.www.nfl.com/image/upload/f_auto,q_auto/league/jl1rn08ci17wub2xok8a",2026
4693644,00-0038554,10936,BrowJi01,40106,17199,Ji'Ayir Brown,Ji'Ayir,Brown,DB,SS,SF,27,ACT,Active,3,Penn State; Lackawanna JC,"https://static.www.nfl.com/image/upload/f_auto,q_auto/league/gmgewszcsvxdb63dmqby",2026
4429013,00-0038555,9225,BigsTa00,40095,16705,Tank Bigsby,Cartavious,Bigsby,RB,RB,PHI,8,ACT,Active,3,Auburn,"https://static.www.nfl.com/image/upload/f_auto,q_auto/league/vfkdjfpiyrcuzahrmfvn",2026
4362088,00-0038556,10933,OverDe00,40099,16940,DeMarvion Overshown,DeMarvion,Overshown,LB,MLB,DAL,0,ACT,Active,3,Texas,"https://static.www.nfl.com/image/upload/f_auto,q_auto/league/dxo0ebmthyvvgwfqqbbj",2026
4568624,00-0038557,10923,WillDo04,40098,16951,Dorian Williams,Dorian,Williams,LB,ILB,BUF,42,ACT,Active,3,Tulane,"https://static.www.nfl.com/image/upload/f_auto,q_auto/league/fsslbcbp87yehsofpwg1",2026
4430802,00-0038558,9479,WashDa03,40094,16889,Darnell Washington,Darnell,Washington,TE,TE,PIT,80,ACT,Active,3,Georgia,"https://static.www.nfl.com/image/upload/f_auto,q_auto/league/inwx7uipfktapaump5pj",2026
4360761,00-0038559,10232,WilsMi02,40121,16957,Michael Wilson,Michael,Wilson,WR,WR,ARI,14,ACT,Active,3,Stanford,"https://static.www.nfl.com/image/upload/f_auto,q_auto/league/hm2b9z4zujjmbiyldh8n",2026
4567098,00-0038560,10927,BattJo00,40117,17368,Jordan Battle,Jordan,Battle,DB,SS,CIN,27,ACT,Active,3,Alabama,"https://static.www.nfl.com/image/upload/f_auto,q_auto/league/iydwxwxig8e2godjx070",2026
4372066,00-0038562,10937,MoodJa00,40129,17133,Jake Moody,Jake,Moody,K,K,BAL,16,DEV,Practice Squad,3,Michigan,"https://static.www.nfl.com/image/upload/f_auto,q_auto/league/apt7uakuwoxlpsjp5lp5",2026
4428718,00-0038563,10213,TuckTr00,40114,16694,Tre Tucker,Tre,Tucker,WR,WR,LV,1,ACT,Active,3,Cincinnati,"https://static.www.nfl.com/image/upload/f_auto,q_auto/league/hazzk3hrcequzosdgzgv",2026
4372026,00-0038564,10210,LatuCa01,40101,16931,Cameron Latu,Cameron,Latu,TE,TE,NE,36,ACT,Active,3,Alabama,"https://static.www.nfl.com/image/upload/f_auto,q_auto/league/hquihmithkmhoncvkqwt",2026
4360677,00-0038565,10918,BlacMe00,40103,16813,Mekhi Blackmon,Mekhi,Blackmon,DB,CB,CLE,29,ACT,Active,3,USC; Colorado,"https://static.www.nfl.com/image/upload/f_auto,q_auto/league/wrzakzdbmugca60xbidc",2026
,00-0038566,,,,,Nick Saldiveri,Nick,Saldiveri,OL,G,NO,64,RES,Reserve/IR,3,Old Dominion,"https://static.www.nfl.com/image/upload/f_auto,q_auto/league/m8klsckbapwh7m82tinf",2026
4363538,00-0038567,10955,RylaCh00,40159,17107,Chad Ryland,Chad,Ryland,K,K,ARI,38,ACT,Active,3,Maryland; Eastern Michigan,"https://static.www.nfl.com/image/upload/f_auto,q_auto/league/gbfzwbzdl9wj582nh5g9",2026
4429067,00-0038568,10954,PhilCl00,40146,16707,Clark Phillips III,Clark,Phillips,DB,CB,CHI,20,ACT,Active,3,Utah,"https://static.www.nfl.com/image/upload/f_auto,q_auto/league/vbeop7m7ptjwtlm3cgqh",2026
4240610,00-0038570,10947,MillVe00,40155,16668,Ventrell Miller,Ventrell,Miller,LB,OLB,JAX,51,ACT,Active,3,Florida,"https://static.www.nfl.com/image/upload/f_auto,q_auto/league/gmxgq1mjnbdjjpcggamn",2026
,00-0038571,,,,,Jon Gaines II,Jon,Gaines,OL,C,ARI,71,ACT,Active,3,UCLA,"https://static.www.nfl.com/image/upload/f_auto,q_auto/league/fz0ka8wofw3dvqr6whnv",2026
4362477,00-0038573,10234,DaviDe02,40133,16939,Derius Davis,Derius,Davis,WR,WR,LAC,12,ACT,Active,3,TCU,"https://static.www.nfl.com/image/upload/f_auto,q_auto/league/ykmeihbr6903smvblzgc",2026
4427963,00-0038574,10943,McGuIs00,40150,17116,Isaiah McGuire,Isaiah,McGuire,DL,DE,CLE,57,ACT,Active,3,Missouri,"https://static.www.nfl.com/image/upload/f_auto,q_auto/league/bgay7c5onbqadb4qjguc",2026
4374148,00-0038575,10942,FehoVi00,40140,17153,Viliami Fehoko Jr.,Viliami,Fehoko,DL,DE,SF,61,CUT,Cut,3,San Jose State,"https://static.www.nfl.com/image/upload/f_auto,q_auto/league/s5ok9ad5e51tqij3vpsp",2026
4257188,00-0038576,10228,JoneCh11,40158,16719,Charlie Jones,Charlie,Jones,WR,WR,NYG,89,DEV,Practice Squad,3,Purdue; Iowa,"https://static.www.nfl.com/image/upload/f_auto,q_auto/league/poy4ph18jx211xbe6ajt",2026
4429164,00-0038577,10940,HerbNi00,40139,16702,Nick Herbig,Nicholas,Herbig,LB,OLB,PIT,51,ACT,Active,3,Wisconsin,"https://static.www.nfl.com/image/upload/f_auto,q_auto/league/ox9fpvzppbe9uyqvnp2q",2026
4568007,00-0038578,10939,WardJa00,40147,16669,Jay Ward,Jay,Ward,DB,SS,MIN,24,ACT,Active,3,LSU,"https://static.www.nfl.com/image/upload/f_auto,q_auto/league/dwljd5ukdc8pzy3l5vju",2026
4260394,00-0038579,10866,OConAi00,40138,16716,Aidan O'Connell,Aidan,O'Connell,QB,QB,LV,12,ACT,Active,3,Purdue,"https://static.www.nfl.com/image/upload/f_auto,q_auto/league/bcejxo7ofgk5pszhup12",2026
4360807,00-0038580,10992,AbduYa00,,16769,Yasir Abdullah,Yasir,Abdullah,LB,OLB,ATL,22,ACT,Active,3,Louisville,"https://static.www.nfl.com/image/upload/f_auto,q_auto/league/ok0dts6vzdwn8owisv08",2026
4569607,00-0038585,10988,MitcCa01,40184,17339,Cameron Mitchell,Cameron,Mitchell,DB,CB,IND,43,RES,Reserve/IR,3,Northwestern,"https://static.www.nfl.com/image/upload/f_auto,q_auto/league/zzaqyr81r6bzhvcdss3b",2026
,00-0038586,,,,,Atonio Mafi,Atonio,Mafi,OL,G,LV,56,ACT,Active,3,UCLA,"https://static.www.nfl.com/image/upload/f_auto,q_auto/league/uvnz2p1foa0oivg3oq55",2026
4430411,00-0038587,10986,RobiJa03,40176,16815,Jammie Robinson,Jammie,Robinson,DB,SS,ATL,34,DEV,Practice Squad,3,Florida State,"https://static.www.nfl.com/image/upload/f_auto,q_auto/league/zixsq934w8yeksxuznvd",2026
4360949,00-0038588,10985,HowdJo00,40199,17358,Jordan Howden,Jordan,Howden,DB,FS,NO,31,ACT,Active,3,Minnesota,"https://static.www.nfl.com/image/upload/f_auto,q_auto/league/x87djeswtkpxvuvyw5xh",2026
4360086,00-0038589,10212,WhylJo01,40182,16866,Josh Whyle,Josh,Whyle,TE,TE,GB,81,ACT,Active,3,Cincinnati,"https://static.www.nfl.com/image/upload/f_auto,q_auto/league/an9hxzbzmg6kgkdai022",2026
4361426,00-0038590,9489,ShorJu00,40167,16656,Justin Shorter,Justin,Shorter,WR,WR,LV,88,RES,Reserve/IR,3,Florida; Penn State,"https://static.www.nfl.com/image/upload/f_auto,q_auto/league/htymyxoyw1hh52zoo3lb",2026
4572055,00-0038591,10982,MorrMi00,,16861,Mike Morris,Michael,Morris,DL,DT,SEA,94,ACT,Active,3,Michigan,"https://static.www.nfl.com/image/upload/f_auto,q_auto/league/m1zqwqvge656lwucmx5h",2026
,00-0038592,,,,,Colby Sorsdal,Colby,Sorsdal,OL,T,DET,75,CUT,Cut,3,William & Mary,"https://static.www.nfl.com/image/upload/f_auto,q_auto/league/uewa3yfhev5xfmtxtwst",2026
,00-0038593,,,,,Olu Oluwatimi,Olusegun,Oluwatimi,OL,C,SEA,55,ACT,Active,3,Michigan; Virginia,"https://static.www.nfl.com/image/upload/f_auto,q_auto/league/lwz6dcsfrwdlxeprtinn",2026
4685978,00-0038594,10978,LuteDa00,40186,16962,Darrell Luter Jr.,Darrell,Luter,DB,CB,LV,28,ACT,Active,3,South Alabama,"https://static.www.nfl.com/image/upload/f_auto,q_auto/league/c7i5bj3inrno1uvjxwv4",2026
,00-0038595,,,,,Jordan McFadden,Jordan,McFadden,OL,G,CHI,74,ACT,Active,3,Clemson,"https://static.www.nfl.com/image/upload/f_auto,q_auto/league/qq6khttphfxwahgedbhu",2026
4429168,00-0038596,10974,JohnAn07,40166,17369,Antonio Johnson,Antonio,Johnson,DB,SS,JAX,6,ACT,Active,3,Texas A&M,"https://static.www.nfl.com/image/upload/f_auto,q_auto/league/rrxemukb8b2to7ba2g56",2026
4362238,00-0038597,9224,BrowCh10,40196,16934,Chase Brown,Chase,Brown,RB,RB,CIN,30,ACT,Active,3,Illinois; Western Michigan,"https://static.www.nfl.com/image/upload/f_auto,q_auto/league/tch3y6jlj7khvyi9jg0c",2026
4426350,00-0038599,10970,TooTHe00,40189,17121,Henry To'oTo'o,Henry,To'oTo'o,LB,OLB,HOU,39,ACT,Active,3,Alabama; Tennessee,"https://static.www.nfl.com/image/upload/f_auto,q_auto/league/epsdr0zqlm2vrhizwama",2026
4567219,00-0038600,10969,PappOw00,40200,16673,Owen Pappoe,Owen,Pappoe,LB,ILB,TEN,44,ACT,Active,3,Auburn,"https://static.www.nfl.com/image/upload/f_auto,q_auto/league/zv35eeyd3oxxkecrvqra",2026
,00-0038601,,,,,Asim Richards,Asim,Richards,OL,T,NO,72,ACT,Active,3,North Carolina,"https://static.www.nfl.com/image/upload/f_auto,q_auto/league/i1lfvb8gnw3kfnz3cdyb",2026
4259558,00-0038603,10966,BealRo00,40181,16781,Robert Beal Jr.,Robert,Beal,DL,DE,MIA,51,ACT,Active,3,Georgia,"https://static.www.nfl.com/image/upload/f_auto,q_auto/league/clzzji0rtncdzzxhtpux",2026
4248032,00-0038604,11020,ScotEr00,,17408,Eric Scott Jr.,Eric,Scott,DB,CB,DET,5,CUT,Cut,3,Southern Mississippi,"https://static.www.nfl.com/image/upload/f_auto,q_auto/league/eo5ri5jizuskouhtased",2026
4428503,00-0038605,11011,SkinJL00,40230,16748,JL Skinner,J.L.,Skinner,DB,SS,DEN,34,ACT,Active,3,Boise State,"https://static.www.nfl.com/image/upload/f_auto,q_auto/league/dvlcjuzhtjxgfnnbcxjv",2026
4432620,00-0038606,9487,WashPa01,40234,16690,Parker Washington,Christopher,Washington,WR,WR,JAX,11,ACT,Active,3,Penn State,"https://static.www.nfl.com/image/upload/f_auto,q_auto/league/yn0hc5xrz5nqeccg8two",2026
4429022,00-0038608,9504,BoutKa00,40224,16795,Kayshon Boutte,Kayshon,Boutte,WR,WR,HOU,88,ACT,Active,3,LSU,"https://static.www.nfl.com/image/upload/f_auto,q_auto/league/mg4icjqhwhnc5uobmau5",2026
,00-0038609,,,,,Luke Wypler,Luke,Wypler,OL,C,CLE,56,ACT,Active,3,Ohio State,"https://static.www.nfl.com/image/upload/f_auto,q_auto/league/alkthyatyuxkudodqhke",2026
4240545,00-0038610,11007,BariBr00,,17095,Bryce Baringer,Bryce,Baringer,P,P,NE,17,RES,Reserve/IR,3,Michigan State; Illinois,"https://static.www.nfl.com/image/upload/f_auto,q_auto/league/iyvu3asumkgff88z5lot",2026
4362619,00-0038611,10219,RodrCh00,40231,16933,Chris Rodriguez Jr.,Christopher,Rodriguez,RB,RB,JAX,24,ACT,Active,3,Kentucky,"https://static.www.nfl.com/image/upload/f_auto,q_auto/league/pknd5uajvpvfd8c744im",2026
4570084,00-0038613,10997,ReedJe00,40239,17347,Jerrick Reed II,Jerrick,Reed,DB,SS,TEN,28,DEV,Practice Squad,3,New Mexico; Northwest Mississippi CC,"https://static.www.nfl.com/image/upload/f_auto,q_auto/league/jdg6nd5cot2srdfixjnv",2026
4373684,00-0038614,10994,MatlSc00,40225,16767,Scott Matlock,Scott,Matlock,RB,FB,LAC,44,RES,Reserve/IR,3,Boise State,"https://static.www.nfl.com/image/upload/f_auto,q_auto/league/biif35k2hwpqmhlxn0sa",2026
,00-0038615,,,,,Jarrett Patterson,Jarrett,Patterson,OL,C,SF,58,ACT,Active,3,Notre Dame,"https://static.www.nfl.com/image/upload/f_auto,q_auto/league/co5jzan7q6a0ptxkkmcd",2026
4257580,00-0038616,11018,BrasCh00,40208,17410,Christian Braswell,Christian,Braswell,DB,CB,JAX,21,ACT,Active,3,Rutgers; Temple,"https://static.www.nfl.com/image/upload/f_auto,q_auto/league/yubjkyjtl24cmt20ycbw",2026
4360239,00-0038617,11003,BurnAm00,40235,17169,Amari Burney,Amari,Burney,LB,OLB,JAX,49,CUT,Cut,3,Florida,"https://static.www.nfl.com/image/upload/f_auto,q_auto/league/nqqv3zewlmrlel62jixa",2026
4686422,00-0038618,10218,HutcXa00,40232,16932,Xavier Hutchinson,Xavier,Hutchinson,WR,WR,HOU,19,ACT,Active,3,Iowa State,"https://static.www.nfl.com/image/upload/f_auto,q_auto/league/n5baiu6sg9wh3xhhewkd",2026
4368003,00-0038619,10226,IosiAn00,40211,16965,Andrei Iosivas,Andrei,Iosivas,WR,WR,CIN,80,ACT,Active,3,Princeton,"https://static.www.nfl.com/image/upload/f_auto,q_auto/league/xhrvbt81iohroyftuyj2",2026
4373320,00-0038620,11019,HallEr00,,16762,Erick Hallett,Erick,Hallett,DB,CB,TEN,41,DEV,Practice Squad,3,Pittsburgh,"https://static.www.nfl.com/image/upload/f_auto,q_auto/league/hnpxgdu65sr9w51rkp6g",2026
4427095,00-0038621,9501,DougDe00,40222,16751,DeMario Douglas,Demario,Douglas,WR,WR,NE,3,ACT,Active,3,Liberty,"https://static.www.nfl.com/image/upload/f_auto,q_auto/league/cm9vnzqu5phlmsocjwgc",2026
4431453,00-0038622,9505,VaugDe00,40240,17003,Deuce Vaughn,Christopher,Vaughn,RB,RB,HOU,31,CUT,Cut,3,Kansas State,"https://static.www.nfl.com/image/upload/f_auto,q_auto/league/z8lnunc6vvq9qlnidaw3",2026
4362225,00-0038623,11015,StilDa01,40244,17154,Dante Stills,Dante,Stills,DL,DE,ARI,55,ACT,Active,3,West Virginia,"https://static.www.nfl.com/image/upload/f_auto,q_auto/league/xmtckml9zzgrv1r04anq",2026
4259546,00-0038624,11006,SpeeAm00,,17367,Ameer Speed,Ameer,Speed,DB,CB,DAL,23,ACT,Active,3,Michigan State; Georgia,"https://static.www.nfl.com/image/upload/f_auto,q_auto/league/o9d89l2prvb5k7uawpzi",2026
4428914,00-0038625,11017,WintDe00,40227,16938,Dee Winters,Demonderick,Winters,LB,ILB,DAL,53,ACT,Active,3,TCU,"https://static.www.nfl.com/image/upload/f_auto,q_auto/league/xlebnylgre4ogpnnl4na",2026
4567111,00-0038628,11050,HellDe00,40278,16930,DeMarcco Hellams,DeMarcco,Hellams,DB,SS,ATL,23,ACT,Active,3,Alabama,"https://static.www.nfl.com/image/upload/f_auto,q_auto/league/qg0hfg5iv3zc6hn07dzt",2026
,00-0038629,,,,,Jovaughn Gwyn,Jovaughn,Gwyn,OL,C,BAL,54,ACT,Active,3,South Carolina,"https://static.www.nfl.com/image/upload/f_auto,q_auto/league/tm2hlsk9mv702qczciho",2026
,00-0038633,,,,,Nick Broeker,Nick,Broeker,OL,G,BUF,65,DEV,Practice Squad,3,Mississippi,"https://static.www.nfl.com/image/upload/f_auto,q_auto/league/ho1hflkakgdwhwzj7eyu",2026
4249214,00-0038635,11041,JoneAn02,40247,17178,Andre Jones Jr.,Gerald,Jones,LB,OLB,BUF,59,DEV,Practice Squad,3,Louisiana-Lafayette,"https://static.www.nfl.com/image/upload/f_auto,q_auto/league/jnapl3qjyekmgvxm4bgd",2026
4240261,00-0038638,11038,PariDe00,,17127,Derek Parish,Derek,Parish,DL,DE,HOU,78,CUT,Cut,3,Houston,"https://static.www.nfl.com/image/private/f_auto,q_auto/league/exzq9qbltfwv5p1b5vs4",2026
4692835,00-0038640,11034,BrooJa03,40257,17185,Jalen Brooks,Jalen,Brooks,WR,WR,ARI,83,ACT,Active,3,South Carolina; Tarleton State; Wingate,"https://static.www.nfl.com/image/upload/f_auto,q_auto/league/xeg0tvg6klf0afgddkq6",2026
4711029,00-0038641,11033,BoldIs00,,17343,Isaiah Bolden,Isaiah,Bolden,DB,CB,PHI,49,CUT,Cut,3,Jackson State University,"https://static.www.nfl.com/image/upload/f_auto,q_auto/league/at3zmsf7seu7exc1d4od",2026
4362502,00-0038642,11032,IveyDJ00,40259,16672,D.J. Ivey,D.J.,Ivey,DB,CB,CIN,38,ACT,Active,3,Miami,"https://static.www.nfl.com/image/upload/f_auto,q_auto/league/bgycp6whsc4bd61aumsq",2026
4360290,00-0038643,10224,WillBr06,40261,17010,Brayden Willis,Brayden,Willis,TE,TE,SF,9,ACT,Active,3,Oklahoma,"https://static.www.nfl.com/image/upload/f_auto,q_auto/league/sdifjifrgrvunhiigdub",2026
4568662,00-0038644,11031,HillBr03,,17363,Brandon Hill,Brandon,Hill,DB,SS,PIT,30,CUT,Cut,3,Pittsburgh,"https://static.www.nfl.com/image/upload/f_auto,q_auto/league/cmhc0px1zf7xuxcqbqng",2026
,00-0038645,,,,,Spencer Anderson,Spencer,Anderson,OL,G,PIT,74,ACT,Active,3,Maryland,"https://static.www.nfl.com/image/upload/f_auto,q_auto/league/gtpey4tnh0dkqjlux3gz",2026
4426599,00-0038646,11027,AustAl00,,17092,Alex Austin,Alex,Austin,DB,CB,MIA,26,CUT,Cut,3,Oregon State,"https://static.www.nfl.com/image/upload/f_auto,q_auto/league/xhouenbvagbqn4jbbtge",2026
4372063,00-0038647,10221,BellRo01,40279,16843,Ronnie Bell,Ronnie,Bell,WR,WR,NO,11,CUT,Cut,3,Michigan,"https://static.www.nfl.com/image/upload/f_auto,q_auto/league/oc0bqykntgi6uiczr7zc",2026
4570410,00-0038648,11025,GrahJa02,40265,17172,Jalen Graham,Jalen,Graham,LB,MLB,SF,41,DEV,Practice Squad,3,Purdue,"https://static.www.nfl.com/image/upload/f_auto,q_auto/league/yx3s8vah183b6x6jt8z8",2026
,00-0038649,,,,,Alex Forsyth,Alex,Forsyth,OL,C,DEN,54,ACT,Active,3,Oregon,"https://static.www.nfl.com/image/upload/f_auto,q_auto/league/yyvjgz6ikiyjw6au2kn1",2026
4240042,00-0038653,11338,DurdCo00,,17281,Cory Durden,Cory,Durden,DL,DT,NE,94,ACT,Active,3,N.C. State; Florida State,"https://static.www.nfl.com/image/upload/f_auto,q_auto/league/ov0j6k2wckanqkayqxhj",2026
4374338,00-0038655,11487,GilmSt01,,17569,Steven Gilmore,Steven,Gilmore,DB,CB,LA,13,CUT,Cut,3,Marshall,"https://static.www.nfl.com/image/upload/f_auto,q_auto/league/hbqoalib7vqrtnulwxz9",2026
4361182,00-0038658,11065,,40299,17266,Adrian Martinez,Adrian,Martinez,QB,QB,SF,4,CUT,Cut,3,Kansas State; Nebraska,"https://static.www.nfl.com/image/upload/f_auto,q_auto/league/w0ehlpfwk70tqpswllwv",2026
5144894,00-0038660,11348,NowaTr00,40591,17570,Trevor Nowaske,Trevor,Nowaske,LB,OLB,DET,53,ACT,Active,3,Saginaw Valley State,"https://static.www.nfl.com/image/upload/f_auto,q_auto/league/m65qtbao0n91lg4gprrp",2026
4367835,00-0038661,11345,,,16835,Chris Smith,Chris,Smith,DL,DT,DET,90,DEV,Practice Squad,3,Notre Dame; Harvard,"https://static.www.nfl.com/image/upload/f_auto,q_auto/league/yczxmt0xfnqax2ueqz3j",2026
4363408,00-0038663,11343,ThomSt01,40593,17346,Starling Thomas V,Starling,Thomas,DB,CB,ARI,24,DEV,Practice Squad,3,UAB,"https://static.www.nfl.com/image/upload/f_auto,q_auto/league/wep63sxqoqc3yyyo8hds",2026
4241588,00-0038667,11139,CookEl00,40374,17062,Elijah Cooks,Elijah,Cooks,WR,WR,CAR,80,CUT,Cut,3,San Jose State; Nevada,"https://static.www.nfl.com/image/upload/f_auto,q_auto/league/jdwpqogatij3pqncde1l",2026
4243004,00-0038678,11378,MimsJo00,40631,17125,Jordan Mims,Jordan,Mims,RB,RB,PHI,41,CUT,Cut,3,Fresno State,"https://static.www.nfl.com/image/upload/f_auto,q_auto/league/nvamfcrdqvkwtnpgmzdh",2026
4241476,00-0038679,11377,ShavTy00,40630,17555,Tyrell Shavers,Tyrell,Shavers,WR,WR,BUF,14,RES,Reserve/IR,3,San Diego State; Mississippi State; Alabama,"https://static.www.nfl.com/image/upload/f_auto,q_auto/league/r9nabownt8mbqlj730su",2026
4360746,00-0038684,11391,BonnEt00,,17564,Ethan Bonner,Ethan,Bonner,DB,CB,MIA,27,DEV,Practice Squad,3,Stanford,"https://static.www.nfl.com/image/upload/f_auto,q_auto/league/zfylu04usdezofligghl",2026
3149687,00-0038685,11370,BrooCh00,40625,16741,Chris Brooks,Christopher,Brooks,RB,RB,GB,30,ACT,Active,3,BYU; California,"https://static.www.nfl.com/image/upload/f_auto,q_auto/league/ityat7ltppdxe9t0imjd",2026
,00-0038693,,,,,Garrett Nelson,Garrett,Nelson,LB,OLB,NO,59,CUT,Cut,3,Nebraska,,2026
4259651,00-0038694,11396,PiliBr00,,17560,Brandon Pili,Brandon,Pili,DL,DT,SEA,95,ACT,Active,3,USC,"https://static.www.nfl.com/image/upload/f_auto,q_auto/league/qf0sxvyhghxygeocgob1",2026
4372418,00-0038696,11395,SmitKe05,,16806,Keidron Smith,Keidron,Smith,DB,FS,ATL,39,CUT,Cut,3,Kentucky,"https://static.www.nfl.com/image/upload/f_auto,q_auto/league/bmidsctpakth58pe4axu",2026
4585317,00-0038703,11185,BrooKe02,,17480,Kendell Brooks,Kendell,Brooks,DB,SS,TEN,30,RES,Reserve/IR,3,Michigan State; North Greenville College,"https://static.www.nfl.com/image/upload/f_auto,q_auto/league/ophgu4atah9skksi1kws",2026
4362478,00-0038705,11199,DemeEm00,40430,17091,Emari Demercado,Emari,Demercado,RB,RB,DAL,31,ACT,Active,3,TCU,"https://static.www.nfl.com/image/upload/f_auto,q_auto/league/wu0sm9ttr4aiugi9fquf",2026
4362018,00-0038710,11201,WhitBl01,40433,17130,Blake Whiteheart,Blake,Whiteheart,TE,TE,CLE,86,ACT,Active,3,Wake Forest,"https://static.www.nfl.com/image/upload/f_auto,q_auto/league/senw8edxu2ovkg1dbdxs",2026
4567403,00-0038711,11350,DiabMo00,40598,16837,Mohamoud Diabate,Mohamoud,Diabate,LB,OLB,TEN,44,DEV,Practice Squad,3,Utah,"https://static.www.nfl.com/image/upload/f_auto,q_auto/league/to8prswizs9iqvpqqbay",2026
4569620,00-0038715,11352,HickRo00,40597,17100,Ronnie Hickman Jr.,Ronnie,Hickman,DB,FS,CLE,33,ACT,Active,3,Ohio State,"https://static.www.nfl.com/image/upload/f_auto,q_auto/league/ds24p7j86p9mwshsjvbu",2026
,00-0038716,,,,,Jeremiah Martin,Jeremiah,Martin,DL,DE,CHI,69,CUT,Cut,3,Washington; Texas A&M,"https://static.www.nfl.com/image/upload/f_auto,q_auto/league/ekuhmi6hzm0np3nybzgg",2026
4361824,00-0038717,11353,McCaTa00,,17348,Tanner McCalister,Tanner,McCalister,DB,FS,KC,34,DEV,Practice Squad,3,Ohio State; Oklahoma State,"https://static.www.nfl.com/image/upload/f_auto,q_auto/league/c9jj95kbpqkultyasp1c",2026
4365395,00-0038720,11371,HillJu02,40629,17335,Julian Hill,Julian,Hill,TE,TE,NE,89,RES,Reserve/IR,3,Campbell University,"https://static.www.nfl.com/image/upload/f_auto,q_auto/league/idjirwpxilfybc74zhwr",2026
4243321,00-0038724,11062,GayeAl01,,16786,Ali Gaye,Ali,Gaye,DL,DE,HOU,95,RES,Reserve/IR,3,LSU; Garden City CC; Arizona Western,"https://static.www.nfl.com/image/upload/f_auto,q_auto/league/ctzqzcp9fu31oplmkvnx",2026
4430681,00-0038728,11056,WaynJa01,40288,16847,Jared Wayne,Jared,Wayne,WR,WR,HOU,89,ACT,Active,3,Pittsburgh,"https://static.www.nfl.com/image/upload/f_auto,q_auto/league/ykhrjnmqsqyprplhy6pl",2026
,00-0038729,,,,,Kilian Zierer,Kilian,Zierer,OL,T,JAX,78,DEV,Practice Squad,3,Auburn,"https://static.www.nfl.com/image/upload/f_auto,q_auto/league/ihrfeerkholmjmfmje3u",2026
,00-0038731,,,,,TJ Bass,T.J.,Bass,OL,G,DAL,66,ACT,Active,3,Oregon; Butte College,"https://static.www.nfl.com/image/upload/f_auto,q_auto/league/hnmg3ncfxso056ybw5zz",2026
4242442,00-0038735,11508,FantPr00,40778,17135,Princeton Fant,Princeton,Fant,TE,TE,DAL,85,RES,Reserve/IR,3,Tennessee,"https://static.www.nfl.com/image/upload/f_auto,q_auto/league/dh67wj7xhek86nhyucig",2026
4574551,00-0038737,11514,LandIs00,40779,17115,Isaiah Land,Isaiah,Land,LB,OLB,DAL,58,DEV,Practice Squad,3,Florida A&M,"https://static.www.nfl.com/image/upload/f_auto,q_auto/league/iwr8ph2nr9nczlbhylbl",2026
4383396,00-0038738,11510,LuepHu00,40780,17000,Hunter Luepke,Hunter,Luepke,RB,FB,DAL,40,ACT,Active,3,North Dakota State,"https://static.www.nfl.com/image/upload/f_auto,q_auto/league/m28qafff4o5vb3aaumiv",2026
4426990,00-0038740,11506,MoreJa01,40774,16730,Jalen Moreno-Cropper,Jalen,Moreno-Cropper,WR,WR,NO,85,DEV,Practice Squad,3,Fresno State,"https://static.www.nfl.com/image/upload/f_auto,q_auto/league/key7qkukzlgva9oz7k2r",2026
4689333,00-0038742,11512,WheaTy02,,17181,Tyrus Wheat,Tyrus,Wheat,LB,OLB,DAL,59,ACT,Active,3,Mississippi State,"https://static.www.nfl.com/image/upload/f_auto,q_auto/league/krmcu6sltcvyy6ddisn7",2026
,00-0038748,,,,,B.T. Potter,Benjamin,Potter,K,K,TB,33,CUT,Cut,3,,"https://static.www.nfl.com/image/upload/f_auto,q_auto/league/gmtlr2dtch6dbfxj7vdt",2026
4360405,00-0038752,10867,BoboJa00,40452,17040,Jake Bobo,Jake,Bobo,WR,WR,SEA,19,RES,Reserve/IR,3,UCLA; Duke,"https://static.www.nfl.com/image/upload/f_auto,q_auto/league/esyfp5hwdtepk2ypsru4",2026
4364623,00-0038764,11230,OConPa01,,17604,Patrick O'Connell,Patrick,O'Connell,LB,ILB,SEA,52,ACT,Active,3,Montana,"https://static.www.nfl.com/image/upload/f_auto,q_auto/league/s5wok0ocqr8yc86xhucm",2026
4247808,00-0038765,11233,OkadTy00,,17352,Ty Okada,Ty,Okada,DB,FS,SEA,39,ACT,Active,3,Montana State,"https://static.www.nfl.com/image/upload/f_auto,q_auto/league/dpnc6udwdhtrsq898nec",2026
,00-0038769,,,,,Chris Stoll,Chris,Stoll,LS,LS,SEA,41,ACT,Active,3,Penn State,"https://static.www.nfl.com/image/upload/f_auto,q_auto/league/oyqbh2n0msfbnzqvzfpu",2026
,00-0038776,,,,,Ricky Lee,Ricky,Lee,OL,T,JAX,66,CUT,Cut,3,North Carolina A&T,"https://static.www.nfl.com/image/upload/f_auto,q_auto/league/erw0rosxtjkqvjzbh92x",2026
4360277,00-0038778,11328,RedmJa01,,17118,Jalen Redmond,Jalen,Redmond,DL,DE,MIN,61,ACT,Active,3,Oklahoma,"https://static.www.nfl.com/image/upload/f_auto,q_auto/league/y4m9ssdlqb8i7zgmo7tl",2026
,00-0038781,,,,,Rejzohn Wright,Rejzohn,Wright,DB,CB,NO,25,RES,Reserve/IR,3,Oregon State,"https://static.www.nfl.com/image/upload/f_auto,q_auto/league/yrq9uabvv4pfbc0terbp",2026
4361272,00-0038782,11336,LeotEk00,40574,16922,Eku Leota,Andrew,Leota,LB,OLB,ARI,54,ACT,Active,3,Auburn,"https://static.www.nfl.com/image/upload/f_auto,q_auto/league/yj4vx0pliwqrimhyeiyw",2026
4383440,00-0038783,11433,AdkiNa00,40702,16992,Nate Adkins,Nate,Adkins,TE,TE,DEN,45,ACT,Active,3,South Carolina,"https://static.www.nfl.com/image/upload/f_auto,q_auto/league/hedaw0ksq5qdzp9uhe3w",2026
,00-0038785,,,,,Henry Byrd,Henry,Byrd,OL,G,MIN,68,DEV,Practice Squad,3,Princeton,"https://static.www.nfl.com/image/upload/f_auto,q_auto/league/x6i8ymo7tl6o19o7pmry",2026
4689674,00-0038788,11440,GreeAr01,,17360,Art Green,Art,Green,DB,CB,NYG,23,CUT,Cut,3,Houston,"https://static.www.nfl.com/image/upload/f_auto,q_auto/league/qzhydlbsekmp6x7gx6pn",2026
4714157,00-0038791,11441,IncoTh00,40698,17101,Thomas Incoom,Thomas,Incoom,LB,OLB,CAR,48,ACT,Active,3,Central Michigan; Valdosta State,"https://static.www.nfl.com/image/upload/f_auto,q_auto/league/rcrh2zr9mxex16czv1eo",2026
,00-0038792,,,,,Demontrey Jacobs,Demontrey,Jacobs,OL,T,ARI,67,DEV,Practice Squad,3,South Florida Community College; Grambling State,"https://static.www.nfl.com/image/upload/f_auto,q_auto/league/u3aknrx8tn2qjh8o4wua",2026
4722893,00-0038794,11439,McLaJa00,40696,17319,Jaleel McLaughlin,Jaleel,McLaughlin,RB,RB,CLE,38,DEV,Practice Squad,3,Youngstown State,"https://static.www.nfl.com/image/upload/f_auto,q_auto/league/jlzkji7mfkcmkyz2tygj",2026
,00-0038796,,,,,Alex Palczewski,Alex,Palczewski,OL,T,DEN,63,ACT,Active,3,Illinois,"https://static.www.nfl.com/image/upload/f_auto,q_auto/league/tiyl83okzrfi50hqyzid",2026
4887558,00-0038797,11435,WilsEm00,40707,17593,Emanuel Wilson,Emanuel,Wilson,RB,RB,SEA,27,ACT,Active,3,Fort Valley State College,"https://static.www.nfl.com/image/upload/f_auto,q_auto/league/uorruvczsxzvffpbxu8z",2026
4577333,00-0038801,11084,CartAn01,,16924,Andre Carter II,Andre,Carter,LB,OLB,LAC,51,DEV,Practice Squad,3,Army,"https://static.www.nfl.com/image/upload/f_auto,q_auto/league/wcegripe6c8koovd8htl",2026
4430280,00-0038807,11086,PaceIv00,40301,16804,Ivan Pace Jr.,Ivan,Pace,LB,ILB,MIN,0,ACT,Active,3,Cincinnati; Miami (Ohio),"https://static.www.nfl.com/image/upload/f_auto,q_auto/league/til1eiumoueha3mnindj",2026
4373030,00-0038809,11082,SimsBe00,40335,17012,Ben Sims,Ben,Sims,TE,TE,MIA,89,RES,Reserve/IR,3,Baylor,"https://static.www.nfl.com/image/upload/f_auto,q_auto/league/rigksrncrdjmbhvfuclp",2026
,00-0038817,,,,,Evan Deckers,Evan,Deckers,LS,LS,TB,86,ACT,Active,3,Duke,"https://static.www.nfl.com/image/upload/f_auto,q_auto/league/ktw6cswbixds9apgamdw",2026
,00-0038818,,,,,Luke Haggard,Luke,Haggard,OL,G,TB,72,ACT,Active,3,Indiana,"https://static.www.nfl.com/image/upload/f_auto,q_auto/league/qgucw8h7i34exiqtqunr",2026
4372459,00-0038820,11427,IzieCh00,40681,17355,Christian Izien,Christian,Izien,DB,SS,DET,27,ACT,Active,3,Rutgers,"https://static.www.nfl.com/image/upload/f_auto,q_auto/league/mgnzlvalqatapemmfbao",2026
4360502,00-0038823,11429,MerrKa00,40684,17103,Kaevon Merriweather,Kaevon,Merriweather,DB,SS,JAX,26,DEV,Practice Squad,3,Iowa,"https://static.www.nfl.com/image/upload/f_auto,q_auto/league/f0eu5qpulyo3hzh4524f",2026
4369466,00-0038824,11421,MillRy01,40676,17271,Ryan Miller,Ryan,Miller,WR,WR,MIA,84,ACT,Active,3,Furman,"https://static.www.nfl.com/image/upload/f_auto,q_auto/league/cyn2sjaozsadlvgarg6p",2026
4690070,00-0038839,11068,TinsMi00,40313,16834,Mitchell Tinsley,Mitchell,Tinsley,WR,WR,HOU,82,DEV,Practice Squad,3,Penn State; Western Kentucky,"https://static.www.nfl.com/image/upload/f_auto,q_auto/league/t4h8qtzndtvf6is6naew",2026
4360763,00-0038840,11157,TremBr00,40407,17330,Brycen Tremayne,Brycen,Tremayne,WR,WR,CAR,87,ACT,Active,3,Stanford,"https://static.www.nfl.com/image/upload/f_auto,q_auto/league/isc094ihkf69vzrlkiql",2026
5143915,00-0038841,11160,WhitNi02,,17617,Nick Whiteside,Nick,Whiteside,DB,CB,DET,38,DEV,Practice Squad,3,Saginaw Valley State,"https://static.www.nfl.com/image/upload/f_auto,q_auto/league/xb8o17bhvobonozefq7n",2026
5143279,00-0038848,11455,KendAn00,,17574,Anthony Kendall,Anthony,Kendall,DB,CB,BUF,30,DEV,Practice Squad,3,Baldwin Wallace College,"https://static.www.nfl.com/image/upload/f_auto,q_auto/league/kgha3oguelser2rcl2lp",2026
4911489,00-0038851,11098,MurpCa00,40330,17159,Caleb Murphy,Caleb,Murphy,LB,OLB,NYG,33,CUT,Cut,3,Ferris State; Grand Valley,"https://static.www.nfl.com/image/upload/f_auto,q_auto/league/zc4hfyhht5w0m9kiultm",2026
,00-0038852,,,,,John Ojukwu,John,Ojukwu,OL,T,PHI,67,DEV,Practice Squad,3,Boise State,"https://static.www.nfl.com/image/upload/f_auto,q_auto/league/f7wqrjpfn7lqp2tr8awp",2026
4379411,00-0038853,11454,ReesOt00,40708,17576,Otis Reese,Otis,Reese,LB,ILB,BUF,50,CUT,Cut,3,Mississippi,"https://static.www.nfl.com/image/upload/f_auto,q_auto/league/ep7viam10hnxhva90fbl",2026
4394894,00-0038865,11122,FarmAn00,,17309,Andrew Farmer,Andrew,Farmer,LB,OLB,SF,50,RES,Reserve/IR,3,Lane College,"https://static.www.nfl.com/image/upload/f_auto,q_auto/league/wscfjolhvndwj8zemf81",2026
4427190,00-0038866,11121,FinlAJ00,40356,16993,AJ Finley,Allister,Finley,DB,FS,SEA,30,DEV,Practice Squad,3,Mississippi,"https://static.www.nfl.com/image/upload/f_auto,q_auto/league/zqvnq3t2f3ayg5rnmzld",2026
4362082,00-0038877,11173,JamiDS00,40404,17356,D'Shawn Jamison,D'Shawn,Jamison,DB,CB,PIT,38,CUT,Cut,3,Texas,"https://static.www.nfl.com/image/upload/f_auto,q_auto/league/tpz66swcddlot6x1lcfz",2026
4247942,00-0038883,11232,WinsIs00,40466,17494,Isaiah Winstead,Isaiah,Winstead,WR,WR,PIT,27,CUT,Cut,3,East Carolina; Toledo; Norfolk State,,2026
4360413,00-0038890,11251,HeywSh00,,17171,Shaka Heyward,Shaka,Heyward,LB,ILB,CIN,50,DEV,Practice Squad,3,Duke,"https://static.www.nfl.com/image/upload/f_auto,q_auto/league/ygoj2vwazi6dsg2bnwpt",2026
4361332,00-0038891,11257,JackSh01,40491,17334,Shedrick Jackson,Shedrick,Jackson,WR,WR,LV,4,CUT,Cut,3,Auburn,"https://static.www.nfl.com/image/upload/f_auto,q_auto/league/pimh65yyziduaq7vbmi5",2026
,00-0038893,,,,,Devonnsha Maxwell,Devonnsha,Maxwell,DL,DT,ATL,73,CUT,Cut,3,Tennessee-Chattanooga,"https://static.www.nfl.com/image/upload/f_auto,q_auto/league/r8tc8oroxvpz8w5wd00e",2026
4383429,00-0038896,11237,SaylJa00,,17584,Jacob Saylors,Jacob,Saylors,RB,RB,DET,25,ACT,Active,3,East Tennessee State,"https://static.www.nfl.com/image/upload/f_auto,q_auto/league/wunm6abfmikwaewmwkp7",2026
4259619,00-0038905,11058,GrupBl00,40296,17595,Blake Grupe,Blake,Grupe,K,K,NYJ,10,ACT,Active,3,Notre Dame; Arkansas State,"https://static.www.nfl.com/image/upload/f_auto,q_auto/league/de3vz6xjjo9paba6encd",2026
4567535,00-0038908,11108,OrjiAn00,,17168,Anfernee Orji,Anfernee,Orji,LB,ILB,NYG,59,CUT,Cut,3,Vanderbilt,"https://static.www.nfl.com/image/upload/f_auto,q_auto/league/lbogbl26m6kwp1ljbrog",2026
4240069,00-0038911,10860,CunnMa00,40290,16691,Malik Cunningham,Malik,Cunningham,WR,WR,DET,15,CUT,Cut,3,Louisville,"https://static.www.nfl.com/image/upload/f_auto,q_auto/league/b1zs666er20onzjnff8h",2026
4428659,00-0038922,11470,ThomDr00,40730,17304,Drake Thomas,Drake,Thomas,LB,ILB,SEA,32,ACT,Active,3,N.C. State,"https://static.www.nfl.com/image/upload/f_auto,q_auto/league/rmsrwh97imnsmq3lw1xm",2026
,00-0038923,,,,,Dalton Wagner,Dalton,Wagner,OL,T,LV,78,CUT,Cut,3,Arkansas,"https://static.www.nfl.com/image/upload/f_auto,q_auto/league/chenoqf6l8qhbz6uhvfa",2026
4248425,00-0038930,11186,WashCa00,40420,17465,Carlos Washington,Carlos,Washington,RB,RB,MIA,26,DEV,Practice Squad,3,Southeastern Louisiana,"https://static.www.nfl.com/image/upload/f_auto,q_auto/league/oc9zhtjhrxq5vxr1qkak",2026
,00-0038932,,,,,Darnell Wright,Darnell,Wright,OL,T,CHI,58,ACT,Active,3,Tennessee,"https://static.www.nfl.com/image/upload/f_auto,q_auto/league/lyx4zcnkzewtzqxi7lvh",2026
4385690,00-0038933,10236,KincDa00,40048,16697,Dalton Kincaid,Dalton,Kincaid,TE,TE,BUF,86,ACT,Active,3,Utah; Univ of California-San Diego,"https://static.www.nfl.com/image/upload/f_auto,q_auto/league/z7k857flehljboaixj8m",2026
,00-0038934,,,,,Anton Harrison,Anton,Harrison,OL,T,JAX,77,ACT,Active,3,Oklahoma,"https://static.www.nfl.com/image/upload/f_auto,q_auto/league/l90ccbzqvqoblyonrdr3",2026
4430539,00-0038935,9480,StraBr00,40078,17017,Brenton Strange,Brenton,Strange,TE,TE,JAX,85,ACT,Active,3,Penn State,"https://static.www.nfl.com/image/upload/f_auto,q_auto/league/devxzxwf1sfficgncggm",2026
,00-0038936,,,,,Juice Scruggs,Fredrick,Scruggs,OL,G,DET,70,ACT,Active,3,Penn State,"https://static.www.nfl.com/image/upload/f_auto,q_auto/league/ni0rm2lbpplykzufmm5q",2026
4426332,00-0038937,10924,PickZa00,40111,16703,Zacch Pickens,Zacch,Pickens,DL,DT,NYG,96,CUT,Cut,3,South Carolina,"https://static.www.nfl.com/image/upload/f_auto,q_auto/league/dsqdomywsgl8x4bqqcie",2026
4692590,00-0038938,9497,HyatJa00,40128,16714,Jalin Hyatt,Jalin,Hyatt,WR,WR,NYG,81,DEV,Practice Squad,3,Tennessee,"https://static.www.nfl.com/image/upload/f_auto,q_auto/league/fqgvjckxe03pr4eup6m7",2026
4365457,00-0038939,10928,MartBr00,40122,17156,Brodric Martin,Brodric,Martin,DL,DT,ARI,98,CUT,Cut,3,Western Kentucky,"https://static.www.nfl.com/image/upload/f_auto,q_auto/league/fxo9xafpvo3nphye3bwq",2026
4361861,00-0038940,10941,LacyTy00,40161,16968,Tyler Lacy,Tyler,Lacy,DL,DE,DET,93,ACT,Active,3,Oklahoma State,"https://static.www.nfl.com/image/upload/f_auto,q_auto/league/k0vshmovqi55f4nwuiaf",2026
4565908,00-0038941,9490,ScotTy00,40141,16713,Tyler Scott,Tyler,Scott,WR,WR,LA,82,CUT,Cut,3,Cincinnati,"https://static.www.nfl.com/image/upload/f_auto,q_auto/league/lmtqp0nnsglmo6ypp1ec",2026
4430871,00-0038951,9506,TuckSe00,40742,16728,Sean Tucker,Sean,Tucker,RB,RB,TB,44,ACT,Active,3,Syracuse,"https://static.www.nfl.com/image/upload/f_auto,q_auto/league/wiarwjvy8p6bojlratp4",2026
4363551,00-0038953,11474,DrumDy00,40737,17626,Dylan Drummond,Dylan,Drummond,WR,WR,ATL,80,DEV,Practice Squad,3,Eastern Michigan,"https://static.www.nfl.com/image/upload/f_auto,q_auto/league/xyexcy7ur9nscytyhinx",2026
,00-0038956,,,,,Ekow Boye-Doe,Ekow,Boye-Doe,DB,CB,DET,43,CUT,Cut,3,Kansas State,"https://static.www.nfl.com/image/upload/f_auto,q_auto/league/jrm1husugxjadz2wassn",2026
4373706,00-0038958,11432,WattMa00,,17621,Markees Watts,Markees,Watts,LB,OLB,CLE,61,RET,Retired,3,Charlotte,"https://static.www.nfl.com/image/upload/f_auto,q_auto/league/hwxh3ps9lwnj0qu4mw8v",2026
4689989,00-0038966,11481,BrooNa01,,17623,Natrone Brooks,Natrone,Brooks,DB,CB,ATL,35,CUT,Cut,3,Southern Mississippi,"https://static.www.nfl.com/image/upload/f_auto,q_auto/league/swxxv6yxfspw2vyrjxgv",2026
4686472,00-0038976,9494,MimsMa00,40090,16849,Marvin Mims Jr.,Marvin,Mims,WR,WR,DEN,19,ACT,Active,3,Oklahoma,"https://static.www.nfl.com/image/upload/f_auto,q_auto/league/zbdjtph5xplbf4yocz0l",2026
4366031,00-0038977,9502,DellNa00,40097,16935,Tank Dell,Nathaniel,Dell,WR,WR,HOU,1,RES,Reserve/IR,3,Houston; Independence Comm. College; Alabama A&M,"https://static.www.nfl.com/image/upload/f_auto,q_auto/league/dzjep37g7fqdweqtncso",2026
4567123,00-0038978,10925,YounBy00,40125,17123,Byron Young,Byron,Young,DL,DT,PHI,94,ACT,Active,3,Alabama,"https://static.www.nfl.com/image/upload/f_auto,q_auto/league/zkjuhizs7now7kfwp9s3",2026
4369863,00-0038979,10444,TillCe01,40093,16706,Cedric Tillman,Cedric,Tillman,WR,WR,NO,19,DEV,Practice Squad,3,Tennessee,"https://static.www.nfl.com/image/upload/f_auto,q_auto/league/xust9v3gob1qqwhziugh",2026
4426412,00-0038980,10934,HarrZa00,40115,17197,Zach Harrison,Zach,Harrison,DL,DE,ATL,96,DEV,Practice Squad,3,Ohio State,"https://static.www.nfl.com/image/upload/f_auto,q_auto/league/jph76ryj7fn3yqi5c2yg",2026
,00-0038981,,,,,Wanya Morris,Wanya,Morris,OL,T,DAL,64,DEV,Practice Squad,3,Oklahoma; Tennessee,"https://static.www.nfl.com/image/upload/f_auto,q_auto/league/y2bvxkfybapdxszjuhju",2026
4361964,00-0038982,10949,ConnCh01,,16671,Chamarri Conner,Chamarri,Conner,DB,SS,KC,27,ACT,Active,3,Virginia Tech,"https://static.www.nfl.com/image/upload/f_auto,q_auto/league/fzzbwoogfbowestdz7gz",2026
4426923,00-0038984,11014,ClarKe02,40229,16695,Kei'Trel Clark,Kei'Trel,Clark,DB,CB,ARI,13,ACT,Active,3,Louisville,"https://static.www.nfl.com/image/upload/f_auto,q_auto/league/mcmz4ef4fvvoqapbf8rf",2026
4427636,00-0038986,11029,JoneNi00,,17345,Nic Jones,Nic,Jones,DB,CB,NYG,31,ACT,Active,3,Ball State,"https://static.www.nfl.com/image/upload/f_auto,q_auto/league/ph6swp4bcjab60k3zlmw",2026
4429205,00-0038994,9756,AddiJo00,40042,16895,Jordan Addison,Jordan,Addison,WR,WR,MIN,3,ACT,Active,3,USC; Pittsburgh,"https://static.www.nfl.com/image/upload/f_auto,q_auto/league/mi4lzk9gvjrvo6rwdf1e",2026
4428988,00-0038995,10874,BresBr00,40045,17173,Bryan Bresee,Bryan,Bresee,DL,DT,NO,90,RES,Reserve/IR,3,Clemson,"https://static.www.nfl.com/image/upload/f_auto,q_auto/league/ggluxdivvc7bhfhpfrsl",2026
4572680,00-0038996,9484,KrafTu00,40102,16649,Tucker Kraft,Tucker,Kraft,TE,TE,GB,85,ACT,Active,3,South Dakota State,"https://static.www.nfl.com/image/upload/f_auto,q_auto/league/n6vu44jbq31rydoaadaq",2026
4688813,00-0038997,9500,DownJo00,40126,16689,Josh Downs,Joshua,Downs,WR,WR,IND,2,ACT,Active,3,North Carolina,"https://static.www.nfl.com/image/upload/f_auto,q_auto/league/z3wahaxpmc6d5lcxgh60",2026
4243322,00-0038998,10215,HaenJa00,40144,16912,Jake Haener,Jake,Haener,QB,QB,NYG,12,DEV,Practice Squad,3,Fresno State; Washington,"https://static.www.nfl.com/image/upload/f_auto,q_auto/league/jfxyp1qkekty7jwh5kcr",2026
42873,00-0039000,10878,BankDe00,40053,16727,Deonte Banks,Deonte,Banks,DB,CB,NYG,2,ACT,Active,3,Maryland,"https://static.www.nfl.com/image/upload/f_auto,q_auto/league/pskti493swphojhbve0c",2026
,00-0039001,,,,,Tyler Steen,Tyler,Steen,OL,G,PHI,56,ACT,Active,3,Alabama; Vanderbilt,"https://static.www.nfl.com/image/upload/f_auto,q_auto/league/vql0qqvuq0eqkaolcqep",2026
4360386,00-0039002,10919,BrowSy00,40123,16770,Sydney Brown,Sydney,Brown,DB,SS,ATL,29,ACT,Active,3,Illinois,"https://static.www.nfl.com/image/upload/f_auto,q_auto/league/c9jtw4rbs1inmf2mwjlc",2026
4685721,00-0039003,10929,SandDr00,40109,17151,Drew Sanders,Drew,Sanders,LB,OLB,DEN,41,RES,Reserve/IR,3,Arkansas; Alabama,"https://static.www.nfl.com/image/upload/f_auto,q_auto/league/x8qb06rtfpalcci5pyfx",2026
,00-0039004,,,,,Carter Warren,Carter,Warren,OL,T,MIA,77,RES,Reserve/IR,3,Pittsburgh,"https://static.www.nfl.com/image/upload/f_auto,q_auto/league/tatbe1k9y37qwi63q3yp",2026
4612387,00-0039006,10872,AnudFe00,40034,16885,Felix Anudike-Uzomah,Felix,Anudike-Uzomah,DL,DE,KC,91,ACT,Active,3,Kansas State,"https://static.www.nfl.com/image/upload/f_auto,q_auto/league/exgukbhcnyzn7sntq0jk",2026
4568506,00-0039007,10932,WillGa00,40127,16723,Garrett Williams,Garrett,Williams,DB,CB,ARI,21,ACT,Active,3,Syracuse,"https://static.www.nfl.com/image/upload/f_auto,q_auto/league/av20qv7vnk7arcnw25bd",2026
4374066,00-0039009,10958,HortDy00,40151,16955,Dylan Horton,Dylan,Horton,DL,DE,HOU,92,RES,Reserve/IR,3,TCU,"https://static.www.nfl.com/image/upload/f_auto,q_auto/league/tshgju7vbpqdj84bbkfl",2026
,00-0039010,,,,,Braeden Daniels,Braeden,Daniels,OL,G,LV,79,CUT,Cut,3,Utah,"https://static.www.nfl.com/image/upload/f_auto,q_auto/league/qeztiujf4s7scl6dt2lf",2026
4426331,00-0039013,10873,SmitNo02,40054,17176,Nolan Smith,Nolan,Smith,LB,OLB,PHI,3,ACT,Active,3,Georgia,"https://static.www.nfl.com/image/upload/f_auto,q_auto/league/mutic3dzmrlfruwqlgcb",2026
,00-0039014,,,,,Dawand Jones,Dawand,Jones,OL,T,CLE,79,ACT,Active,3,Ohio State,"https://static.www.nfl.com/image/upload/f_auto,q_auto/league/tm5zyhltmnhwcqkutc2u",2026
4569465,00-0039018,10880,CampJa04,40036,17152,Jack Campbell,Jack,Campbell,LB,MLB,DET,46,ACT,Active,3,Iowa,"https://static.www.nfl.com/image/upload/f_auto,q_auto/league/gxyqaufhu1wgnomrm8ic",2026
,00-0039019,,,,,John Michael Schmitz,John Michael,Schmitz,OL,C,NYG,61,ACT,Active,3,Minnesota,"https://static.www.nfl.com/image/private/f_auto,q_auto/league/viajsunbxleejrou46vu",2026
,00-0039020,,,,,Anthony Bradford,Anthony,Bradford,OL,G,SEA,75,ACT,Active,3,LSU,"https://static.www.nfl.com/image/upload/f_auto,q_auto/league/g2bf69loozhlnsfoxsjv",2026
4426386,00-0039021,10235,JohnRo07,40162,16772,Roschon Johnson,Roschon,Johnson,RB,RB,CHI,23,ACT,Active,3,Texas,"https://static.www.nfl.com/image/upload/f_auto,q_auto/league/xbham6uvckkshpntb8oj",2026
,00-0039023,,,,,Joel Wilson,Joel,Wilson,TE,TE,TEN,83,DEV,Practice Squad,3,Central Michigan,"https://static.www.nfl.com/image/upload/f_auto,q_auto/league/cshaunf0zeexbjo7ofiv",2026
,00-0039030,,,,,Jake Andrews,Jake,Andrews,OL,C,HOU,60,ACT,Active,3,Troy,"https://static.www.nfl.com/image/upload/f_auto,q_auto/league/u4ys7gxfabvumwdj9vgg",2026
4427635,00-0039031,10957,AdebAd00,40143,16731,Adetomiwa Adebawore,Adetomiwa,Adebawore,DL,DT,IND,95,ACT,Active,3,Northwestern,"https://static.www.nfl.com/image/upload/f_auto,q_auto/league/k4jeqt29qhkxivumi4d7",2026
4428557,00-0039032,9508,SpeaTy00,40119,16941,Tyjae Spears,Tyjae,Spears,RB,RB,TEN,2,ACT,Active,3,Tulane,"https://static.www.nfl.com/image/upload/f_auto,q_auto/league/pkly3nkohty1tuijtwty",2026
,00-0039034,,,,,Peter Skoronski,Peter,Skoronski,OL,G,TEN,77,ACT,Active,3,Northwestern,"https://static.www.nfl.com/image/upload/f_auto,q_auto/league/jprsrsbaerno6elsex52",2026
4429160,00-0039040,9226,AchaDe00,40118,16661,De'Von Achane,Devon,Achane,RB,RB,MIA,28,ACT,Active,3,Texas A&M,"https://static.www.nfl.com/image/upload/f_auto,q_auto/league/xk1xwio0bryfxo1ylweu",2026
4426844,00-0039041,10231,HiggEl00,40226,16959,Elijah Higgins,Elijah,Higgins,TE,TE,ARI,84,ACT,Active,3,Stanford,"https://static.www.nfl.com/image/upload/f_auto,q_auto/league/qgvtaa0gekopg4ad6vqe",2026
,00-0039042,,,,,Ryan Hayes,Ryan,Hayes,OL,T,CAR,66,RES,Reserve/IR,3,Michigan,"https://static.www.nfl.com/image/upload/f_auto,q_auto/league/zzvbipvjpudojugcxjre",2026
4567226,00-0039047,10911,HallDe04,40070,16923,Derick Hall,Derick,Hall,LB,OLB,SEA,58,ACT,Active,3,Auburn,"https://static.www.nfl.com/image/upload/f_auto,q_auto/league/pblbd65bo6myp030qbes",2026
,00-0039048,,,,,Matthew Bergeron,Matthew,Bergeron,OL,G,ATL,65,ACT,Active,3,Syracuse,"https://static.www.nfl.com/image/upload/f_auto,q_auto/league/hy3t6flxp3ryvd3ntoum",2026
4429511,00-0039049,10980,DennSi00,40194,16737,SirVocea Dennis,SirVocea,Dennis,LB,ILB,TB,8,ACT,Active,3,Pittsburgh,"https://static.www.nfl.com/image/upload/f_auto,q_auto/league/jcqpqpizmzp5fotauj38",2026
4372505,00-0039050,10227,DurhPa00,40193,16720,Payne Durham,Payne,Durham,TE,TE,TB,87,ACT,Active,3,Purdue,"https://static.www.nfl.com/image/upload/f_auto,q_auto/league/emibbexzjbzvopbvo1at",2026
4248533,00-0039051,10999,HayeJo01,,17409,Josh Hayes,Josh,Hayes,DB,CB,TB,32,RES,Reserve/IR,3,Kansas State; Virginia; North Dakota State,"https://static.www.nfl.com/image/upload/f_auto,q_auto/league/qytktb1ertsh8rzwq08k",2026
4426407,00-0039052,9492,PalmTr00,40223,16936,Trey Palmer,Trey,Palmer,WR,WR,NO,10,DEV,Practice Squad,3,Nebraska; LSU,"https://static.www.nfl.com/image/upload/f_auto,q_auto/league/cdtzofb5u510xjh08qr4",2026
4569068,00-0039053,10998,RamiJo00,40215,17160,Jose Ramirez,Jose,Ramirez,LB,OLB,NE,43,DEV,Practice Squad,3,Eastern Michigan,"https://static.www.nfl.com/image/upload/f_auto,q_auto/league/up8fwbhxwyg5zoqotcng",2026
4248899,00-0039054,10926,MapuMa00,40105,16947,Marte Mapu,Marte,Mapu,LB,OLB,HOU,14,CUT,Cut,3,Sacramento State,"https://static.www.nfl.com/image/upload/f_auto,q_auto/league/iulfjo62qs1q2uec0rxu",2026
,00-0039058,,,,,Steve Avila,Esteban,Avila,OL,G,LA,73,ACT,Active,3,TCU,"https://static.www.nfl.com/image/upload/f_auto,q_auto/league/gftgxclwwznxdrxc15gy",2026
5125875,00-0039059,11051,EvanEt00,,17134,Ethan Evans,Ethan,Evans,P,P,LA,42,ACT,Active,3,Wingate,"https://static.www.nfl.com/image/upload/f_auto,q_auto/league/by1ttgtdiqwd3a2pdbl5",2026
4361835,00-0039060,11040,TaylJa05,40287,17366,Jason Taylor II,Jason,Taylor,DB,FS,DET,34,CUT,Cut,3,Oklahoma State,"https://static.www.nfl.com/image/upload/f_auto,q_auto/league/aozchrij1ghc0d9lpk86",2026
4362294,00-0039061,11021,JohnDe08,40270,17279,Desjuan Johnson,Desjuan,Johnson,LB,OLB,LA,94,ACT,Active,3,Toledo,"https://static.www.nfl.com/image/upload/f_auto,q_auto/league/qj7pup9mp0owqeocx98x",2026
4426485,00-0039062,10225,MingJo00,40073,16937,Jonathan Mingo,Jonathan,Mingo,WR,WR,DAL,81,ACT,Active,3,Mississippi,"https://static.www.nfl.com/image/upload/f_auto,q_auto/league/u2b8s2s0ix5hntyg3eog",2026
4427673,00-0039063,10879,KancCa00,40049,16768,Calijah Kancey,Calijah,Kancey,DL,DE,TB,94,ACT,Active,3,Pittsburgh,"https://static.www.nfl.com/image/upload/f_auto,q_auto/league/b84aoobgsdbufhfiqgti",2026
4429615,00-0039064,9997,FlowZa00,40039,16919,Zay Flowers,Xavien,Flowers,WR,WR,BAL,4,ACT,Active,3,Boston College,"https://static.www.nfl.com/image/upload/f_auto,q_auto/league/xzhto2dejy2pflkfx40c",2026
4430027,00-0039065,10859,LaPoSa01,40064,17033,Sam LaPorta,Sam,LaPorta,TE,TE,DET,87,ACT,Active,3,Iowa,"https://static.www.nfl.com/image/upload/f_auto,q_auto/league/wxlk7ysg2nfq6h6ntdcu",2026
4429086,00-0039066,9482,MayeMi00,40065,16666,Michael Mayer,Michael,Mayer,TE,TE,LV,87,ACT,Active,3,Notre Dame,"https://static.www.nfl.com/image/upload/f_auto,q_auto/league/twnkr9uq1phvukxb5jmh",2026
4428331,00-0039067,10229,RiceRa01,40084,16963,Rashee Rice,Rashee,Rice,WR,WR,KC,4,ACT,Active,3,SMU,"https://static.www.nfl.com/image/upload/f_auto,q_auto/league/qhkbqrydjeur8zvrrmfl",2026
4686334,00-0039068,10921,DiabYa00,40107,17098,Yaya Diaby,Yaya,Diaby,LB,OLB,TB,0,ACT,Active,3,Louisville,"https://static.www.nfl.com/image/upload/f_auto,q_auto/league/bwd4lm9x9djpggqdyyhr",2026
4429014,00-0039070,10899,DextGe00,40091,17174,Gervon Dexter Sr.,Gervon,Dexter,DL,DT,ATL,95,ACT,Active,3,Florida,"https://static.www.nfl.com/image/private/f_auto,q_auto/league/vj6m4qixxhqmufrr5ilo",2026
4426374,00-0039071,10897,StevTy01,40071,17120,Tyrique Stevenson,Tyrique,Stevenson,DB,CB,CHI,29,ACT,Active,3,Miami; Georgia,"https://static.www.nfl.com/image/upload/f_auto,q_auto/league/l0xpg0hpxsepfootn0sq",2026
4686911,00-0039072,10963,BennJa00,40148,17096,Jakorian Bennett,Jakorian,Bennett,DB,CB,PHI,23,RES,Reserve/IR,3,Maryland,"https://static.www.nfl.com/image/upload/f_auto,q_auto/league/xmacplimntxaq6aohzpb",2026
4426553,00-0039074,10214,AlleDa02,40164,17030,Davis Allen,Davis,Allen,TE,TE,LA,87,ACT,Active,3,Clemson,"https://static.www.nfl.com/image/upload/f_auto,q_auto/league/iweydtcrfchsl3mt6jtd",2026
4426515,00-0039075,9493,NacuPu00,40168,16790,Puka Nacua,Puka,Nacua,WR,WR,LA,12,ACT,Active,3,BYU; Washington,"https://static.www.nfl.com/image/upload/f_auto,q_auto/league/ipy6qw7hdygdfc8k86ba",2026
,00-0039077,,,,,Warren McClendon Jr.,Warren,McClendon,OL,T,LA,71,ACT,Active,3,Georgia,"https://static.www.nfl.com/image/private/f_auto,q_auto/league/v6l1ydwiawpfcldcb7if",2026
4259553,00-0039107,10857,BennSt00,40153,16871,Stetson Bennett,Stetson,Bennett,QB,QB,LA,13,ACT,Active,3,Georgia; Jones County JC,"https://static.www.nfl.com/image/upload/f_auto,q_auto/league/s0eo3fstv6rkitzbefzu",2026
4685724,00-0039108,10892,AndeWi01,40031,16809,Will Anderson Jr.,William,Anderson,DL,DE,HOU,51,ACT,Active,3,Alabama,"https://static.www.nfl.com/image/upload/f_auto,q_auto/league/ar9k2r2btzzb10zc0xja",2026
,00-0039109,,,,,Broderick Jones,Broderick,Jones,OL,T,DAL,77,ACT,Active,3,Georgia,"https://static.www.nfl.com/image/upload/f_auto,q_auto/league/xdd3wmhluibtx15q4jhr",2026
4426694,00-0039110,10901,BentKe00,40079,16692,Keeanu Benton,Keeanu,Benton,DL,DT,PIT,95,ACT,Active,3,Wisconsin,"https://static.www.nfl.com/image/upload/f_auto,q_auto/league/gmc2bdwzpvi0bkklmpjw",2026
4431442,00-0039111,10898,TuipTu00,40077,16822,Tuli Tuipulotu,Tulikihelotu,Tuipulotu,LB,OLB,LAC,45,ACT,Active,3,USC,"https://static.www.nfl.com/image/upload/f_auto,q_auto/league/u2qqrqzzi3yawzxmbrxs",2026
4686906,00-0039112,10885,VanNLu00,40037,16825,Lukas Van Ness,Lukas,Van Ness,LB,OLB,GB,90,ACT,Active,3,Iowa,"https://static.www.nfl.com/image/upload/f_auto,q_auto/league/qxrs2r7nvy9k6hlkqvyb",2026
4875196,00-0039137,10917,YounBy01,40124,16758,Byron Young,Byron,Young,LB,OLB,LA,0,ACT,Active,3,Tennessee,"https://static.www.nfl.com/image/upload/f_auto,q_auto/league/dwybonqyn3rrvi94yw9r",2026
4250621,00-0039138,10916,TurnKo00,40110,17157,Kobie Turner,Kobie,Turner,DL,DT,LA,91,ACT,Active,3,Wake Forest,"https://static.www.nfl.com/image/upload/f_auto,q_auto/league/lallpvcrevuemqxzmyuu",2026
4429795,00-0039139,9221,GibbJa01,40059,16808,Jahmyr Gibbs,Jahmyr,Gibbs,RB,RB,DET,0,ACT,Active,3,Alabama; Georgia Tech,"https://static.www.nfl.com/image/upload/f_auto,q_auto/league/cursejnmmp1i9hnxihkj",2026
4428992,00-0039140,10962,RingKe00,40131,16890,Kelee Ringo,Kelee,Ringo,DB,CB,PHI,7,ACT,Active,3,Georgia,"https://static.www.nfl.com/image/upload/f_auto,q_auto/league/tyuosakaiefa1pruil40",2026
4692025,00-0039141,10905,BranBr00,40067,16816,Brian Branch,Brian,Branch,DB,SS,DET,32,RES,Reserve/IR,3,Alabama,"https://static.www.nfl.com/image/upload/f_auto,q_auto/league/zcri8hzscyasi2nhjdlk",2026
4361767,00-0039142,10883,McDoWi00,40038,16971,Will McDonald IV,Will,McDonald,LB,OLB,NYJ,9,ACT,Active,3,Iowa State,"https://static.www.nfl.com/image/private/f_auto,q_auto/league/nw8aiicw9bjhxaqwbeo9",2026
4426457,00-0039143,10909,FoskIs00,40082,16682,Isaiah Foskey,Isaiah,Foskey,DL,DE,CIN,51,DEV,Practice Squad,3,Notre Dame,"https://static.www.nfl.com/image/upload/f_auto,q_auto/league/etyericvmbufgeiwkcry",2026
4428085,00-0039144,9481,MusgLu00,40074,16663,Luke Musgrave,Luke,Musgrave,TE,TE,GB,88,RES,Reserve/IR,3,Oregon State,"https://static.www.nfl.com/image/upload/f_auto,q_auto/league/jchchyfhiycpvm5zzn2y",2026
,00-0039145,,,,,Joe Tippmann,Joseph,Tippmann,OL,G,NYJ,66,ACT,Active,3,Wisconsin,"https://static.www.nfl.com/image/upload/f_auto,q_auto/league/q8sbzzwjkyb42gn9shb3",2026
4362249,00-0039146,10222,ReedJa03,40063,16977,Jayden Reed,Jayden,Reed,WR,WR,GB,11,ACT,Active,3,Michigan State; Western Michigan,"https://static.www.nfl.com/image/upload/f_auto,q_auto/league/uhb95fij1uo92ymqxpmg",2026
4686772,00-0039147,10881,GonzCh00,40052,16683,Christian Gonzalez,Christian,Gonzalez,DB,CB,NE,0,ACT,Active,3,Oregon,"https://static.www.nfl.com/image/upload/f_auto,q_auto/league/iua1eh08ixdlgp2qisst",2026
4243493,00-0039148,10904,WhitKe03,40080,17109,Keion White,Keion,White,DL,DE,SF,56,ACT,Active,3,Georgia Tech; Old Dominion,"https://static.www.nfl.com/image/upload/f_auto,q_auto/league/wkq3kmgtrqxsndffclam",2026
4360378,00-0039149,10903,MartJa04,40087,16817,Quan Martin,Jartavius,Martin,DB,FS,WAS,20,ACT,Active,3,Illinois,"https://static.www.nfl.com/image/upload/f_auto,q_auto/league/mqvepjtbymevlwn2c7qj",2026
4685720,00-0039150,9228,YounBr01,40029,16807,Bryce Young,Bryce,Young,QB,QB,CAR,9,ACT,Active,3,Alabama,"https://static.www.nfl.com/image/upload/f_auto,q_auto/league/vcvhmxvxw2a3armle0af",2026
4429767,00-0039151,10882,ForbEm00,40033,17336,Emmanuel Forbes,Emmanuel,Forbes,DB,CB,LA,1,ACT,Active,3,Mississippi State,"https://static.www.nfl.com/image/upload/f_auto,q_auto/league/zuqfigu7eadzoeo0uymt",2026
4361418,00-0039152,9999,LeviWi00,40068,16665,Will Levis,Will,Levis,QB,QB,TEN,8,CUT,Cut,3,Kentucky; Penn State,"https://static.www.nfl.com/image/upload/f_auto,q_auto/league/npovrxpll0gqlkptsn6r",2026
4429111,00-0039155,10908,OjulBJ00,40088,17177,BJ Ojulari,Jamiu,Ojulari,LB,OLB,ARI,9,CUT,Cut,3,LSU,"https://static.www.nfl.com/image/upload/f_auto,q_auto/league/hjtum8fdd1wbsqa2uufv",2026
4360488,00-0039156,10906,BrenJu00,40062,17112,Julius Brents,Julius,Brents,DB,CB,MIA,8,ACT,Active,3,Kansas State,"https://static.www.nfl.com/image/upload/f_auto,q_auto/league/chqdioyasofpjnu25iqi",2026
,00-0039157,,,,,Cody Mauch,Cody,Mauch,OL,G,TB,69,ACT,Active,3,North Dakota State,"https://static.www.nfl.com/image/upload/f_auto,q_auto/league/iiowsvokfyvctjsarkvl",2026
,00-0039158,,,,,Blake Freeland,Blake,Freeland,OL,T,CIN,76,DEV,Practice Squad,3,BYU,"https://static.www.nfl.com/image/upload/f_auto,q_auto/league/eeupk2qokms4vclloicz",2026
4432577,00-0039163,9758,StroCJ00,40030,16886,C.J. Stroud,Coleridge,Stroud,QB,QB,HOU,7,ACT,Active,3,Ohio State,"https://static.www.nfl.com/image/upload/f_auto,q_auto/league/tt4zrtxlhifaljhj0rn7",2026
4429084,00-0039164,9229,RichAn03,40040,16653,Anthony Richardson,Anthony,Richardson,QB,QB,IND,5,ACT,Active,3,Florida,"https://static.www.nfl.com/image/upload/f_auto,q_auto/league/wrddeyklfcgk9qybgofq",2026
4426385,00-0039165,9753,CharZa00,40075,16897,Zach Charbonnet,Zach,Charbonnet,RB,RB,SEA,26,RES,Reserve/IR,3,UCLA; Michigan,"https://static.www.nfl.com/image/upload/f_auto,q_auto/league/cuuyog0lpxfaj0y0huvp",2026
4426506,00-0039167,10913,PortJo02,40089,16896,Joey Porter Jr.,Joey,Porter,DB,CB,PIT,24,ACT,Active,3,Penn State,"https://static.www.nfl.com/image/upload/f_auto,q_auto/league/pcan3dqynqusx1ltmecf",2026
4575431,00-0039169,10891,WithDe00,40056,17150,Devon Witherspoon,Devon,Witherspoon,DB,CB,SEA,21,ACT,Active,3,Illinois,"https://static.www.nfl.com/image/upload/f_auto,q_auto/league/po6rkbe4pjei7hycg2nu",2026
4689936,00-0039172,11539,BateJa00,40835,17376,Jake Bates,Jacob,Bates,K,K,DET,39,ACT,Active,3,Arkansas; Central Arkansas,"https://static.www.nfl.com/image/upload/f_auto,q_auto/league/umhfee7ax7r8gjdt8okb",2026
,00-0039174,,,,,Chukwuebuka Godrick,Chukwuebuka,Godrick,OL,T,MIA,79,ACT,Active,3,,"https://static.www.nfl.com/image/upload/f_auto,q_auto/league/smipbrnexnhyh7q302gv",2026
5144942,00-0039176,,,,17495,Basil Okoye,Basil,Okoye,DL,DT,NYG,99,ACT,Active,3,,"https://static.www.nfl.com/image/upload/f_auto,q_auto/league/g0bc8uf6fx9g6myyswi5",2026
,00-0039177,,,,,David Agoha,David Ebuka,Agoha,DL,DE,DEN,53,DEV,Practice Squad,5,,"https://static.www.nfl.com/image/upload/f_auto,q_auto/league/ewp3mes0mghmhwcaow2i",2026
4374171,00-0039178,11066,AjiaAu00,,17301,Austin Ajiake,Austin,Ajiake,LB,MLB,IND,58,ACT,Active,3,UNLV,"https://static.www.nfl.com/image/upload/f_auto,q_auto/league/m5hvok66omx2blhddshk",2026
4360638,00-0039207,,NchaDu00,,17294,Durell Nchami,Durell,Nchami,DL,DE,IND,74,CUT,Cut,3,Maryland,"https://static.www.nfl.com/image/upload/f_auto,q_auto/league/ajybunk1c4rx1ed45s4l",2026
5208518,00-0039229,,SmytCh00,,18034,Charlie Smyth,Charles,Smyth,K,K,NO,39,DEV,Practice Squad,2,,"https://static.www.nfl.com/image/upload/f_auto,q_auto/league/yv9x4ywdfecxioletyol",2026
4601278,00-0039232,11656,WiggNa00,,17709,Nate Wiggins,Nathaniel,Wiggins,DB,CB,BAL,2,ACT,Active,2,Clemson,"https://static.www.nfl.com/image/upload/f_auto,q_auto/league/fz9g7jofrkejlgowugfk",2026
,00-0039233,,,,,Roger Rosengarten,Roger,Rosengarten,OL,T,BAL,70,ACT,Active,2,Washington,"https://static.www.nfl.com/image/upload/f_auto,q_auto/league/r8abyo2ewvwlbcvm5qry",2026
4575483,00-0039234,11730,TampTJ00,,17071,T.J. Tampa,Marques,Tampa,DB,CB,BAL,27,ACT,Active,2,Iowa State,"https://static.www.nfl.com/image/upload/f_auto,q_auto/league/poanrufasprugy1q1ulq",2026
4686104,00-0039236,11636,WilsJo03,41089,17011,Johnny Wilson,Johnny,Wilson,WR,WR,PHI,89,RES,Reserve/IR,2,Florida State; Arizona State,"https://static.www.nfl.com/image/upload/f_auto,q_auto/league/azz7slr16byvcvbnaifa",2026
,00-0039237,,,,,Nick Samac,Nick,Samac,OL,C,MIN,62,ACT,Active,2,Michigan State,"https://static.www.nfl.com/image/upload/f_auto,q_auto/league/asndmhzpbeviehlnuxgl",2026
4431433,00-0039239,11830,KingKa00,,17739,Kalen King,Kalen,King,DB,CB,ARI,35,DEV,Practice Squad,2,Penn State,"https://static.www.nfl.com/image/upload/f_auto,q_auto/league/ioicfjbnscvcn1hlzvxl",2026
4429291,00-0039241,11951,BradBe01,,17804,Beau Brade,Beau,Brade,DB,FS,NYG,34,CUT,Cut,2,Maryland,"https://static.www.nfl.com/image/upload/f_auto,q_auto/league/aa1pdnb0jaba4zs5nnry",2026
,00-0039242,,,,,Corey Bullock,Corey,Bullock,OL,C,CAR,67,ACT,Active,2,Maryland; North Carolina Central,"https://static.www.nfl.com/image/upload/f_auto,q_auto/league/mzkd2grjzcncllrhaacw",2026
4698191,00-0039244,11963,CollCh01,,18118,Chris Collier,Chris,Collier,RB,RB,LV,33,RES,Reserve/IR,2,University of Lock Haven,"https://static.www.nfl.com/image/upload/f_auto,q_auto/league/ljfhyvlszo4qs63fo4ow",2026
5085881,00-0039245,12243,CoopRy00,,17988,Ryan Cooper Jr.,Ryan,Cooper,DB,CB,DET,40,CUT,Cut,2,Oregon State,"https://static.www.nfl.com/image/upload/f_auto,q_auto/league/hhmo6ua6elic9utx0vsl",2026
,00-0039246,,,,,Darrian Dalcourt,Darrian,Dalcourt,OL,G,NE,61,CUT,Cut,2,Alabama,"https://static.www.nfl.com/image/upload/f_auto,q_auto/league/h2ouuufkgpc3kmwle84y",2026
4428763,00-0039259,11964,WadeDa00,41262,18127,Dayton Wade,Dayton,Wade,WR,WR,BAL,18,CUT,Cut,2,Mississippi; Western Kentucky,"https://static.www.nfl.com/image/upload/f_auto,q_auto/league/blt6hxkltzfxpcqsnlp8",2026
,00-0039262,,,,,Gottlieb Ayedze,Gottlieb,Ayedze,OL,T,MIA,72,DEV,Practice Squad,2,Maryland; Frostburg State,"https://static.www.nfl.com/image/upload/f_auto,q_auto/league/djqq8oxg6w2nllo5frh3",2026
4372741,00-0039263,12070,CastMc00,,18195,McCallan Castles,McCallan,Castles,TE,TE,GB,47,RES,Reserve/IR,2,Tennessee; UC Davis; California,"https://static.www.nfl.com/image/upload/f_auto,q_auto/league/r3amk2t7xokcd4rsohns",2026
,00-0039265,,,,,Gabe Hall,Gabe,Hall,DL,DT,PHI,96,DEV,Practice Squad,2,Baylor,"https://static.www.nfl.com/image/upload/f_auto,q_auto/league/ofalkqy1zcwgoggtgdlt",2026
4429012,00-0039266,11649,MiltKe01,,17970,Kendall Milton,Kendall,Milton,RB,RB,CIN,36,DEV,Practice Squad,2,Georgia,"https://static.www.nfl.com/image/upload/f_auto,q_auto/league/zz9yrqh5ep6o5hvtwzkq",2026
4250510,00-0039267,12102,SamxAn00,,18004,Andre' Sam,Andre',Sam,DB,FS,PHI,31,RES,Reserve/IR,2,LSU; Marshall; McNeese State,"https://static.www.nfl.com/image/upload/f_auto,q_auto/league/ktamly004v1muokcnmc7",2026
,00-0039268,,,,,Peter Bowden,Peter,Bowden,LS,LS,LAC,59,CUT,Cut,2,Wisconsin,"https://static.www.nfl.com/image/upload/f_auto,q_auto/league/b3iznql1penceotrgne5",2026
,00-0039272,,,,,Donovan Jennings,Donovan,Jennings,OL,G,GB,67,ACT,Active,2,University of South Florida,"https://static.www.nfl.com/image/upload/f_auto,q_auto/league/nv3cyilbj4znjy7bayvk",2026
,00-0039275,,,,,Messiah Swinson,Messiah,Swinson,TE,TE,CLE,84,DEV,Practice Squad,2,Arizona State; Missouri,"https://static.www.nfl.com/image/upload/f_auto,q_auto/league/xmkhcrh5fbfetx1wxk2z",2026
,00-0039277,,,,,Jimmy Ciarlo,Jimmy,Ciarlo,LB,ILB,BUF,35,CUT,Cut,2,Army,"https://static.www.nfl.com/image/upload/f_auto,q_auto/league/t0hjumfjcgkggvfe2rbp",2026
4429005,00-0039284,12030,McGrBr00,,17816,Braiden McGregor,Braiden,McGregor,LB,OLB,NYJ,55,ACT,Active,2,Michigan,"https://static.www.nfl.com/image/upload/f_auto,q_auto/league/tc4o7s8ocmov9dbmjq16",2026
4430182,00-0039285,12056,MonrJa00,,18207,Jarius Monroe,Jarius,Monroe,DB,FS,NYJ,25,CUT,Cut,2,Tulane; Colorado,"https://static.www.nfl.com/image/upload/f_auto,q_auto/league/b3txbatszz4qastkzivi",2026
4361101,00-0039288,,SirmJa00,,18058,Jackson Sirmon,Jackson,Sirmon,LB,MLB,NO,47,DEV,Practice Squad,2,California; Washington,"https://static.www.nfl.com/image/upload/f_auto,q_auto/league/zyqgfn5klopemn3prpwc",2026
4431598,00-0039289,12031,TaylLe01,,17726,Leonard Taylor III,Leonard,Taylor,DL,DT,NE,93,ACT,Active,2,Miami,"https://static.www.nfl.com/image/upload/f_auto,q_auto/league/id0gc6aoq3qfokpcu9os",2026
4371336,00-0039292,12234,BartSh00,,18200,Shemar Bartholomew,Shemar,Bartholomew,DB,CB,TEN,34,DEV,Practice Squad,2,Georgia Southern; Northwestern State (LA),"https://static.www.nfl.com/image/upload/f_auto,q_auto/league/oehvtzmh4uhwwsfliskq",2026
4429835,00-0039299,12048,HolaGe00,41344,17968,George Holani,George,Holani,RB,RB,SEA,36,ACT,Active,2,Boise State,"https://static.www.nfl.com/image/upload/f_auto,q_auto/league/pgwvv5qhcmnwf3tomy1a",2026
4361100,00-0039305,12045,WestJa01,41352,18083,Jack Westover,Jack,Westover,TE,TE,WAS,37,DEV,Practice Squad,2,Washington,"https://static.www.nfl.com/image/upload/f_auto,q_auto/league/zpo5vbntn8b9hih2fi66",2026
4570040,00-0039309,11668,MurpBy01,,17736,Byron Murphy II,Byron,Murphy,DL,DT,SEA,91,ACT,Active,2,Texas,"https://static.www.nfl.com/image/upload/f_auto,q_auto/league/xeq70yetr8qznbkjjiye",2026
,00-0039310,,,,,Trevor Keegan,Trevor,Keegan,OL,G,MIN,69,ACT,Active,2,Michigan,"https://static.www.nfl.com/image/upload/f_auto,q_auto/league/op65y3hhnmtpcdumopmt",2026
4372413,00-0039312,12182,BattMi00,,18219,Miles Battle,Miles,Battle,DB,CB,MIA,35,CUT,Cut,2,Utah; Mississippi,"https://static.www.nfl.com/image/upload/f_auto,q_auto/league/fzkus5rkxdqeys6rq5dn",2026
4570546,00-0039313,12255,BozeSw00,,18220,Swayze Bozeman,Swayze,Bozeman,LB,ILB,CIN,47,ACT,Active,2,Southern Mississippi; Copiah-Lincoln Junior College,"https://static.www.nfl.com/image/upload/f_auto,q_auto/league/r2307pspo2ove0hhocvd",2026
,00-0039317,,,,,Ethan Driskell,Ethan,Driskell,OL,T,KC,75,DEV,Practice Squad,2,Marshall,"https://static.www.nfl.com/image/upload/f_auto,q_auto/league/ovnb3ifximbr58ro3mkt",2026
4429097,00-0039318,12164,JacoCu00,,17896,Curtis Jacobs,Curtis,Jacobs,LB,ILB,WAS,57,RES,Reserve/IR,2,Penn State,"https://static.www.nfl.com/image/upload/f_auto,q_auto/league/kubnwn91qwxejugppvee",2026
,00-0039322,,,,,D.J. Miller,D.J.,Miller,DB,CB,BUF,46,CUT,Cut,2,,,2026
4608820,00-0039323,12163,RehkRy00,,18230,Ryan Rehkow,Ryan,Rehkow,P,P,CIN,8,ACT,Active,2,BYU,"https://static.www.nfl.com/image/upload/f_auto,q_auto/league/c0eiplwe2c9m46zhmcq8",2026
4428383,00-0039324,12183,RolaCh00,,17991,Christian Roland-Wallace,Christian,Roland-Wallace,DB,SS,KC,30,ACT,Active,2,USC; Arizona,"https://static.www.nfl.com/image/upload/f_auto,q_auto/league/foy9ykwmm3vcqgfviowz",2026
4714365,00-0039325,11582,SteeCa00,41464,17909,Carson Steele,Carson,Steele,RB,RB,PHI,34,DEV,Practice Squad,2,UCLA; Ball State,"https://static.www.nfl.com/image/upload/f_auto,q_auto/league/q6dciqten6frfdm1takb",2026
,00-0039329,,,,,Julian Hicks,Julian,Hicks,WR,WR,SEA,1,DEV,Practice Squad,2,Albany; Akron; Central Michigan,"https://static.www.nfl.com/image/upload/f_auto,q_auto/league/knvt0zhyvozokeadswgf",2026
4576069,00-0039333,12269,CodrBr00,,18225,Brandon Codrington,Brandon,Codrington,DB,CB,SF,17,DEV,Practice Squad,2,North Carolina Central,"https://static.www.nfl.com/image/upload/f_auto,q_auto/league/icpo89rrbnus0apxhezm",2026
4595348,00-0039337,11632,NabeMa00,40899,17704,Malik Nabers,Malik,Nabers,WR,WR,NYG,1,ACT,Active,2,LSU,"https://static.www.nfl.com/image/upload/f_auto,q_auto/league/w3edoyyuomqlovvp9ixc",2026
4432665,00-0039338,11604,BoweBr01,40878,17693,Brock Bowers,Brock,Bowers,TE,TE,LV,89,ACT,Active,2,Georgia,"https://static.www.nfl.com/image/upload/f_auto,q_auto/league/waorceny0ggpaeckaol8",2026
,00-0039339,,,,,Taliese Fuaga,Taliese,Fuaga,OL,T,NO,75,ACT,Active,2,Oregon State,"https://static.www.nfl.com/image/upload/f_auto,q_auto/league/syucyosjtbmjzwqjuemd",2026
4426473,00-0039340,11669,LatuLa00,,17714,Laiatu Latu,Laiatu,Latu,DL,DE,IND,97,ACT,Active,2,UCLA; Washington,"https://static.www.nfl.com/image/upload/f_auto,q_auto/league/xiuokdmqrzzfn0dseqxw",2026
,00-0039341,,,,,Tyler Guyton,Tyler,Guyton,OL,T,DAL,60,ACT,Active,2,Oklahoma; TCU,"https://static.www.nfl.com/image/upload/f_auto,q_auto/league/jtc2bw2l1dzdzziigieq",2026
4430034,00-0039342,11626,LegeXa00,40890,17734,Xavier Legette,Xavier,Legette,WR,WR,CAR,17,ACT,Active,2,South Carolina,"https://static.www.nfl.com/image/upload/f_auto,q_auto/league/yoyxkitrdqbkhyqncy5p",2026
4602699,00-0039343,11685,LassKa00,,17725,Kamari Lassiter,Kamari,Lassiter,DB,CB,HOU,3,ACT,Active,2,Georgia,"https://static.www.nfl.com/image/upload/f_auto,q_auto/league/uu606e3mutdzuzclkl7w",2026
4678008,00-0039344,11583,BrooJo02,40926,17747,Jonathon Brooks,Jonathon,Brooks,RB,RB,CAR,25,ACT,Active,2,Texas,"https://static.www.nfl.com/image/upload/f_auto,q_auto/league/txl39rwjrs2fkm1shtxh",2026
4427325,00-0039345,11697,GreeRe00,,17981,Renardo Green,Renardo,Green,DB,CB,SF,0,ACT,Active,2,Florida State,"https://static.www.nfl.com/image/upload/f_auto,q_auto/league/g1au1f2gkeo8wbexmvpk",2026
4431212,00-0039346,11701,ColsJu00,,17675,Junior Colson,Junior,Colson,LB,OLB,LAC,25,DEV,Practice Squad,2,Michigan,"https://static.www.nfl.com/image/upload/f_auto,q_auto/league/ub3hkpifora1vkrgula4",2026
4683815,00-0039347,11724,WallTr00,,17872,Trevin Wallace,Trevin,Wallace,LB,ILB,NYJ,32,ACT,Active,2,Kentucky,"https://static.www.nfl.com/image/upload/f_auto,q_auto/league/qzhtopwswjprt2marbaa",2026
,00-0039348,,,,,Cooper Beebe,Cooper,Beebe,OL,C,DAL,56,ACT,Active,2,Kansas State,"https://static.www.nfl.com/image/upload/f_auto,q_auto/league/yiwgl1ijhwrkaz881r9r",2026
,00-0039349,,,,,DJ Glaze,Delmar,Glaze,OL,T,LV,71,ACT,Active,2,Maryland,"https://static.www.nfl.com/image/upload/f_auto,q_auto/league/ypxzwxzy64kiigpmue1y",2026
,00-0039350,,,,,Zak Zinter,Zak,Zinter,OL,G,CLE,70,ACT,Active,2,Michigan,"https://static.www.nfl.com/image/upload/f_auto,q_auto/league/oazl3mefjy66qacgf5ry",2026
,00-0039351,,,,,Dominick Puni,Dominick,Puni,OL,G,SF,77,ACT,Active,2,Kansas; Central Missouri,"https://static.www.nfl.com/image/upload/f_auto,q_auto/league/xwahfywaifoc9kaez6lk",2026
4427816,00-0039352,11720,LiufMa00,,17769,Marist Liufau,Marist,Liufau,LB,OLB,DAL,35,RES,Reserve/IR,2,Notre Dame,"https://static.www.nfl.com/image/upload/f_auto,q_auto/league/i81dbzylyw2mv7odmdck",2026
4426448,00-0039353,11725,JoneJa14,,17778,Jarrian Jones,Jarrian,Jones,DB,CB,JAX,4,ACT,Active,2,Florida State; Mississippi State,"https://static.www.nfl.com/image/upload/f_auto,q_auto/league/zauu0tt26tt32qevyvtm",2026
4692680,00-0039354,11713,JackMc00,,17780,McKinnley Jackson,McKinnley,Jackson,DL,DT,CIN,91,CUT,Cut,2,Texas A&M,"https://static.www.nfl.com/image/upload/f_auto,q_auto/league/bxrqtpwrbcvzxcekerxf",2026
4426948,00-0039355,11650,McCaLu00,40964,17820,Luke McCaffrey,Luke,McCaffrey,WR,WR,WAS,11,ACT,Active,2,Rice; Nebraska,"https://static.www.nfl.com/image/upload/f_auto,q_auto/league/xtxiwlkniuldrqg65n3q",2026
4431588,00-0039356,11600,SandJa01,40995,17748,Ja'Tavion Sanders,Ja'Tavion,Sanders,TE,TE,CAR,0,ACT,Active,2,Texas,"https://static.www.nfl.com/image/upload/f_auto,q_auto/league/le2akm1cbou170ioctxl",2026
4605498,00-0039357,11738,RichDe01,,17983,Decamerion Richardson,Decamerion,Richardson,DB,CB,NO,25,ACT,Active,2,Mississippi State,"https://static.www.nfl.com/image/upload/f_auto,q_auto/league/glaqpoapm3t8ponuj55p",2026
,00-0039358,,,,,Mason McCormick,Mason,McCormick,OL,G,PIT,66,ACT,Active,2,South Dakota State,"https://static.www.nfl.com/image/upload/f_auto,q_auto/league/n1uswojof42rbcsvdcld",2026
4426496,00-0039359,11599,StovCa00,40987,17794,Cade Stover,Cade,Stover,TE,TE,HOU,8,ACT,Active,2,Ohio State,"https://static.www.nfl.com/image/upload/f_auto,q_auto/league/ur3ihcg0rkeqbfiksj5y",2026
4696211,00-0039360,11731,MustMa00,,17808,Malik Mustapha,Malik,Mustapha,DB,FS,SF,6,ACT,Active,2,Wake Forest,"https://static.www.nfl.com/image/upload/f_auto,q_auto/league/pufbixooejmh540h5qhi",2026
4596448,00-0039361,11584,IrviBu00,40993,17784,Bucky Irving,Mar'Keise,Irving,RB,RB,TB,7,ACT,Active,2,Oregon; Minnesota,"https://static.www.nfl.com/image/upload/f_auto,q_auto/league/vkc00rvnix3f2b96vkwo",2026
,00-0039362,,,,,Giovanni Manu,Giovanni,Manu,OL,T,DET,59,RES,Reserve/IR,2,University of British Columbia,"https://static.www.nfl.com/image/upload/f_auto,q_auto/league/cjakbqctg8tjtt0lfgh2",2026
4372561,00-0039363,11651,GuerIs00,40998,17947,Isaac Guerendo,Isaac,Guerendo,RB,RB,SF,31,RES,Reserve/IR,2,Louisville; Wisconsin,"https://static.www.nfl.com/image/upload/f_auto,q_auto/league/uy1bdu0dokosyzl4ohmi",2026
4912274,00-0039364,11729,VakiSi00,41006,17760,Sione Vaki,Sione,Vaki,RB,RB,DET,33,ACT,Active,2,Utah,"https://static.www.nfl.com/image/upload/f_auto,q_auto/league/abqcluf2gbejhiyjjtoz",2026
4575665,00-0039365,11616,CowiJa00,40996,17008,Jacob Cowing,Jacob,Cowing,WR,WR,SF,4,ACT,Active,2,Arizona; Texas-El Paso,"https://static.www.nfl.com/image/upload/f_auto,q_auto/league/uarciagmnzmyzs102dv6",2026
4432571,00-0039366,11779,StilTa00,,17936,Tarheeb Still,Tarheeb,Still,DB,CB,LAC,4,ACT,Active,2,Maryland,"https://static.www.nfl.com/image/upload/f_auto,q_auto/league/q1y35mhd4laqikbiuq5e",2026
4568617,00-0039368,11778,MageJo00,,17882,Jordan Magee,Jordan,Magee,LB,MLB,WAS,58,ACT,Active,2,Temple,"https://static.www.nfl.com/image/upload/f_auto,q_auto/league/smdokbnjckcbpc9yfxwt",2026
4427404,00-0039369,11749,HartCa00,,17843,Cam Hart,Cam,Hart,DB,CB,LAC,20,ACT,Active,2,Notre Dame,"https://static.www.nfl.com/image/upload/f_auto,q_auto/league/khd8lmp7idmluahgvk3u",2026
4428872,00-0039370,11770,BertJD00,,17810,JD Bertrand,J.D.,Bertrand,LB,ILB,ATL,40,RES,Reserve/IR,2,Notre Dame,"https://static.www.nfl.com/image/upload/f_auto,q_auto/league/pem7wfoxovov0cjuopjv",2026
4429193,00-0039371,11765,AbraKr00,,17828,Kris Abrams-Draine,Kris,Abrams-Draine,DB,CB,DEN,31,ACT,Active,2,Missouri,"https://static.www.nfl.com/image/upload/f_auto,q_auto/league/hc2oebsxs7vx7ydwiozy",2026
4426817,00-0039372,11766,BrowJa09,,17994,Jarvis Brownlee Jr.,Jarvis,Brownlee,DB,CB,NYJ,2,ACT,Active,2,Louisville; Florida,"https://static.www.nfl.com/image/upload/f_auto,q_auto/league/u9vm18mpoxmzhukikjy2",2026
4569682,00-0039373,11579,EstiAu00,41019,17788,Audric Estimé,Audric,Estime,RB,RB,NO,30,ACT,Active,2,Notre Dame,"https://static.www.nfl.com/image/upload/f_auto,q_auto/league/lcoend1mysjfhl8f4rrt",2026
4429560,00-0039374,11761,EichTo00,,17825,Tommy Eichenberg,Tommy,Eichenberg,LB,ILB,LV,44,ACT,Active,2,Ohio State,"https://static.www.nfl.com/image/upload/f_auto,q_auto/league/nzujkx5ycu6leuz2ctie",2026
4365319,00-0039375,11764,NewtJo00,,17744,Josh Newton,Josh,Newton,DB,CB,CIN,28,ACT,Active,2,TCU; Louisiana-Monroe,"https://static.www.nfl.com/image/upload/f_auto,q_auto/league/hhgmda9fcpjbpp2bhxng",2026
4426339,00-0039376,11562,RattSp00,41043,17782,Spencer Rattler,Spencer,Rattler,QB,QB,NO,2,ACT,Active,2,South Carolina; Oklahoma,"https://static.www.nfl.com/image/upload/f_auto,q_auto/league/gcgmcf4kex3jsl4rlrng",2026
4601021,00-0039377,11777,CarlJa01,,18006,Jaylon Carlies,Jaylon,Carlies,LB,ILB,IND,57,ACT,Active,2,Missouri,"https://static.www.nfl.com/image/upload/f_auto,q_auto/league/vomau8la4suhjwkjwl7w",2026
4428283,00-0039378,11772,PrinDe01,,17986,Deantre Prince,Deantre,Prince,DB,CB,CHI,37,DEV,Practice Squad,2,Mississippi,"https://static.www.nfl.com/image/upload/f_auto,q_auto/league/dv5t8emszxwqvtgnsak3",2026
4428678,00-0039379,11633,ThraJa01,41016,17686,Jamari Thrash,Jamari,Thrash,WR,WR,CLE,80,RES,Reserve/IR,2,Louisville; Georgia State,"https://static.www.nfl.com/image/upload/f_auto,q_auto/league/byihyhwwpltzyetas85a",2026
4697636,00-0039380,11771,SmitCh05,,17877,Chau Smith-Wade,Chau,Smith-Wade,DB,CB,CAR,26,ACT,Active,2,Washington State,"https://static.www.nfl.com/image/upload/f_auto,q_auto/league/hkbpogql05pnyegi6itv",2026
4361094,00-0039381,11750,HampDo00,,17998,Dominique Hampton,Dominique,Hampton,LB,OLB,TEN,40,RES,Reserve/IR,2,Washington,"https://static.www.nfl.com/image/upload/f_auto,q_auto/league/tcxzdfx8ra5fdotljqtz",2026
,00-0039382,,,,,Christian Jones,Christian,Jones,OL,T,CHI,72,DEV,Practice Squad,2,Texas,"https://static.www.nfl.com/image/upload/f_auto,q_auto/league/locueq7oqn5qnsotygoy",2026
4567225,00-0039383,11775,SimpJa00,,17841,Jaylin Simpson,Jaylin,Simpson,DB,FS,MIA,32,DEV,Practice Squad,2,Auburn,"https://static.www.nfl.com/image/upload/f_auto,q_auto/league/xy041ns1wwk60l85kpgh",2026
4360516,00-0039384,11655,TracTy00,41048,17967,Tyrone Tracy Jr.,Tyrone,Tracy,RB,RB,NYG,29,ACT,Active,2,Purdue; Iowa,"https://static.www.nfl.com/image/upload/f_auto,q_auto/league/b9nje50lohbprf06xoom",2026
4427985,00-0039386,11748,MeanBu00,41045,17942,Bub Means,Jerrod,Means,WR,WR,NO,16,CUT,Cut,2,Pittsburgh; Louisiana Tech,"https://static.www.nfl.com/image/upload/f_auto,q_auto/league/nnqvulr4up0nwhmipksq",2026
4431006,00-0039387,11769,CarsCa01,,17759,Caelen Carson,Caelen,Carson,DB,CB,DAL,21,ACT,Active,2,Wake Forest,"https://static.www.nfl.com/image/upload/f_auto,q_auto/league/hcwdub8jq0t7at4smblo",2026
4566088,00-0039388,11747,FordJa02,,17864,Jaylan Ford,Jaylan,Ford,LB,ILB,NO,53,RES,Reserve/IR,2,Texas,"https://static.www.nfl.com/image/upload/f_auto,q_auto/league/yiecnvbih51buvodmmeg",2026
4569474,00-0039389,11811,LeexLo00,,17935,Logan Lee,Logan,Lee,DL,DT,PIT,91,RES,Reserve/IR,2,Iowa,"https://static.www.nfl.com/image/upload/f_auto,q_auto/league/py0b0ngp7hcrt4asr9fr",2026
4875079,00-0039390,11809,DialMa00,,17984,Marcellas Dial Jr.,Marcellas,Dial,DB,CB,MIA,24,ACT,Active,2,South Carolina; Georgia Military,"https://static.www.nfl.com/image/upload/f_auto,q_auto/league/f7gahvkgajai22d7ndqh",2026
4430968,00-0039391,11647,VidaKi00,41052,17821,Kimani Vidal,Kimani,Vidal,RB,RB,LAC,28,ACT,Active,2,Troy,"https://static.www.nfl.com/image/upload/f_auto,q_auto/league/tqdctdun0bv60d5ziwtl",2026
4427575,00-0039392,11808,JackJh00,41065,17972,Jha'Quan Jackson,Jha'quan,Jackson,WR,WR,TB,39,CUT,Cut,2,Tulane,"https://static.www.nfl.com/image/upload/f_auto,q_auto/league/xzqucxk9wawtcmyocqr9",2026
4428796,00-0039394,11806,WashCa01,41074,18044,Casey Washington,Casey,Washington,WR,WR,CAR,88,DEV,Practice Squad,2,Illinois,"https://static.www.nfl.com/image/upload/f_auto,q_auto/league/wkoysykj4htld4yajljn",2026
4427479,00-0039395,11805,HillJa02,,18059,Jamal Hill,Jamal,Hill,LB,OLB,HOU,56,DEV,Practice Squad,2,Oregon,"https://static.www.nfl.com/image/upload/f_auto,q_auto/league/wmxibtpnomcoopmuv8fi",2026
4586333,00-0039396,11804,WingMe00,,17750,Mekhi Wingo,Mekhi,Wingo,DL,DT,DET,94,ACT,Active,2,LSU; Missouri,"https://static.www.nfl.com/image/upload/f_auto,q_auto/league/pcsyefxgb6i24o0dm3l0",2026
4875912,00-0039397,11802,PalmTe00,41079,18073,Tejhaun Palmer,Tejhaun,Palmer,WR,WR,NE,80,CUT,Cut,2,UAB,"https://static.www.nfl.com/image/upload/f_auto,q_auto/league/al9fpqmjmybys0iedi9c",2026
4360698,00-0039398,11557,MiltJo00,41060,17830,Joe Milton III,Joe,Milton,QB,QB,DAL,10,CUT,Cut,2,Tennessee; Michigan,"https://static.www.nfl.com/image/upload/f_auto,q_auto/league/tsj9lobse1gxzanf39dt",2026
4427826,00-0039400,11798,LoguZi00,,17949,Zion Logue,Zion,Logue,DL,DT,BUF,93,CUT,Cut,2,Georgia,"https://static.www.nfl.com/image/upload/f_auto,q_auto/league/yvkguckrkwcvlzmx3txz",2026
4384595,00-0039401,11796,BoydKh00,,18055,Khristian Boyd,Khristian,Boyd,DL,DT,NO,97,ACT,Active,2,Northern Iowa,"https://static.www.nfl.com/image/upload/f_auto,q_auto/league/gfxf6dacaxsu6buessre",2026
4362910,00-0039402,11795,CrumJa00,,17885,Jaden Crumedy,Jaden,Crumedy,DL,DT,GB,63,DEV,Practice Squad,2,Mississippi State,"https://static.www.nfl.com/image/upload/f_auto,q_auto/league/xmbnm0swk4oqrrnslrn5",2026
4567104,00-0039404,11792,ReicWi00,41093,17922,Will Reichard,William,Reichard,K,K,MIN,16,ACT,Active,2,Alabama,"https://static.www.nfl.com/image/upload/f_auto,q_auto/league/wv1h4umuddkfss96uutw",2026
4429939,00-0039405,11588,JordJa00,41064,17916,Jawhar Jordan,Jawhar,Jordan,RB,RB,HOU,25,DEV,Practice Squad,2,Louisville; Syracuse,"https://static.www.nfl.com/image/upload/f_auto,q_auto/league/mdov6nge0ui6pc3kx0l2",2026
4362895,00-0039406,11790,WatsNa00,,17898,Nathaniel Watson,Nathaniel,Watson,LB,MLB,CLE,40,DEV,Practice Squad,2,Mississippi State,"https://static.www.nfl.com/image/upload/f_auto,q_auto/league/imp6cipge01zacx6g4tr",2026
4366963,00-0039407,11574,LaubDy00,41054,17818,Dylan Laube,Dylan,Laube,RB,RB,LV,23,ACT,Active,2,New Hampshire,"https://static.www.nfl.com/image/upload/f_auto,q_auto/league/lpizdza73bgksstymv5t",2026
,00-0039408,,,,,Christian Mahogany,Christian,Mahogany,OL,G,DET,73,ACT,Active,2,Boston College,"https://static.www.nfl.com/image/upload/f_auto,q_auto/league/lsxh6dh5fkomkwvfjlwi",2026
4686361,00-0039409,11786,LittCa00,41062,17926,Cam Little,Cameron,Little,K,K,JAX,39,ACT,Active,2,Arkansas,"https://static.www.nfl.com/image/upload/f_auto,q_auto/league/mc9goepr7mglrx6ek1fi",2026
5083754,00-0039410,11783,FlouRy00,41087,17974,Ryan Flournoy,Ryan,Flournoy,WR,WR,DAL,19,ACT,Active,2,Southeast Missouri State; Iowa Western CC,"https://static.www.nfl.com/image/upload/f_auto,q_auto/league/tqwq3cgpqu7j9hzoyicx",2026
,00-0039411,,,,,Elijah Klein,Elijah,Klein,OL,G,DET,67,DEV,Practice Squad,2,Texas-El Paso,"https://static.www.nfl.com/image/upload/f_auto,q_auto/league/lh6e9de7kp7jll2mgkud",2026
4361357,00-0039412,11816,JeanJa00,,17953,Javontae Jean-Baptiste,Javontae,Jean-Baptiste,LB,OLB,WAS,41,ACT,Active,2,Notre Dame; Ohio State,"https://static.www.nfl.com/image/upload/f_auto,q_auto/league/bmal2stgfn8j8hdlrhe4",2026
4874448,00-0039414,11831,AnthDa00,,17997,Daijahn Anthony,Daijahn,Anthony,DB,FS,CIN,33,CUT,Cut,2,Mississippi; Liberty,"https://static.www.nfl.com/image/upload/f_auto,q_auto/league/ued26kewzrortqqar0tf",2026
4695783,00-0039417,11836,HardMy00,,17995,Myles Harden,Myles,Harden,DB,CB,CLE,26,ACT,Active,2,South Dakota,"https://static.www.nfl.com/image/upload/f_auto,q_auto/league/ycg3egdmvp3kelvkiqrl",2026
4427068,00-0039418,11825,DevoMJ00,,17993,MJ Devonshire,Marlin,Devonshire,DB,CB,GB,28,CUT,Cut,2,Pittsburgh; Kentucky,"https://static.www.nfl.com/image/upload/f_auto,q_auto/league/qrzh5s3kuqkluuxfpfgy",2026
,00-0039419,,,,,Michael Jurgens,Michael,Jurgens,OL,C,MIN,65,RES,Reserve/IR,2,Wake Forest,"https://static.www.nfl.com/image/upload/f_auto,q_auto/league/mnsvfstbdld5dvpfjphk",2026
4429262,00-0039420,11605,BellJa00,41106,17848,Jaheim Bell,Jaheim,Bell,TE,TE,PIT,82,CUT,Cut,2,Florida State; South Carolina,"https://static.www.nfl.com/image/upload/f_auto,q_auto/league/swxvhppaewwccieyx6ax",2026
5093973,00-0039421,11819,RodrLe00,,18078,Levi Drake Rodriguez,Levi,Rodriguez,DL,NT,MIN,50,ACT,Active,2,East Texas A&M,"https://static.www.nfl.com/image/upload/f_auto,q_auto/league/omsedg4telmr0fvhhegj",2026
,00-0039422,,,,,Nathan Thomas,Nathan,Thomas,OL,T,HOU,71,ACT,Active,2,Louisiana-Lafayette,"https://static.www.nfl.com/image/upload/f_auto,q_auto/league/eqezy9smygtojjoshtgt",2026
4373956,00-0039423,11827,LaulJo00,,18056,Jonah Laulu,Jonah,Laulu,DL,DT,LV,96,ACT,Active,2,Oklahoma; Hawaii,"https://static.www.nfl.com/image/upload/f_auto,q_auto/league/kxxw0cwdafdxbsvh5un9",2026
4569559,00-0039424,11834,VeleDe00,41097,17975,Devaughn Vele,Devaughn,Vele,WR,WR,NO,14,ACT,Active,2,Utah,"https://static.www.nfl.com/image/upload/f_auto,q_auto/league/fa3dwsu8nxzkbf2knczm",2026
4365303,00-0039425,11844,ColeMy00,,17905,Myles Cole,Myles,Cole,DL,DT,NO,57,CUT,Cut,2,Texas Tech; Louisiana-Monroe,"https://static.www.nfl.com/image/upload/f_auto,q_auto/league/o5lyqgakz6zpshdrk7wu",2026
4361689,00-0039427,11829,ByrdSo00,,17956,Solomon Byrd,Solomon,Byrd,DL,DE,HOU,50,RES,Reserve/IR,2,USC; Wyoming,"https://static.www.nfl.com/image/upload/f_auto,q_auto/league/obotfel6wfs49qectgfh",2026
4372062,00-0039429,11843,BarrMi00,,17854,Michael Barrett,Michael,Barrett,LB,ILB,BAL,54,CUT,Cut,2,Michigan,"https://static.www.nfl.com/image/upload/f_auto,q_auto/league/ybfsxk9ojuyjvv6t6zh0",2026
4431613,00-0039430,11847,WillJa15,,17834,James Williams,James,Williams,LB,OLB,TEN,52,ACT,Active,2,Miami,"https://static.www.nfl.com/image/upload/f_auto,q_auto/league/r31rpfa1ju3bqddeuhom",2026
4426676,00-0039431,11846,BrigJo00,,18079,Jowon Briggs,Jowon,Briggs,DL,DT,NYJ,91,ACT,Active,2,Cincinnati; Virginia,"https://static.www.nfl.com/image/upload/f_auto,q_auto/league/wbqozrnxtjjuf3nwv760",2026
4573152,00-0039433,11828,HarrMa08,,17840,Marcus Harris,Marcus,Harris,DL,DT,KC,68,DEV,Practice Squad,2,Auburn; Kansas,"https://static.www.nfl.com/image/upload/f_auto,q_auto/league/uekrrvgronz3fkb957hf",2026
4426698,00-0039435,11842,BethTa00,,17961,Tatum Bethune,Tatum,Bethune,LB,MLB,SF,48,ACT,Active,2,Florida State; UCF,"https://static.www.nfl.com/image/upload/f_auto,q_auto/league/l2s0tyb8yoet0rohrik5",2026
4429058,00-0039436,11835,HarrJa05,,17682,Jaylen Harrell,Jaylen,Harrell,LB,OLB,TEN,92,RES,Reserve/IR,2,Michigan,"https://static.www.nfl.com/image/upload/f_auto,q_auto/league/tlijnhz6kshuwcnjha1m",2026
4426479,00-0039437,11815,JohnCo02,41099,17051,Cornelius Johnson,Cornelius,Johnson,WR,WR,BAL,86,CUT,Cut,2,Michigan,"https://static.www.nfl.com/image/upload/f_auto,q_auto/league/fml6omt7xsb5bw3w75sm",2026
,00-0039438,,,,,Nick Gargiulo,Nick,Gargiulo,OL,G,DEN,66,RES,Reserve/IR,2,South Carolina; Yale,"https://static.www.nfl.com/image/upload/f_auto,q_auto/league/al11sdwqz5mci8hhypkl",2026
,00-0039442,,,,,Kingsley Eguakun,Kingsley,Eguakun,OL,C,NYG,67,DEV,Practice Squad,2,Florida,"https://static.www.nfl.com/image/upload/f_auto,q_auto/league/tybhcfzdfccvnxz4labx",2026
,00-0039445,,,,,Hogan Hatten,Hogan,Hatten,LS,LS,DET,49,ACT,Active,2,Idaho,"https://static.www.nfl.com/image/upload/f_auto,q_auto/league/yzzbpxu7nqjl3crr1srw",2026
,00-0039446,,,,,Bryan Hudson,Bryan,Hudson,OL,C,NYG,60,ACT,Active,2,Louisville,"https://static.www.nfl.com/image/upload/f_auto,q_auto/league/na1dcb82f0pahjtyipzw",2026
,00-0039447,,,,,Nate Lynn,Nate,Lynn,LB,OLB,NYJ,92,DEV,Practice Squad,2,William & Mary,"https://static.www.nfl.com/image/upload/f_auto,q_auto/league/knnvuw8oxhlads0vfpep",2026
4569371,00-0039451,11608,WillIs03,41421,17977,Isaiah Williams,Isaiah,Williams,WR,WR,NYJ,18,ACT,Active,2,Illinois,"https://static.www.nfl.com/image/upload/f_auto,q_auto/league/rj2etltwzmlxyz1cfkeo",2026
4363052,00-0039454,11860,BishBe00,,17933,Beanie Bishop Jr.,Shannon,Bishop,DB,CB,CHI,25,RES,Reserve/IR,2,West Virginia; Minnesota; Western Kentucky,"https://static.www.nfl.com/image/upload/f_auto,q_auto/league/anm9je7buxcrhnwuxspo",2026
4428909,00-0039457,11861,WindJa00,,18082,Jacoby Windmon,Jacoby,Windmon,LB,ILB,PIT,53,DEV,Practice Squad,2,Michigan State; UNLV,"https://static.www.nfl.com/image/upload/f_auto,q_auto/league/ejvqgmzpnbiitpype3yt",2026
,00-0039459,,,,,Theo Benedet,Theo,Benedet,OL,T,CHI,79,ACT,Active,2,University of British Columbia,"https://static.www.nfl.com/image/upload/f_auto,q_auto/league/jar87gerxyz6bhf3xezu",2026
4569428,00-0039460,,JoneCa05,,18255,Carl Jones,Carl,Jones,LB,MLB,BAL,48,DEV,Practice Squad,2,UCLA,"https://static.www.nfl.com/image/upload/f_auto,q_auto/league/l4vvhcbssti8qvjhxigf",2026
,00-0039461,,,,,Jamree Kromah,Jamree,Kromah,DL,DE,CHI,59,ACT,Active,2,James Madison; Rutgers,"https://static.www.nfl.com/image/upload/f_auto,q_auto/league/edifmo4lsx8wjr93b0i8",2026
4368343,00-0039464,11931,ReedAu00,41220,17980,Austin Reed,Austin,Reed,QB,QB,BAL,15,CUT,Cut,2,Western Kentucky; University of West Florida; Southern Illinois,"https://static.www.nfl.com/image/upload/f_auto,q_auto/league/gh0y2g1z1xqop1t0boeu",2026
4428584,00-0039465,12037,StewRe00,,18259,Reddy Steward,Reddy,Steward,DB,CB,DAL,27,DEV,Practice Squad,2,Troy,"https://static.www.nfl.com/image/upload/f_auto,q_auto/league/e7fvszuuhvqn17ruftl0",2026
4579554,00-0039466,12036,WheeIa00,,18260,Ian Wheeler,Ian,Wheeler,RB,RB,BUF,27,CUT,Cut,2,Howard,"https://static.www.nfl.com/image/upload/f_auto,q_auto/league/qxewapbjpqnku0yltsza",2026
,00-0039469,,,,,Te'Cory Couch,Te'Cory,Couch,DB,CB,BUF,33,DEV,Practice Squad,2,Miami,"https://static.www.nfl.com/image/upload/f_auto,q_auto/league/vzh2dirtk77zm4vig1lx",2026
4429805,00-0039471,11573,GoreFr01,41243,17853,Frank Gore Jr.,Frank,Gore,RB,RB,BUF,20,DEV,Practice Squad,2,Southern Mississippi,"https://static.www.nfl.com/image/upload/f_auto,q_auto/league/qzf7faowlqoh5nengpq5",2026
4385430,00-0039473,11969,JohnXa00,41274,18295,Xavier Johnson,Xavier,Johnson,WR,WR,CIN,18,CUT,Cut,2,Ohio State,"https://static.www.nfl.com/image/upload/f_auto,q_auto/league/vgowznjwdokzsl7qiyiq",2026
4876013,00-0039477,12005,BrowJa10,,18311,Jack Browning,Jack,Browning,P,P,ARI,49,CUT,Cut,2,San Diego State; Grossmont,,2026
4427103,00-0039481,12147,DuckSt00,,18276,Storm Duck,Storm,Duck,DB,CB,MIA,29,RES,Reserve/IR,2,Louisville,"https://static.www.nfl.com/image/upload/f_auto,q_auto/league/xupbuoy2lyb6bqyjvuso",2026
,00-0039485,,,,,Andrew Meyer,Andrew,Meyer,OL,C,MIA,60,ACT,Active,2,Texas-El Paso,"https://static.www.nfl.com/image/upload/f_auto,q_auto/league/gfpddwgpotujkccninbs",2026
,00-0039488,,,,,Mark Perry,Mark,Perry,DB,SS,GB,41,CUT,Cut,2,TCU,"https://static.www.nfl.com/image/upload/f_auto,q_auto/league/brg1bcmlylgd5ucjiydw",2026
4428396,00-0039489,12389,RuccHa00,,18251,Hayden Rucci,Hayden,Rucci,TE,TE,JAX,83,DEV,Practice Squad,2,Wisconsin,"https://static.www.nfl.com/image/upload/f_auto,q_auto/league/vkscrzclmd0tboxpi8lk",2026
4695883,00-0039491,11646,CokeJa01,41293,17976,Jalen Coker,Jalen,Coker,WR,WR,CAR,18,ACT,Active,2,Holy Cross,"https://static.www.nfl.com/image/upload/f_auto,q_auto/league/yynz8rxen6tsvhojggiv",2026
4574008,00-0039494,12391,DysoKe01,,18319,Kenny Dyson,Kenneth,Dyson,LB,OLB,MIN,54,RES,Reserve/IR,2,Bryant,"https://static.www.nfl.com/image/upload/f_auto,q_auto/league/ikgxg2vrumhdez3bu0w9",2026
4574716,00-0039498,12015,MeviHa00,,17921,Harrison Mevis,Harrison,Mevis,K,K,LA,92,ACT,Active,2,Missouri,"https://static.www.nfl.com/image/upload/f_auto,q_auto/league/yjmtai1e4eqbsw2yk6mh",2026
,00-0039506,,,,,Alex Johnson,Alex,Johnson,DB,CB,LA,36,RES,Reserve/IR,2,UCLA,"https://static.www.nfl.com/image/upload/f_auto,q_auto/league/eboiojvb35tvsqolb3l2",2026
,00-0039507,,,,,Marcellus Johnson,Marcellus,Johnson,OL,T,DAL,79,DEV,Practice Squad,2,Missouri; Eastern Michigan,"https://static.www.nfl.com/image/upload/f_auto,q_auto/league/jylkjrizz0obuohdua0a",2026
,00-0039508,,,,,Jake Kubas,Jake,Kubas,OL,G,NE,63,DEV,Practice Squad,2,North Dakota State,"https://static.www.nfl.com/image/upload/f_auto,q_auto/league/vnwldohyvr6jrx5yivqe",2026
4361189,00-0039510,12096,RogeCa00,,18391,Casey Rogers,Casey,Rogers,DL,DT,NE,65,CUT,Cut,2,Oregon; Nebraska,"https://static.www.nfl.com/image/upload/f_auto,q_auto/league/scfacqrxshvkyavgylxh",2026
4572922,00-0039513,,EdmoCh01,,18289,Chris Edmonds,Christopher,Edmonds,DB,SS,CLE,41,CUT,Cut,2,Arizona State; Samford,"https://static.www.nfl.com/image/upload/f_auto,q_auto/league/fvujgol1xqagsysqgveu",2026
4251125,00-0039515,12083,ReidWi01,,18292,Winston Reid,Winston,Reid,LB,OLB,CLE,59,ACT,Active,2,Weber State,"https://static.www.nfl.com/image/upload/f_auto,q_auto/league/pdh6lfhfcihybfqdrodo",2026
,00-0039518,,,,,Treyton Welch,Treyton,Welch,TE,TE,NO,82,DEV,Practice Squad,2,Wyoming,"https://static.www.nfl.com/image/upload/f_auto,q_auto/league/rutsetwerjfsym9ohqrs",2026
4428811,00-0039521,11921,WeavXa00,41202,18041,Xavier Weaver,Xavier,Weaver,WR,WR,ARI,89,CUT,Cut,2,Colorado; University of South Florida,"https://static.www.nfl.com/image/upload/f_auto,q_auto/league/kubeuin8fuw75xuxnhli",2026
4361437,00-0039526,12087,JohnEm00,,18244,Emany Johnson,Emany,Johnson,LB,ILB,LAC,50,CUT,Cut,2,Nevada,"https://static.www.nfl.com/image/upload/f_auto,q_auto/league/ayhafrtzrkshrbiwt0j9",2026
4360967,00-0039530,11593,SpanBr00,41371,17908,Brevyn Spann-Ford,Brevyn,Spann-Ford,TE,TE,DAL,89,ACT,Active,2,Minnesota,"https://static.www.nfl.com/image/upload/f_auto,q_auto/league/sko2pmuqociwa92ep1ad",2026
4872841,00-0039532,12089,WoodJu00,,18247,Julius Wood,Julius,Wood,DB,FS,MIA,25,ACT,Active,2,East Carolina; Blinn College,"https://static.www.nfl.com/image/upload/f_auto,q_auto/league/e50jl0exy2q6atfsh34o",2026
4362260,00-0039534,11851,BradCa02,41133,17918,Carter Bradley,Carter,Bradley,QB,QB,JAX,10,RES,Reserve/IR,2,South Alabama; Toledo,"https://static.www.nfl.com/image/upload/f_auto,q_auto/league/ystkos8c5gnjtsgxg7vg",2026
,00-0039535,,,,,Andrew Coker,Andrew,Coker,OL,T,CIN,79,CUT,Cut,2,TCU,"https://static.www.nfl.com/image/upload/f_auto,q_auto/league/lnywnvaiv7mfxeungbdc",2026
4360469,00-0039539,11855,GainAm00,,18140,Amari Gainer,Amari,Gainer,LB,OLB,MIA,53,DEV,Practice Squad,2,North Carolina; Florida State,"https://static.www.nfl.com/image/upload/f_auto,q_auto/league/nrmc2wpx3aci3optdya2",2026
,00-0039544,,,,,Will Putnam,Will,Putnam,OL,C,LV,67,DEV,Practice Squad,2,Clemson,"https://static.www.nfl.com/image/upload/f_auto,q_auto/league/clwvsywtoyawl9dhn7gv",2026
,00-0039548,,,,,Ron Stone Jr.,Ron,Stone,LB,OLB,DEN,53,CUT,Cut,2,,,2026
,00-0039550,,,,,Shawn Bowman,Shawn,Bowman,TE,TE,ARI,44,DEV,Practice Squad,2,Rutgers; Maine,"https://static.www.nfl.com/image/upload/f_auto,q_auto/league/fsmfihfrlibes4ihhauy",2026
,00-0039555,,,,,Steven Jones,Steven,Jones,OL,G,PIT,79,DEV,Practice Squad,2,Oregon,"https://static.www.nfl.com/image/upload/f_auto,q_auto/league/ahielgnveyyymgeql5gp",2026
4428241,00-0039565,12111,BailLe00,,18343,Levelle Bailey,Levelle,Bailey,LB,ILB,DEN,56,RES,Reserve/IR,2,Fresno State; Sacramento State,"https://static.www.nfl.com/image/upload/f_auto,q_auto/league/bh2dnmiacue2xuedzqdc",2026
,00-0039567,,,,,Nik Constantinou,Nikolas,Constantinou,P,P,CLE,30,CUT,Cut,2,,"https://static.www.nfl.com/image/upload/f_auto,q_auto/league/rq9muxbc5q6jlcwvsmf2",2026
,00-0039568,,,,,Frank Crum,Frank,Crum,OL,T,DEN,73,RES,Reserve/IR,2,Wyoming,"https://static.www.nfl.com/image/upload/f_auto,q_auto/league/cf6v9iuovxv0tvsvcito",2026
,00-0039570,,,,,Jordan Miller,Jordan,Miller,DL,DT,MIA,96,DEV,Practice Squad,2,SMU; Miami,"https://static.www.nfl.com/image/upload/f_auto,q_auto/league/e8l6rshuotsekspofejs",2026
4571557,00-0039576,12185,ShraSp00,,18268,Spencer Shrader,Spencer,Shrader,K,K,IND,3,ACT,Active,2,Notre Dame; University of South Florida,"https://static.www.nfl.com/image/upload/f_auto,q_auto/league/upbporhm1frqfpgalfrk",2026
4428512,00-0039577,11648,SlovKe00,41476,17979,Kedon Slovis,Kedon,Slovis,QB,QB,GB,12,DEV,Practice Squad,2,BYU; Pittsburgh; USC,"https://static.www.nfl.com/image/upload/f_auto,q_auto/league/hkvrcpwl9tm41jr3b0x3",2026
,00-0039578,,,,,Dalton Tucker,Dalton,Tucker,OL,G,IND,68,ACT,Active,2,Marshall,"https://static.www.nfl.com/image/upload/f_auto,q_auto/league/zta0y0vjtsrdhlo2ufmq",2026
4367330,00-0039586,11993,FundTy00,,18061,Tyrek Funderburk,Tyrek,Funderburk,DB,CB,CAR,20,CUT,Cut,2,Appalachian State; Richmond,"https://static.www.nfl.com/image/upload/f_auto,q_auto/league/tzkkwtxovny5ufixvvoq",2026
4360864,00-0039587,11986,GrieAn00,,18397,Antonio Grier Jr.,Antonio,Grier,LB,ILB,CHI,30,CUT,Cut,2,Arkansas; University of South Florida,"https://static.www.nfl.com/image/upload/f_auto,q_auto/league/fa6kewlf3j1oaqz1xvfd",2026
5097554,00-0039589,11994,JohnKa01,,18307,Kameron Johnson,Kameron,Johnson,WR,WR,TB,19,ACT,Active,2,Barton College,"https://static.www.nfl.com/image/upload/f_auto,q_auto/league/ms7auybbkq1nwbd2ev0d",2026
4428917,00-0039596,,WisdRa00,,18402,Rashad Wisdom,Rashad,Wisdom,DB,SS,TB,38,CUT,Cut,2,Texas-San Antonio,"https://static.www.nfl.com/image/upload/f_auto,q_auto/league/zqseximyfbxl2h4bqxyw",2026
4426926,00-0039601,12011,RichDe03,,18002,Demani Richardson,Demani,Richardson,DB,FS,CAR,36,CUT,Cut,2,Texas A&M,"https://static.www.nfl.com/image/upload/f_auto,q_auto/league/gjav3xshmapw1yybykxz",2026
4373273,00-0039603,12171,BrooBr01,,18300,British Brooks,British,Brooks,RB,RB,HOU,44,ACT,Active,2,North Carolina,"https://static.www.nfl.com/image/upload/f_auto,q_auto/league/jethzcwj6oeitvdprnk8",2026
,00-0039609,,,,,Kyler Baugh,Kyler,Baugh,DL,DT,PIT,65,DEV,Practice Squad,2,Minnesota; Houston Christian University,"https://static.www.nfl.com/image/upload/f_auto,q_auto/league/eudnrort6lravlzivtxo",2026
,00-0039612,,,,,Sincere Haynesworth,Sincere,Haynesworth,OL,C,BUF,61,CUT,Cut,2,Tulane,"https://static.www.nfl.com/image/upload/f_auto,q_auto/league/inwsjivq2x6ksw2tuq0v",2026
4368350,00-0039620,11899,PaytRi00,,18110,Rico Payton,Rico,Payton,DB,CB,NYG,36,RES,Reserve/IR,2,Pittsburg State (KS); Southern Illinois,"https://static.www.nfl.com/image/upload/f_auto,q_auto/league/fhtldemepl6yeuqvepdj",2026
4361194,00-0039622,11893,StalIs00,,18111,Isaiah Stalbird,Isaiah,Stalbird,LB,ILB,NO,44,ACT,Active,2,South Dakota State,"https://static.www.nfl.com/image/upload/f_auto,q_auto/league/g3vz4uuympfirjuvbr2r",2026
4573697,00-0039623,11895,TiptMa00,41188,18107,Mason Tipton,Mason,Tipton,WR,WR,NO,15,RES,Reserve/IR,2,Yale,"https://static.www.nfl.com/image/upload/f_auto,q_auto/league/jcloxjivlxbcveled5lr",2026
,00-0039624,,,,,Kyle Hergel,Kyle,Hergel,OL,G,CHI,60,DEV,Practice Squad,2,Boston College; Texas State-San Marcos,"https://static.www.nfl.com/image/upload/f_auto,q_auto/league/hevy4dtaz6yzw9anebpk",2026
5192448,00-0039626,12210,BurgCo00,,18281,Cole Burgess,Cole,Burgess,WR,WR,PIT,85,RES,Reserve/IR,2,Cortland State Of New York,"https://static.www.nfl.com/image/upload/f_auto,q_auto/league/vlp9c4lmddujjj46gz6p",2026
4700712,00-0039631,12062,GranCa00,,18284,Cam Grandy,Cam,Grandy,TE,TE,MIN,83,DEV,Practice Squad,2,Illinois State; Missouri Western,"https://static.www.nfl.com/image/upload/f_auto,q_auto/league/uay5dmniqx1baal3q3uu",2026
4429946,00-0039632,12058,JulePJ00,,18066,PJ Jules,P.J.,Jules,DB,SS,CIN,37,ACT,Active,2,Southern Illinois,"https://static.www.nfl.com/image/upload/f_auto,q_auto/league/ypmhoannzlvxolhoalkc",2026
4427982,00-0039634,12076,McNaAu00,,17924,Austin McNamara,Austin,McNamara,P,P,NYJ,14,ACT,Active,2,Texas Tech,"https://static.www.nfl.com/image/upload/f_auto,q_auto/league/tu0cvxj9l141hhpcr5mh",2026
4428125,00-0039637,12057,NjonMa00,,17964,Maema Njongmeta,Maema,Njongmeta,LB,ILB,CAR,45,CUT,Cut,2,Wisconsin,"https://static.www.nfl.com/image/upload/f_auto,q_auto/league/xilgtxzojnxouajl01uc",2026
,00-0039644,,,,,Isaiah Iton,Isaiah,Iton,DL,DT,NE,62,RES,Reserve/IR,2,Rutgers; Hutchinson CC,"https://static.www.nfl.com/image/upload/f_auto,q_auto/league/qa0ncvwwdi7zoutxpa9a",2026
4360978,00-0039648,12357,MartDa01,,18301,David Martin-Robinson,David,Martin-Robinson,TE,TE,TEN,88,ACT,Active,2,Temple,"https://static.www.nfl.com/image/upload/f_auto,q_auto/league/imh2h5q6jmoqno5xlpwm",2026
4362617,00-0039650,11959,OlivBr02,,18302,Bryce Oliver,Bryce,Oliver,WR,WR,CLE,80,DEV,Practice Squad,2,Youngstown State; Kentucky,"https://static.www.nfl.com/image/upload/f_auto,q_auto/league/bdsenkkodb8gbdvtivvr",2026
4432545,00-0039652,12356,SmalJa00,41661,17944,Jabari Small,Jabari,Small,RB,RB,DET,26,CUT,Cut,2,Tennessee,"https://static.www.nfl.com/image/upload/f_auto,q_auto/league/jevnypgyk9xm7tcfldvi",2026
4569323,00-0039660,11872,HarpTh00,,18134,Thomas Harper,Thomas,Harper,DB,FS,DET,12,ACT,Active,2,Notre Dame; Oklahoma State,"https://static.www.nfl.com/image/upload/f_auto,q_auto/league/gndkodhyidctgvcqy1bk",2026
4360475,00-0039676,,AnusCh00,,18155,Chigozie Anusiem,Chigozie,Anusiem,DB,CB,LV,29,RES,Reserve/IR,2,Colorado State; California,"https://static.www.nfl.com/image/upload/f_auto,q_auto/league/pp6vsmzyplbm98g2srpp",2026
4361994,00-0039677,11376,HartSa00,,17664,Sam Hartman,Sam,Hartman,QB,QB,WAS,15,DEV,Practice Squad,2,Notre Dame; Wake Forest,"https://static.www.nfl.com/image/upload/f_auto,q_auto/league/mvpbrqp3o04zla5lzf7u",2026
,00-0039679,,,,,Ben Nikkel,Ben,Nikkel,WR,WR,IND,34,CUT,Cut,2,Iowa State; McPherson College,"https://static.www.nfl.com/image/upload/f_auto,q_auto/league/nudylqi97cv72dqpmqqq",2026
4572460,00-0039681,11934,OwenTy00,,17999,Tyler Owens,Tyler,Owens,DB,SS,WAS,18,ACT,Active,2,Texas Tech; Texas,"https://static.www.nfl.com/image/upload/f_auto,q_auto/league/rxf3jhkiysfn1vi91kvv",2026
,00-0039685,,,,,A.J. Woods,Anthony,Woods,DB,CB,ATL,20,CUT,Cut,2,Pittsburgh,"https://static.www.nfl.com/image/upload/f_auto,q_auto/league/zecg893zdz500syj1k08",2026
4361088,00-0039686,11942,YankCo00,,18160,Colson Yankoff,Colson,Yankoff,TE,TE,WAS,80,ACT,Active,2,UCLA; Washington,"https://static.www.nfl.com/image/upload/f_auto,q_auto/league/cgsxdjqy6l2zuqaftbd6",2026
4428232,00-0039692,12115,PettDe00,,18149,Dell Pettus,Dell,Pettus,DB,FS,NE,24,ACT,Active,2,Troy,"https://static.www.nfl.com/image/upload/f_auto,q_auto/league/irmi15lyy3l28z6s0wgx",2026
4612182,00-0039696,11923,AndeEv00,,17875,Evan Anderson,Evan,Anderson,DL,DT,SF,90,CUT,Cut,2,Florida Atlantic,"https://static.www.nfl.com/image/upload/f_auto,q_auto/league/hldznraji3s9j9hwjn3h",2026
4567534,00-0039697,12345,MahoJa00,,18392,Jaylen Mahoney,Jaylen,Mahoney,DB,FS,PHI,39,CUT,Cut,2,Vanderbilt,"https://static.www.nfl.com/image/upload/f_auto,q_auto/league/qoppi1wky18iwlespw07",2026
,00-0039700,,,,,Drake Nugent,Drake,Nugent,OL,C,SF,66,DEV,Practice Squad,2,Michigan; Stanford,"https://static.www.nfl.com/image/upload/f_auto,q_auto/league/u99x48ow2ilnlmby8tb4",2026
4911517,00-0039702,12068,PlinMa00,,18328,Mason Pline,Mason,Pline,TE,TE,KC,46,CUT,Cut,2,Furman; Ferris State,"https://static.www.nfl.com/image/upload/f_auto,q_auto/league/wnd0lmuy6bd5kwvejkyo",2026
4391845,00-0039703,11644,SchrCo00,41193,17829,Cody Schrader,Cody,Schrader,RB,RB,DEN,25,DEV,Practice Squad,2,Missouri; Truman State University,"https://static.www.nfl.com/image/upload/f_auto,q_auto/league/snrwsjepuvkatdjjokp8",2026
4360637,00-0039710,,JoneJe01,,17691,Jeshaun Jones,Jeshaun,Jones,WR,WR,MIN,82,RES,Reserve/IR,2,Maryland,"https://static.www.nfl.com/image/upload/f_auto,q_auto/league/pwlziiyhd7ectylkejgc",2026
4429128,00-0039714,11905,McGlDw00,,17992,Dwight McGlothern,Dwight,McGlothern,DB,CB,MIN,6,CUT,Cut,2,Arkansas,"https://static.www.nfl.com/image/upload/f_auto,q_auto/league/jwejtupyvb7lscqs46nm",2026
,00-0039716,,,,,Doug Nester,Doug,Nester,OL,G,PIT,72,DEV,Practice Squad,2,West Virginia; Virginia Tech,"https://static.www.nfl.com/image/upload/f_auto,q_auto/league/jpcuavjkhh8b0oe3kor7",2026
4875564,00-0039718,11929,RichBo01,,18182,Bo Richter,Bo,Richter,LB,OLB,MIN,98,ACT,Active,2,Air Force,"https://static.www.nfl.com/image/upload/f_auto,q_auto/league/kbhux5tafk9i4lqkcmtn",2026
4361114,00-0039720,11930,TaimTa00,,18184,Taki Taimani,Sam,Taimani,DL,NT,MIN,94,RES,Reserve/IR,2,Oregon; Washington,"https://static.www.nfl.com/image/upload/f_auto,q_auto/league/xezoml4ot45e6lgvncal",2026
,00-0039722,,,,,JaQuae Jackson,JaQuae,Jackson,WR,WR,LAC,82,CUT,Cut,2,Rutgers; California (PA),"https://static.www.nfl.com/image/upload/f_auto,q_auto/league/wvxmupkflng8vn8bcjzj",2026
,00-0039725,,,,,Jayden Price,Jayden,Price,DB,CB,NO,38,ACT,Active,2,North Dakota State,"https://static.www.nfl.com/image/upload/f_auto,q_auto/league/yfemio1ucnbfx2zmoopk",2026
,00-0039731,,,,,JC Latham,J.C.,Latham,OL,T,TEN,55,ACT,Active,2,Alabama,"https://static.www.nfl.com/image/upload/f_auto,q_auto/league/smrxlm1rtszojndj3wvu",2026
4426338,00-0039732,11563,NixxBo00,40875,16995,Bo Nix,Bo,Nix,QB,QB,DEN,10,ACT,Active,2,Oregon; Auburn,"https://static.www.nfl.com/image/upload/f_auto,q_auto/league/zvo9xatffmqn9lnukpgk",2026
4430271,00-0039733,11695,OrhoRu00,,17762,Ruke Orhorhoro,Ruke,Orhorhoro,DL,DT,JAX,99,ACT,Active,2,Clemson,"https://static.www.nfl.com/image/upload/f_auto,q_auto/league/oeufrmiwlvyce7vggwrx",2026
4362245,00-0039734,11677,FiskBr00,,17775,Braden Fiske,Braden,Fiske,DL,DT,LA,55,ACT,Active,2,Florida State; Western Michigan,"https://static.www.nfl.com/image/upload/f_auto,q_auto/league/nepcpkxlqw0mvpwrgvh8",2026
,00-0039735,,,,,Jackson Powers-Johnson,Jackson,Powers-Johnson,OL,G,LV,58,ACT,Active,2,Oregon,"https://static.www.nfl.com/image/upload/f_auto,q_auto/league/o2lpxcphdigzwbjr12jh",2026
,00-0039736,,,,,Matt Goncalves,Matt,Goncalves,OL,G,IND,71,ACT,Active,2,Pittsburgh,"https://static.www.nfl.com/image/upload/f_auto,q_auto/league/polgp6qzghy6tzyxumof",2026
4696700,00-0039737,11716,ReimTi00,40959,17966,Tip Reiman,Tip,Reiman,TE,TE,ARI,87,RES,Reserve/IR,2,Illinois,"https://static.www.nfl.com/image/upload/f_auto,q_auto/league/yfi3fqch6kzqrcvuptal",2026
4429096,00-0039738,11586,CoruBl00,40962,17690,Blake Corum,Blake,Corum,RB,RB,LA,24,ACT,Active,2,Michigan,"https://static.www.nfl.com/image/upload/f_auto,q_auto/league/axzqbqjkrbwfzodwwakq",2026
4431492,00-0039739,11630,WilsRo02,40952,17043,Roman Wilson,Roman,Wilson,WR,WR,PIT,14,ACT,Active,2,Michigan,"https://static.www.nfl.com/image/upload/f_auto,q_auto/league/xuhjoscmhmmsutbvfmrs",2026
4571162,00-0039740,11703,HuntJa02,,17951,Jalyx Hunt,Jalyx,Hunt,LB,OLB,PHI,58,ACT,Active,2,Houston Christian University; Cornell,"https://static.www.nfl.com/image/upload/f_auto,q_auto/league/uymi2mf5vbfkxopurlby",2026
4361652,00-0039741,11727,WilsPa00,,17758,Payton Wilson,Payton,Wilson,LB,ILB,PIT,41,ACT,Active,2,N.C. State,"https://static.www.nfl.com/image/upload/f_auto,q_auto/league/zgvgobg9xpibsa2sofyw",2026
,00-0039742,,,,,Javon Foster,Javon,Foster,OL,T,CIN,73,ACT,Active,2,Missouri,"https://static.www.nfl.com/image/upload/f_auto,q_auto/league/u6kt89h2dkm1mzwqxhqj",2026
4569448,00-0039743,11736,JeffJo01,,17813,Jordan Jefferson,Jordan,Jefferson,DL,DT,LAC,95,DEV,Practice Squad,2,LSU,"https://static.www.nfl.com/image/upload/f_auto,q_auto/league/wt7ym1nrxza2qq9hzaux",2026
,00-0039744,,,,,Tanor Bortolini,Tanor,Bortolini,OL,C,IND,60,ACT,Active,2,Wisconsin,"https://static.www.nfl.com/image/upload/f_auto,q_auto/league/m2gbuydcsxpusvpfcmxk",2026
4686889,00-0039745,11732,TaylTo01,,17925,Tory Taylor,Tory,Taylor,P,P,CHI,19,ACT,Active,2,Iowa,"https://static.www.nfl.com/image/upload/f_auto,q_auto/league/fvmwdsbi4nkpw9hfm4qj",2026
4431545,00-0039746,11577,ShipWi00,41002,17802,Will Shipley,Will,Shipley,RB,RB,PHI,28,ACT,Active,2,Clemson,"https://static.www.nfl.com/image/upload/f_auto,q_auto/league/pvpaepncsdfgzdubkuhg",2026
4568217,00-0039749,11799,DaviTy05,,17799,Tyler Davis,Tyler,Davis,DL,DT,LA,90,ACT,Active,2,Clemson,"https://static.www.nfl.com/image/upload/f_auto,q_auto/league/ych0dv47y4jomyxybenf",2026
4569382,00-0039751,11623,WhitJo04,41083,17688,Jordan Whittington,Jordan,Whittington,WR,WR,LA,88,ACT,Active,2,Texas,"https://static.www.nfl.com/image/upload/f_auto,q_auto/league/enqcg1lgjkuk0hqz3qjc",2026
4430065,00-0039752,11785,JohnCe01,,17847,Cedric Johnson,Cedric,Johnson,DL,DE,CIN,52,ACT,Active,2,Mississippi,"https://static.www.nfl.com/image/upload/f_auto,q_auto/league/yi5naoq2xpx34pwpt25y",2026
,00-0039753,,,,,Beaux Limmer,Beaux,Limmer,OL,C,LA,50,ACT,Active,2,Arkansas,"https://static.www.nfl.com/image/upload/f_auto,q_auto/league/rsd2gd5nz5ubdj0drxn6",2026
4361112,00-0039754,11820,CulpDe00,41120,17965,Devin Culp,Devin,Culp,TE,TE,TB,82,CUT,Cut,2,Washington,"https://static.www.nfl.com/image/upload/f_auto,q_auto/league/e32gorf12yuyy6iyijt9",2026
,00-0039755,,,,,KT Leveston,Kaitori,Leveston,OL,T,CLE,72,DEV,Practice Squad,2,Kansas State,"https://static.www.nfl.com/image/upload/f_auto,q_auto/league/ocrjwcpavgunq64dlcgj",2026
4366349,00-0039763,12397,AndrJo02,,18329,Joe Andreessen,Joe,Andreessen,LB,MLB,BUF,44,ACT,Active,2,Buffalo,"https://static.www.nfl.com/image/upload/f_auto,q_auto/league/cj03pufi2spczomlja71",2026
4429392,00-0039764,12319,ChatEl00,,18333,Elijah Chatman,Elijah,Chatman,DL,DT,CLE,62,RES,Reserve/IR,2,SMU,"https://static.www.nfl.com/image/upload/f_auto,q_auto/league/kzzty8qdv0ktwa6lmjk5",2026
,00-0039767,,,,,Quinton Newsome,Quinton,Newsome,DB,CB,ARI,30,CUT,Cut,2,Nebraska,"https://static.www.nfl.com/image/upload/f_auto,q_auto/league/lszsh2ohujsuvqil5zsf",2026
4368113,00-0039770,12137,WoodCh01,,18387,Charles Woods,Charles,Woods,DB,CB,NE,22,ACT,Active,2,SMU; West Virginia; Illinois State,"https://static.www.nfl.com/image/upload/f_auto,q_auto/league/wwypndzfrfidulshfdog",2026
4572371,00-0039772,12132,WallJo00,,17937,Josh Wallace,Josh,Wallace,DB,CB,LA,30,ACT,Active,2,Michigan; UMass Amherst,"https://static.www.nfl.com/image/upload/f_auto,q_auto/league/rl9xt27qup1xfmv1h1gc",2026
4428550,00-0039774,12140,SpeiOm00,,17914,Omar Speights,Omar,Speights,LB,ILB,LA,48,ACT,Active,2,LSU; Oregon State,"https://static.www.nfl.com/image/upload/f_auto,q_auto/league/tbz3cgrfkc8yjsxkjhxe",2026
4428098,00-0039775,,NealEl00,,18386,Elias Neal,Eli,Neal,LB,ILB,LA,58,DEV,Practice Squad,2,Marshall,"https://static.www.nfl.com/image/upload/f_auto,q_auto/league/mguzhmnhv07wkw7ekaly",2026
4427120,00-0039776,12142,McCoJa02,,18385,Jaylen McCollough,Jaylen,McCollough,DB,SS,LA,2,ACT,Active,2,Tennessee,"https://static.www.nfl.com/image/upload/f_auto,q_auto/league/g4k2pwpoyaethnwwerpy",2026
4427752,00-0039780,12230,LampCa00,,18381,Cam Lampkin,Cam,Lampkin,DB,CB,LA,21,DEV,Practice Squad,2,Washington State; Utah State,"https://static.www.nfl.com/image/upload/f_auto,q_auto/league/b9fxxgtih7cqzny6tnpq",2026
4372378,00-0039783,12138,GoodAn00,,18380,Anthony Goodlow,Anthony,Goodlow,DL,DE,CAR,96,DEV,Practice Squad,2,Oklahoma State,"https://static.www.nfl.com/image/upload/f_auto,q_auto/league/nyluqyk0urg2bdfsajdk",2026
,00-0039784,,,,,Justin Dedich,Justin,Dedich,OL,G,LA,67,RES,Reserve/IR,2,USC,"https://static.www.nfl.com/image/upload/f_auto,q_auto/league/lkjtnkp4ooxnycdusrul",2026
5208977,00-0039789,11755,StigQw00,,17940,Qwan'tez Stiggers,Qwan'tez,Stiggers,DB,CB,NYJ,37,ACT,Active,2,,"https://static.www.nfl.com/image/upload/f_auto,q_auto/league/yiiqa5sbaclz4bvnpvul",2026
,00-0039790,,,,,Olumuyiwa Fashanu,Olumuyiwa,Fashanu,OL,T,NYJ,74,ACT,Active,2,Penn State,"https://static.www.nfl.com/image/upload/f_auto,q_auto/league/clf1wkkpzzsrnffv8wew",2026
4426372,00-0039791,11722,IsaaAd00,,17749,Adisa Isaac,Adisa,Isaac,LB,OLB,BAL,50,DEV,Practice Squad,2,Penn State,"https://static.www.nfl.com/image/upload/f_auto,q_auto/league/kgf0y0szaf289d6ys8sy",2026
4696882,00-0039792,11629,WalkDe01,40991,17728,Devontez Walker,Devontez,Walker,WR,WR,BAL,81,ACT,Active,2,North Carolina; Kent State; North Carolina Central,"https://static.www.nfl.com/image/upload/f_auto,q_auto/league/x3x3k5ispk44ms0f7vrv",2026
4576297,00-0039793,11603,BarnAJ00,41001,17811,AJ Barner,A.J.,Barner,TE,TE,SEA,88,ACT,Active,2,Michigan; Indiana,"https://static.www.nfl.com/image/upload/f_auto,q_auto/league/i0esiguve9if4ts5mm1q",2026
4685247,00-0039794,11576,AlleBr05,40981,17702,Braelon Allen,Braelon,Allen,RB,RB,NYJ,0,ACT,Active,2,Wisconsin,"https://static.www.nfl.com/image/upload/f_auto,q_auto/league/fmpzgmfjmcbrv1gmqbdn",2026
4567222,00-0039795,11753,PritNe00,,17783,Nehemiah Pritchett,Nehemiah,Pritchett,DB,CB,SEA,28,ACT,Active,2,Auburn,"https://static.www.nfl.com/image/upload/f_auto,q_auto/league/zxtribbeeejhqlt43dmj",2026
4690013,00-0039796,11570,AlixRa00,41033,17026,Rasheen Ali,Rasheen,Ali,RB,RB,BAL,26,ACT,Active,2,Marshall,"https://static.www.nfl.com/image/upload/f_auto,q_auto/league/zwjrkzu3ia3cfrwgotqt",2026
4695404,00-0039798,11571,DaviIs00,41031,17057,Isaiah Davis,Isaiah,Davis,RB,RB,NYJ,32,ACT,Active,2,South Dakota State,"https://static.www.nfl.com/image/upload/f_auto,q_auto/league/x6r9a5xhtaklbvnqmtw7",2026
4429891,00-0039800,11801,JameDJ00,,17751,DJ James,D.J.,James,DB,CB,NYG,36,CUT,Cut,2,Auburn; Oregon,"https://static.www.nfl.com/image/upload/f_auto,q_auto/league/rqkampxsl0ukgtcf0zoi",2026
4698113,00-0039807,11693,MeltMa00,,17817,Max Melton,Max,Melton,DB,CB,ARI,16,ACT,Active,2,Rutgers,"https://static.www.nfl.com/image/upload/f_auto,q_auto/league/xaapgpd73nebdqnztyp1",2026
,00-0039808,,,,,Isaiah Adams,Isaiah,Adams,OL,G,ARI,74,ACT,Active,2,Illinois; Garden City CC,"https://static.www.nfl.com/image/upload/f_auto,q_auto/league/ule1nyboygcfxxc0qz8l",2026
4687592,00-0039809,11714,ElliJo03,,17730,Jonah Elliss,Jonah,Elliss,LB,OLB,DEN,52,ACT,Active,2,Utah,"https://static.www.nfl.com/image/upload/f_auto,q_auto/league/f3dukr2ntse8qnsyhu3b",2026
4429023,00-0039811,11581,LloyMa00,40971,17795,MarShawn Lloyd,MarShawn,Lloyd,RB,RB,GB,32,ACT,Active,2,USC; South Carolina,"https://static.www.nfl.com/image/upload/f_auto,q_auto/league/xp8sd4enimuk4zd0aqgu",2026
4567406,00-0039812,11712,HoppTy00,,17859,Ty'Ron Hopper,Ty'Ron,Hopper,LB,ILB,GB,59,ACT,Active,2,Missouri; Florida,"https://static.www.nfl.com/image/upload/f_auto,q_auto/league/taqdlsfufqh99ucbl5zm",2026
4428863,00-0039813,11739,WillEv00,,18003,Evan Williams,Evan,Williams,DB,FS,GB,33,ACT,Active,2,Oregon; Fresno State,"https://static.www.nfl.com/image/upload/f_auto,q_auto/league/g3utgsouys3kewppbnb5",2026
4427834,00-0039814,11592,AllxEr00,40989,17696,Erick All,Erick,All,TE,TE,CIN,83,ACT,Active,2,Iowa; Michigan,"https://static.www.nfl.com/image/upload/f_auto,q_auto/league/ifkhcxze7lnxkpzjvsmk",2026
4686540,00-0039815,11734,KnigTy00,,17963,Tyrice Knight,Tyrice,Knight,LB,ILB,SEA,48,ACT,Active,2,Texas-El Paso; Independence Comm. College,"https://static.www.nfl.com/image/upload/f_auto,q_auto/league/xqi0rvphhoj5tca0wod2",2026
4429684,00-0039816,11762,GoulAn00,41046,17971,Anthony Gould,Anthony,Gould,WR,WR,IND,6,DEV,Practice Squad,2,Oregon State,"https://static.www.nfl.com/image/upload/f_auto,q_auto/league/irctulz9pij3tzpokih0",2026
,00-0039817,,,,,Jacob Monk,Jacob,Monk,OL,C,GB,62,ACT,Active,2,Duke,"https://static.www.nfl.com/image/upload/f_auto,q_auto/league/njxl8msuzdym9x8egkcl",2026
4374037,00-0039818,11763,OladKi00,,17884,Kitan Oladapo,Kitan,Oladapo,DB,SS,GB,27,ACT,Active,2,Oregon State,"https://static.www.nfl.com/image/upload/f_auto,q_auto/league/m3bxo3bhxk2d601bhjs0",2026
,00-0039819,,,,,Travis Glover,Travis,Glover,OL,T,GB,79,ACT,Active,2,Georgia State,"https://static.www.nfl.com/image/upload/f_auto,q_auto/league/oe6xejpueu02brdqjke1",2026
4431321,00-0039821,11700,PhilAn02,,17846,Andru Phillips,Andru,Phillips,DB,CB,NYG,22,ACT,Active,2,Kentucky,"https://static.www.nfl.com/image/upload/f_auto,q_auto/league/kh3iigah1t49ywg0scb9",2026
,00-0039822,,,,,Kiran Amegadjie,Kiran,Amegadjie,OL,G,PHI,72,DEV,Practice Squad,2,Yale,"https://static.www.nfl.com/image/upload/f_auto,q_auto/league/qngoqfnhfh7zgjeqk9vw",2026
4360203,00-0039823,11717,JoneEl00,,18071,Elijah Jones,Elijah,Jones,DB,CB,NYG,37,DEV,Practice Squad,2,Boston College,"https://static.www.nfl.com/image/upload/f_auto,q_auto/league/ncb3dyn1yc6gwjv20l1x",2026
4430723,00-0039824,11595,WileJa00,40978,17894,Jared Wiley,Jared,Wiley,TE,TE,KC,12,ACT,Active,2,TCU; Texas,"https://static.www.nfl.com/image/upload/f_auto,q_auto/league/qbu14rgh4wchepqsrgb0",2026
4685232,00-0039825,11728,HickJa01,,17797,Jaden Hicks,Jaden,Hicks,DB,SS,KC,21,ACT,Active,2,Washington State,"https://static.www.nfl.com/image/upload/f_auto,q_auto/league/kg90d5bciznpqbpafke4",2026
4432777,00-0039826,11752,TrotJe01,,17755,Jeremiah Trotter Jr.,Jeremiah,Trotter,LB,ILB,PHI,54,ACT,Active,2,Clemson,"https://static.www.nfl.com/image/upload/f_auto,q_auto/league/fbgpf6iqljasd4h1miw2",2026
,00-0039827,,,,,Hunter Nourzad,Hunter,Nourzad,OL,C,KC,64,ACT,Active,2,Penn State; Cornell,"https://static.www.nfl.com/image/upload/f_auto,q_auto/league/r81y8mo3z0v6ts0jjnwh",2026
,00-0039828,,,,,Walter Rouse,Walter,Rouse,OL,T,NE,73,ACT,Active,2,Oklahoma; Stanford,"https://static.www.nfl.com/image/upload/f_auto,q_auto/league/r28h1pou7qbvw9hcjpgr",2026
4428072,00-0039829,11807,MuasDa00,,17868,Darius Muasau,Darius,Muasau,LB,ILB,NE,53,ACT,Active,2,UCLA; Hawaii,"https://static.www.nfl.com/image/upload/f_auto,q_auto/league/howdtlbkf2poenfnyejl",2026
,00-0039830,,,,,Dylan McMahon,Dylan,McMahon,OL,C,LA,63,ACT,Active,2,N.C. State,"https://static.www.nfl.com/image/upload/f_auto,q_auto/league/xabhymarhssiz8tpgccc",2026
4427356,00-0039831,11787,HaddKa00,,17832,Kamal Hadden,Kamal,Hadden,DB,CB,GB,36,ACT,Active,2,Tennessee; Independence Comm. College; Auburn,"https://static.www.nfl.com/image/upload/f_auto,q_auto/league/j3ty1m9rac4bqcysjwqp",2026
,00-0039832,,,,,Jarrett Kingston,Jarrett,Kingston,OL,T,MIA,62,ACT,Active,2,USC; Washington State,"https://static.www.nfl.com/image/upload/f_auto,q_auto/league/kxvhcqmyotwpjaphrtvw",2026
,00-0039833,,,,,C.J. Hanson,C.J.,Hanson,OL,G,KC,61,RES,Reserve/IR,2,Holy Cross,"https://static.www.nfl.com/image/upload/f_auto,q_auto/league/sem0xiz0jubhx5nww1ma",2026
4596363,00-0039834,11726,KincKa00,,17722,Kamren Kinchens,Kamren,Kinchens,DB,FS,LA,5,ACT,Active,2,Miami,"https://static.www.nfl.com/image/upload/f_auto,q_auto/league/fnxdjnzzmmihkv0p2efc",2026
4567138,00-0039835,11743,EboiJu00,,17803,Justin Eboigbe,Justin,Eboigbe,DL,DE,LAC,92,ACT,Active,2,Alabama,"https://static.www.nfl.com/image/upload/f_auto,q_auto/league/vayynevqkczp1ziitvkm",2026
4373471,00-0039836,11751,JackBr02,,17842,Brennan Jackson,Brennan,Jackson,LB,OLB,LV,54,RES,Reserve/IR,2,Washington State,"https://static.www.nfl.com/image/upload/f_auto,q_auto/league/dmdwsofgb90qn5yoohcb",2026
4428713,00-0039837,11721,TricBr00,,17676,Bralen Trice,Bralen,Trice,LB,OLB,ATL,48,CUT,Cut,2,Washington,"https://static.www.nfl.com/image/upload/f_auto,q_auto/league/pvzpzvnhrtxxyhwhedq7",2026
4431517,00-0039838,11710,BullCa00,,17737,Calen Bullock,Calen,Bullock,DB,FS,HOU,2,ACT,Active,2,USC,"https://static.www.nfl.com/image/upload/f_auto,q_auto/league/dp7ntdi5yxyhikjjsojs",2026
,00-0039839,,,,,Christian Haynes,Christian,Haynes,OL,G,SEA,64,ACT,Active,2,Connecticut,"https://static.www.nfl.com/image/upload/f_auto,q_auto/league/ylzxtjxkmtlseqhaghp6",2026
4683553,00-0039840,11760,BookAu00,,17839,Austin Booker,Austin,Booker,DL,DE,CHI,94,ACT,Active,2,Kansas; Minnesota,"https://static.www.nfl.com/image/upload/f_auto,q_auto/league/s5th0pr4mxfyrdrnlm79",2026
4682618,00-0039841,11678,DeJeCo00,,17705,Cooper DeJean,Cooper,DeJean,DB,CB,PHI,33,ACT,Active,2,Iowa,"https://static.www.nfl.com/image/upload/f_auto,q_auto/league/aifrssmqxtoiydq9r1uo",2026
,00-0039842,,,,,Michael Jerrell,Michael,Jerrell,OL,T,ATL,72,ACT,Active,2,Findlay,"https://static.www.nfl.com/image/upload/f_auto,q_auto/league/j4ccmkx7sv3yjjt8ymzy",2026
,00-0039843,,,,,Qadir Ismail,Qadir,Ismail,TE,TE,CHI,80,DEV,Practice Squad,2,Samford; Villanova,"https://static.www.nfl.com/image/upload/f_auto,q_auto/league/j8bnryrjhs5ojoxmeson",2026
,00-0039844,,,,,Kingsley Suamataia,Kingsley,Suamataia,OL,G,KC,76,ACT,Active,2,BYU; Oregon,"https://static.www.nfl.com/image/upload/f_auto,q_auto/league/qsrtrpvdbnrhjgoqck5x",2026
4428522,00-0039846,11705,SmitTy05,,17770,Tykee Smith,Tykee,Smith,DB,SS,TB,23,ACT,Active,2,Georgia; West Virginia,"https://static.www.nfl.com/image/upload/f_auto,q_auto/league/thib1riuixa3whhe6ohv",2026
4429148,00-0039847,11597,JohnTh00,41003,17021,Theo Johnson,Theodore,Johnson,TE,TE,NYG,84,ACT,Active,2,Penn State,"https://static.www.nfl.com/image/upload/f_auto,q_auto/league/fv2jbzlocr1o3ahkru43",2026
4432708,00-0039849,11628,HarrMa09,40893,17674,Marvin Harrison Jr.,Marvin,Harrison,WR,WR,ARI,18,ACT,Active,2,Ohio State,"https://static.www.nfl.com/image/upload/f_auto,q_auto/league/hwpoo1icpnh8emjvqaii",2026
4430438,00-0039850,11687,CoopEd00,,17753,Edgerrin Cooper,Edgerrin,Cooper,LB,ILB,GB,56,ACT,Active,2,Texas A&M,"https://static.www.nfl.com/image/upload/f_auto,q_auto/league/acedii0jqmzxqm5lqtn8",2026
4431452,00-0039851,11564,MayeDr00,40881,17673,Drake Maye,Drake,Maye,QB,QB,NE,10,ACT,Active,2,North Carolina,"https://static.www.nfl.com/image/upload/f_auto,q_auto/league/s1nmoon2xnrc3bnyulv4",2026
4578085,00-0039852,11665,VersJa00,,17711,Jared Verse,Jared,Verse,DL,DE,CLE,8,ACT,Active,2,Florida State; Albany,"https://static.www.nfl.com/image/upload/f_auto,q_auto/league/cpa5qqc59ndeg6timqmf",2026
4569480,00-0039854,11658,RobiDa01,,17790,Darius Robinson,Darius,Robinson,DL,DT,ARI,56,ACT,Active,2,Missouri,"https://static.www.nfl.com/image/upload/f_auto,q_auto/league/hctx4lm0ru8shpgb4vkc",2026
4430834,00-0039855,11618,McMiJa01,40954,17763,Jalen McMillan,Jalen,McMillan,WR,WR,TB,11,ACT,Active,2,Washington,"https://static.www.nfl.com/image/upload/f_auto,q_auto/league/s8tlj5wsi6cq8kjhp06v",2026
,00-0039857,,,,,Blake Fisher,Blake,Fisher,OL,T,HOU,57,ACT,Active,2,Notre Dame,"https://static.www.nfl.com/image/upload/f_auto,q_auto/league/icrw8fcxsfxcrmoxlbsf",2026
4429834,00-0039858,11742,GrayCe00,,17849,Cedric Gray,Cedric,Gray,LB,OLB,TEN,33,ACT,Active,2,North Carolina,"https://static.www.nfl.com/image/upload/f_auto,q_auto/league/y5zs5kaw54mz5cyajpbw",2026
4427090,00-0039859,11740,DorlBr00,,17743,Brandon Dorlus,Brandon,Dorlus,DL,DT,ATL,54,ACT,Active,2,Oregon,"https://static.www.nfl.com/image/upload/f_auto,q_auto/league/ijybsgxpvngj5wzlcupl",2026
4433975,00-0039860,11675,McKiKo00,,17715,Kool-Aid McKinstry,Kool-Aid,McKinstry,DB,CB,NO,1,ACT,Active,2,Alabama,"https://static.www.nfl.com/image/upload/f_auto,q_auto/league/n0yip0zx9i25jbwugzmo",2026
4430261,00-0039861,11674,NubiTy00,,17723,Tyler Nubin,Tyler,Nubin,DB,SS,NYG,27,ACT,Active,2,Minnesota,"https://static.www.nfl.com/image/upload/f_auto,q_auto/league/wu3phjekllc6yybgarbl",2026
4566092,00-0039862,11689,RakeEn00,,17720,Ennis Rakestraw Jr.,Ennis,Rakestraw,DB,CB,DET,2,ACT,Active,2,Missouri,"https://static.www.nfl.com/image/upload/f_auto,q_auto/league/qqwcajwnacksgjhwm4jx",2026
,00-0039863,,,,,Caedan Wallace,Caedan,Wallace,OL,G,MIA,77,ACT,Active,2,Penn State; West Virginia,"https://static.www.nfl.com/image/upload/f_auto,q_auto/league/pmf5pfpsa544my63y197",2026
4428633,00-0039864,11744,TaylDa02,,17996,Dadrion Taylor-Demerson,Dadrion,Taylor-Demerson,DB,FS,ARI,42,ACT,Active,2,Texas Tech,"https://static.www.nfl.com/image/upload/f_auto,q_auto/league/w4wcod46hxptpseyi6o3",2026
4688930,00-0039867,11686,BullJa00,,17765,Javon Bullard,Javon,Bullard,DB,SS,GB,7,ACT,Active,2,Georgia,"https://static.www.nfl.com/image/upload/f_auto,q_auto/league/wmpfeci7b5hm44zkjgvb",2026
4431280,00-0039868,11627,FranTr00,41009,17719,Troy Franklin,Troy,Franklin,WR,WR,DEN,11,ACT,Active,2,Oregon,"https://static.www.nfl.com/image/upload/f_auto,q_auto/league/wgfbgxjntyqzojpizgaj",2026
,00-0039871,,,,,Troy Fautanu,Troy,Fautanu,OL,T,PIT,76,ACT,Active,2,Washington,"https://static.www.nfl.com/image/upload/f_auto,q_auto/league/zdtvqdenhcfetm9tpmwh",2026
4676004,00-0039872,11682,BishCo00,,17838,Cole Bishop,Cole,Bishop,DB,SS,BUF,24,ACT,Active,2,Utah,"https://static.www.nfl.com/image/upload/f_auto,q_auto/league/kjvkuqb6ghv0ydbsoows",2026
4426883,00-0039873,11706,CartDe03,,17766,DeWayne Carter,DeWayne,Carter,DL,DT,BUF,90,ACT,Active,2,Duke,"https://static.www.nfl.com/image/upload/f_auto,q_auto/league/somthlvcx5v20nqmu85n",2026
4682745,00-0039874,11643,WrigJa04,41010,17800,Jaylen Wright,Jaylen,Wright,RB,RB,MIA,5,ACT,Active,2,Tennessee,"https://static.www.nfl.com/image/upload/f_auto,q_auto/league/feeuommtlmpvuxvtb1zt",2026
4429501,00-0039875,11575,DaviRa04,40980,17792,Ray Davis,Re'Mahn,Davis,RB,RB,BUF,7,ACT,Active,2,Kentucky; Vanderbilt; Temple,"https://static.www.nfl.com/image/upload/f_auto,q_auto/league/xibwzhrl6q5xkgh3utug",2026
,00-0039876,,,,,Sedrick Van Pran-Granger,Sedrick,Van Pran-Granger,OL,C,IND,62,ACT,Active,2,Georgia,"https://static.www.nfl.com/image/upload/f_auto,q_auto/league/o6ayso1ks19s4n2te2n9",2026
4427677,00-0039877,11754,KamaMo00,,17812,Mohamed Kamara,Mohamed,Kamara,LB,OLB,TB,59,RES,Reserve/IR,2,Colorado State,"https://static.www.nfl.com/image/upload/f_auto,q_auto/league/eejqngskhpqk7dalz9cq",2026
4374280,00-0039878,11757,UlofEd00,,17836,Edefuan Ulofoshio,Edefuan,Ulofoshio,LB,MLB,CLE,54,RES,Reserve/IR,2,Washington,"https://static.www.nfl.com/image/upload/f_auto,q_auto/league/djyw96mfpsd1okocv1ck",2026
4428548,00-0039879,11759,SoloJa00,,17957,Javon Solomon,Javon,Solomon,LB,OLB,BUF,56,ACT,Active,2,Troy,"https://static.www.nfl.com/image/upload/f_auto,q_auto/league/sjftmvhxpsr0zvtqywnt",2026
4569603,00-0039880,11610,WashMa00,41058,17863,Malik Washington,Malik,Washington,WR,WR,MIA,6,ACT,Active,2,Virginia; Northwestern,"https://static.www.nfl.com/image/upload/f_auto,q_auto/league/dmaiwnmaal9nrwfskl28",2026
4430158,00-0039881,11797,McMoPa00,,18001,Patrick McMorris,Patrick,McMorris,DB,SS,SF,24,CUT,Cut,2,California; San Diego State,"https://static.www.nfl.com/image/upload/f_auto,q_auto/league/eu9mwmih3oosm64ainr8",2026
,00-0039882,,,,,Tylan Grable,Tylan,Grable,OL,T,BUF,68,ACT,Active,2,UCF; Jacksonville State,"https://static.www.nfl.com/image/upload/f_auto,q_auto/league/t5xdmbxo9c5juinczvdb",2026
4429743,00-0039883,11781,HardDa02,,17906,Daequan Hardy,Daequan,Hardy,DB,CB,PIT,31,RES,Reserve/IR,2,Penn State,"https://static.www.nfl.com/image/upload/f_auto,q_auto/league/ufab4bt7hohj24mzr91v",2026
4567506,00-0039884,11821,WashTa00,41104,17978,Tahj Washington,Tahj,Washington,WR,WR,PHI,48,CUT,Cut,2,USC; Memphis,"https://static.www.nfl.com/image/upload/f_auto,q_auto/league/voyr5ajdxwydmp6cc1bw",2026
4428617,00-0039886,11691,SweaTV01,,17754,T'Vondre Sweat,T'Vondre,Sweat,DL,DT,NYJ,99,ACT,Active,2,Texas,"https://static.www.nfl.com/image/upload/f_auto,q_auto/league/hmlpzjhnttorvhshijgn",2026
4686273,00-0039888,11662,MitcQu00,,17731,Quinyon Mitchell,Quinyon,Mitchell,DB,CB,PHI,27,ACT,Active,2,Toledo,"https://static.www.nfl.com/image/upload/f_auto,q_auto/league/hfhzawkrobxrfuohtp50",2026
4431567,00-0039889,11698,SmitMa07,,17669,Maason Smith,Maason,Smith,DL,DT,ATL,92,ACT,Active,2,LSU,"https://static.www.nfl.com/image/upload/f_auto,q_auto/league/eskiw0i3z6cashics66w",2026
4597500,00-0039890,11625,MitcAd00,40915,17668,Adonai Mitchell,Adonai,Mitchell,WR,WR,NYJ,15,ACT,Active,2,Texas; Georgia,"https://static.www.nfl.com/image/upload/f_auto,q_auto/league/hwwacoa3pqapd7pgahfx",2026
4432773,00-0039893,11631,ThomBr06,40883,17716,Brian Thomas Jr.,Brian,Thomas,WR,WR,JAX,7,ACT,Active,2,LSU,"https://static.www.nfl.com/image/upload/f_auto,q_auto/league/plnekkriys4cm11rnxwl",2026
4683062,00-0039894,11624,WortXa00,40877,17687,Xavier Worthy,Xavier,Worthy,WR,WR,KC,1,ACT,Active,2,Texas,"https://static.www.nfl.com/image/upload/f_auto,q_auto/league/u6fmnffwteccoxn3uguq",2026
4600415,00-0039895,11692,HallMi00,,17793,Mike Hall Jr.,Michael,Hall,DL,DT,CLE,51,ACT,Active,2,Ohio State,"https://static.www.nfl.com/image/upload/f_auto,q_auto/league/ykpxjvmielzqpguubka1",2026
,00-0039896,,,,,Zach Frazier,Zach,Frazier,OL,C,PIT,54,ACT,Active,2,West Virginia,"https://static.www.nfl.com/image/upload/f_auto,q_auto/league/fsycb8xgssegoyy1rrrv",2026
,00-0039897,,,,,Joe Alt,Joe,Alt,OL,T,LAC,76,ACT,Active,2,Notre Dame,"https://static.www.nfl.com/image/upload/f_auto,q_auto/league/hul7ydlbropij2fjhvvy",2026
4428414,00-0039898,11676,SainMi00,,17768,Mike Sainristil,Mike,Sainristil,DB,CB,WAS,0,ACT,Active,2,Michigan,"https://static.www.nfl.com/image/upload/f_auto,q_auto/league/eftoaweovfwayhiyjg6q",2026
,00-0039899,,,,,Patrick Paul,Patrick,Paul,OL,T,MIA,52,ACT,Active,2,Houston,"https://static.www.nfl.com/image/upload/f_auto,q_auto/league/gjp4mxqdh4gs2cyktdva",2026
4635008,00-0039901,11637,ColeKe02,40911,17732,Keon Coleman,Keon,Coleman,WR,WR,BUF,0,ACT,Active,2,Florida State; Michigan State,"https://static.www.nfl.com/image/upload/f_auto,q_auto/league/cm7g87waetksjouyjgvg",2026
4428989,00-0039902,11679,BrasCh01,,17718,Chris Braswell,Chris,Braswell,LB,OLB,HOU,43,DEV,Practice Squad,2,Alabama,"https://static.www.nfl.com/image/upload/f_auto,q_auto/league/bkta07rjtsatr1mmbvoj",2026
4592837,00-0039903,11661,ArnoTe00,,17712,Terrion Arnold,Terrion,Arnold,DB,CB,SEA,6,EXE,EXE,2,Alabama,"https://static.www.nfl.com/image/upload/f_auto,q_auto/league/h3rbtalyoblh2szat9qc",2026
,00-0039904,,,,,Jordan Morgan,Jordan,Morgan,OL,G,GB,77,ACT,Active,2,Arizona,"https://static.www.nfl.com/image/upload/f_auto,q_auto/league/sdes0pavbicaj47bfjis",2026
,00-0039905,,,,,Graham Barton,Graham,Barton,OL,C,TB,62,ACT,Active,2,Duke,"https://static.www.nfl.com/image/upload/f_auto,q_auto/league/jbvrm3jvgbcjjc1yd5qx",2026
4430560,00-0039906,11699,NewtJe00,,17707,Jer'Zhan Newton,Jer'Zhan,Newton,DL,DT,WAS,95,RES,Reserve/IR,2,Illinois,"https://static.www.nfl.com/image/upload/f_auto,q_auto/league/hgrxkwfkaiozsegi9sbp",2026
4430637,00-0039907,11619,PolkJa00,40914,17684,Ja'Lynn Polk,Ja'Lynn,Polk,WR,WR,NO,13,RET,Retired,2,Washington; Texas Tech,"https://static.www.nfl.com/image/upload/f_auto,q_auto/league/w4hcfpfjrpt0fchb0xmm",2026
4432301,00-0039908,11688,JenkKr01,,17740,Kris Jenkins,Kris,Jenkins,DL,DT,CIN,90,ACT,Active,2,Michigan,"https://static.www.nfl.com/image/upload/f_auto,q_auto/league/nuyy0laahr8mf5dojflu",2026
4426348,00-0039910,11566,DaniJa02,40896,17692,Jayden Daniels,Jayden,Daniels,QB,QB,WAS,5,ACT,Active,2,LSU; Arizona State,"https://static.www.nfl.com/image/upload/f_auto,q_auto/league/gfz8k5onuqjrche9ogqc",2026
4431586,00-0039911,11663,RobiCh00,,17742,Chop Robinson,Demeioun,Robinson,LB,OLB,MIA,44,ACT,Active,2,Penn State; Maryland,"https://static.www.nfl.com/image/upload/f_auto,q_auto/league/qcf7mpwkznoaqj6viijj",2026
4690923,00-0039912,11596,SinnBe00,40931,17833,Ben Sinnott,Ben,Sinnott,TE,TE,WAS,82,ACT,Active,2,Kansas State,"https://static.www.nfl.com/image/upload/f_auto,q_auto/league/ilkrv6dqajndnlsbmv8f",2026
,00-0039913,,,,,Brandon Coleman,Brandon,Coleman,OL,T,WAS,74,ACT,Active,2,TCU; Trinity Valley CC,"https://static.www.nfl.com/image/upload/f_auto,q_auto/league/knxy90rm9gohdrwufodf",2026
4612826,00-0039915,11635,McCoLa00,40908,17724,Ladd McConkey,Andrew,McConkey,WR,WR,LAC,15,ACT,Active,2,Georgia,"https://static.www.nfl.com/image/upload/f_auto,q_auto/league/q2sk7yforrkiusvruo1o",2026
4428209,00-0039916,11638,PearRi00,40892,17761,Ricky Pearsall,Ricky,Pearsall,WR,WR,SF,1,RES,Reserve/IR,2,Florida; Arizona State,"https://static.www.nfl.com/image/upload/f_auto,q_auto/league/rrv2qhkjqagb8ibzwakv",2026
4360423,00-0039917,11559,PeniMi00,40889,17700,Michael Penix Jr.,Michael,Penix,QB,QB,ATL,9,ACT,Active,2,Washington; Indiana,"https://static.www.nfl.com/image/upload/f_auto,q_auto/league/mip4kogkqxwkkya6mvmh",2026
4431611,00-0039918,11560,WillCa03,40900,17695,Caleb Williams,Caleb,Williams,QB,QB,CHI,18,ACT,Active,2,USC; Oklahoma,"https://static.www.nfl.com/image/upload/f_auto,q_auto/league/h4qs11kutwiw7whekmyt",2026
4431299,00-0039919,11620,OdunRo00,40901,17020,Rome Odunze,Rome,Odunze,WR,WR,CHI,15,ACT,Active,2,Washington,"https://static.www.nfl.com/image/upload/f_auto,q_auto/league/niewdl2p2325kpohbw9v",2026
4613104,00-0039920,11617,CorlMa00,40944,17777,Malachi Corley,Malachi,Corley,WR,WR,CLE,83,ACT,Active,2,Western Kentucky,"https://static.www.nfl.com/image/upload/f_auto,q_auto/league/lay1p8pvwrglmqorc6ev",2026
4429275,00-0039921,11589,BensTr01,40958,17767,Trey Benson,Trey,Benson,RB,RB,ARI,33,RES,Reserve/IR,2,Florida State; Oregon,"https://static.www.nfl.com/image/upload/f_auto,q_auto/league/liruc5jotnsi4ue9p9yx",2026
4433970,00-0039923,11565,McCaJJ00,40905,17689,J.J. McCarthy,Jonathan,McCarthy,QB,QB,MIN,9,ACT,Active,2,Michigan,"https://static.www.nfl.com/image/upload/f_auto,q_auto/league/omybnfokapjw6jwb5dd3",2026
4565190,00-0039924,11667,TurnDa01,,17710,Dallas Turner,Dallas,Turner,LB,OLB,MIN,15,ACT,Active,2,Alabama,"https://static.www.nfl.com/image/upload/f_auto,q_auto/league/k9buimhpd1q6la5pdxs3",2026
,00-0039925,,,,,Amarius Mims,Amarius,Mims,OL,T,CIN,71,ACT,Active,2,Georgia,"https://static.www.nfl.com/image/upload/f_auto,q_auto/league/lsyds0sc3ak7atlopauh",2026
,00-0039926,,,,,Jalen Sundell,Jalen,Sundell,OL,C,SEA,61,ACT,Active,2,North Dakota State,"https://static.www.nfl.com/image/upload/f_auto,q_auto/league/egojfsvdjkcu1tabsxbt",2026
,00-0039930,,,,,Travis Clayton,Travis,Clayton,DL,DT,BUF,67,DEV,Practice Squad,2,,"https://static.www.nfl.com/image/upload/f_auto,q_auto/league/kq4lpqi59mjywh5mfmwo",2026
,00-0039931,,,,,Julius Welschof,Julius,Welschof,LB,OLB,PIT,45,DEV,Practice Squad,2,Charlotte,"https://static.www.nfl.com/image/upload/f_auto,q_auto/league/lf5uheuobwt4ysekvqvk",2026
,00-0039932,,,,,Laekin Vakalahi,Laekin,Vakalahi,OL,T,LAC,78,DEV,Practice Squad,2,,"https://static.www.nfl.com/image/upload/f_auto,q_auto/league/z1maog4gsfzgtg69tgur",2026
,00-0039936,,,,,Thomas Yassmin,Thomas,Yassmin,TE,TE,GB,84,RES,Reserve/IR,2,Utah,"https://static.www.nfl.com/image/upload/f_auto,q_auto/league/dojmdkrk14lr14g8wr3o",2026
,00-0039938,,,,,David Olajiga,David,Olajiga,DL,DT,BAL,65,DEV,Practice Squad,2,Central Missouri; Butler County JC,"https://static.www.nfl.com/image/upload/f_auto,q_auto/league/zwa1ogmpfp7zvaaam4db",2026
4685984,00-0039944,12436,SherJa01,,18428,Jamie Sheriff,Jamie,Sheriff,LB,OLB,SEA,50,CUT,Cut,2,South Alabama; Mississippi Gulf Coast CC,"https://static.www.nfl.com/image/upload/f_auto,q_auto/league/f9uictgyzz37rjcnjzkd",2026
,00-0039946,,,,,Kyon Barrs,Kyon,Barrs,DL,DT,CAR,67,CUT,Cut,2,USC,,2026
,00-0039956,,,,,Elliott Brown,Elliott,Brown,LB,OLB,ARI,41,CUT,Cut,2,Virginia,"https://static.www.nfl.com/image/upload/f_auto,q_auto/league/b1ockqswt9tnan2fgiim",2026
,00-0039959,,,,,Tra Fluellen,Tra,Fluellen,DB,SS,GB,48,CUT,Cut,2,Middle Tennessee State,,2026
5277116,00-0040003,12548,KrieLe00,,18774,Lenny Krieg,Lenny,Krieg,K,K,GB,11,DEV,Practice Squad,1,,"https://static.www.nfl.com/image/upload/f_auto,q_auto/league/gxhpy5ntqhgmcwwzn9do",2026
5278092,00-0040004,,MaguTJ00,,18775,T.J. Maguranyanga,Thabani,Maguranyanga,LB,OLB,WAS,59,RES,Reserve/IR,1,,"https://static.www.nfl.com/image/upload/f_auto,q_auto/league/gzwkqtfyk6wukjkpil64",2026
,00-0040007,,,,,Tyler Booker,Tyler,Booker,OL,G,DAL,52,ACT,Active,1,Alabama,"https://static.www.nfl.com/image/upload/f_auto,q_auto/league/rcqpeq8ahdoqt1xejjjp",2026
5095865,00-0040008,12559,ReveSh00,,18580,Shavon Revel Jr.,Shavon,Revel,DB,CB,DAL,28,ACT,Active,1,East Carolina; Louisburg,"https://static.www.nfl.com/image/upload/f_auto,q_auto/league/af84hncoicg65gvvainl",2026
4431487,00-0040009,12482,WillSa01,,18554,Savion Williams,Savion,Williams,WR,WR,GB,83,RES,Reserve/IR,1,TCU,"https://static.www.nfl.com/image/upload/f_auto,q_auto/league/snmedlu4ra62snufe1qg",2026
4683643,00-0040010,12644,SorrBa00,,18666,Barryn Sorrell,Barryn,Sorrell,LB,OLB,GB,99,ACT,Active,1,Texas,"https://static.www.nfl.com/image/upload/f_auto,q_auto/league/gemsbocowxpzwb9mkv1y",2026
4685400,00-0040011,12614,JameSh00,,18731,Shemar James,Shemar,James,LB,MLB,DAL,50,ACT,Active,1,Florida,"https://static.www.nfl.com/image/upload/f_auto,q_auto/league/bpuq0wagps3hcsl0clff",2026
4683059,00-0040012,12669,OlivCo00,,18672,Collin Oliver,Collin,Oliver,LB,OLB,GB,45,RES,Reserve/IR,1,Oklahoma State,"https://static.www.nfl.com/image/upload/f_auto,q_auto/league/x4fwy10q9nxoupf37ggz",2026
4431573,00-0040013,12667,MondSm01,,18721,Smael Mondon Jr.,Smael,Mondon,LB,ILB,PHI,42,ACT,Active,1,Georgia,"https://static.www.nfl.com/image/upload/f_auto,q_auto/league/tbyyduioarpumchzmfdj",2026
4433971,00-0040014,12494,McCoKy00,,18498,Kyle McCord,Kyle,McCord,QB,QB,MIA,14,ACT,Active,1,Syracuse; Ohio State,"https://static.www.nfl.com/image/upload/f_auto,q_auto/league/smdh2mmu457aammcblth",2026
,00-0040015,,,,,Myles Hinton,Myles,Hinton,OL,T,CIN,77,ACT,Active,1,Michigan; Stanford,"https://static.www.nfl.com/image/upload/f_auto,q_auto/league/ezvt74uuqfngggrsijvu",2026
4429136,00-0040016,12704,BrinWa00,,18694,Warren Brinson,Warren,Brinson,DL,DT,GB,91,ACT,Active,1,Georgia,"https://static.www.nfl.com/image/upload/f_auto,q_auto/league/lv56fxgmoabt9ecuu8eb",2026
,00-0040017,,,,,Ajani Cornelius,Ajani,Cornelius,OL,T,DAL,65,ACT,Active,1,Oregon; Rhode Island,"https://static.www.nfl.com/image/upload/f_auto,q_auto/league/jpuz6yezpw3gg6asmvgh",2026
4429009,00-0040018,12697,PoweAn00,,18671,Antwaun Powell-Ryland,Antwuan,Powell-Ryland,DL,DE,CIN,56,CUT,Cut,1,Virginia Tech; Florida,"https://static.www.nfl.com/image/upload/f_auto,q_auto/league/w71055cng5ocmvj96lr8",2026
4431603,00-0040019,12737,ToiaJa00,,18710,Jay Toia,Jay,Toia,DL,DT,DAL,93,CUT,Cut,1,UCLA; USC,"https://static.www.nfl.com/image/upload/f_auto,q_auto/league/wxmtornm7a5tavuw4rfk",2026
4695280,00-0040020,12730,RobiMi01,,18821,Micah Robinson,Micah,Robinson,DB,CB,TEN,21,ACT,Active,1,Tulane,"https://static.www.nfl.com/image/upload/f_auto,q_auto/league/dxjhrwbtwvdqfqc3kecf",2026
4431562,00-0040021,12738,MafaPh00,,18531,Phil Mafah,Phil,Mafah,RB,RB,DAL,37,CUT,Cut,1,Clemson,"https://static.www.nfl.com/image/upload/f_auto,q_auto/league/r91conel40ilon72blzb",2026
4683450,00-0040022,12739,AkinTo00,,18713,Tommy Akingbesote,Tommy,Akingbesote,DL,DT,JAX,74,CUT,Cut,1,Maryland,"https://static.www.nfl.com/image/upload/f_auto,q_auto/league/waesn6rqjex6oa1v5nl1",2026
,00-0040023,,,,,John Williams,John,Williams,OL,G,GB,73,ACT,Active,1,Cincinnati,"https://static.www.nfl.com/image/upload/f_auto,q_auto/league/s7uyk7rapujxri5eet9e",2026
4715355,00-0040024,13150,CoopDa01,,18958,Darius Cooper,Darius,Cooper,WR,WR,PHI,80,ACT,Active,1,Tarleton State,"https://static.www.nfl.com/image/upload/f_auto,q_auto/league/pe71oe4eoyyfnq80fkxc",2026
,00-0040026,,,,,Maxen Hook,Maxen,Hook,DB,FS,SEA,43,DEV,Practice Squad,1,Toledo,"https://static.www.nfl.com/image/upload/f_auto,q_auto/league/jsp0hmkbpzpc5emdgfgf",2026
4709980,00-0040033,,BaldJo01,,18975,Johnathan Baldwin,Johnathan,Baldwin,DB,FS,GB,37,RES,Reserve/IR,1,UNLV,"https://static.www.nfl.com/image/upload/f_auto,q_auto/league/us9ui2rbj5t4wr3wgyin",2026
,00-0040034,,,,,Brant Banks,Brant,Banks,OL,T,GB,72,CUT,Cut,1,Rice,"https://static.www.nfl.com/image/upload/f_auto,q_auto/league/fgyysqdckajohxo82d6w",2026
4569680,00-0040037,,DumaJa00,,18737,Jamon Johnson,Jamon,Johnson,LB,ILB,BAL,47,CUT,Cut,1,Kentucky; Georgia,,2026
4878878,00-0040039,12928,JohnAm00,,18949,Amar Johnson,Amar,Johnson,RB,RB,LAC,35,DEV,Practice Squad,1,South Dakota State,"https://static.www.nfl.com/image/upload/f_auto,q_auto/league/qw1s7luuaia2f08p19aq",2026
4429142,00-0040041,12927,StacNa00,,17815,Nazir Stackhouse,Nazir,Stackhouse,DL,DT,TEN,93,ACT,Active,1,Georgia,"https://static.www.nfl.com/image/upload/f_auto,q_auto/league/vokytmju8zhlte70ss9a",2026
4429249,00-0040043,12853,BarrJu00,,18982,Justin Barron,Justin,Barron,LB,ILB,DAL,45,DEV,Practice Squad,1,Syracuse,"https://static.www.nfl.com/image/upload/f_auto,q_auto/league/lnrgjwbxfkbfgsgtsgta",2026
4685841,00-0040044,,ChilZi00,,18807,Zion Childress,Zion,Childress,DB,FS,CAR,32,DEV,Practice Squad,1,Kentucky; Texas State-San Marcos,"https://static.www.nfl.com/image/upload/f_auto,q_auto/league/rfj8pmex9tjxqayn0maz",2026
4595352,00-0040045,12855,ClarAl01,,18638,Alijah Clark,Alijah,Clark,DB,FS,DAL,38,ACT,Active,1,Syracuse; Rutgers,"https://static.www.nfl.com/image/upload/f_auto,q_auto/league/sr5sjigohu5fufu4yxm7",2026
,00-0040046,,,,,Rivaldo Fairweather,Rivaldo,Fairweather,TE,TE,ARI,45,CUT,Cut,1,Auburn; Florida International,"https://static.www.nfl.com/image/upload/f_auto,q_auto/league/dlfhb5iydthvgpx1jhfv",2026
,00-0040049,,,,,Josh Kelly,Joshua,Kelly,WR,WR,HOU,85,DEV,Practice Squad,1,Texas Tech; Washington State; Fresno State,"https://static.www.nfl.com/image/upload/f_auto,q_auto/league/wkhsgcxyw5v9dtaqycui",2026
,00-0040054,,,,,Seth Coleman-Lyles,Seth,Coleman,DL,DE,MIA,90,CUT,Cut,1,Illinois,"https://static.www.nfl.com/image/upload/f_auto,q_auto/league/ab8tuoqehvauffbkqmuc",2026
,00-0040055,,,,,Jalan Gaines,Jalan,Gaines,DL,DE,SEA,47,CUT,Cut,1,,"https://static.www.nfl.com/image/upload/f_auto,q_auto/league/lfkr6bkvrdgfyhdvbbon",2026
4605478,00-0040056,13048,IveyJa00,,18673,Jared Ivey,Jared,Ivey,DL,DT,ATL,51,ACT,Active,1,Mississippi; Georgia Tech,"https://static.www.nfl.com/image/upload/f_auto,q_auto/league/rliaugoupzvspm3vdtcp",2026
4569547,00-0040058,13151,KallNi00,,18968,Nick Kallerup,Nick,Kallerup,TE,TE,SEA,89,ACT,Active,1,Minnesota,"https://static.www.nfl.com/image/upload/f_auto,q_auto/league/eetx8ba2ztsmk9wabbzp",2026
,00-0040059,,,,,Amari Kight,Amari,Kight,OL,T,SEA,79,RES,Reserve/IR,1,UCF; Alabama,"https://static.www.nfl.com/image/upload/f_auto,q_auto/league/sfygfpa3uvxcmq8x2u9u",2026
,00-0040060,,,,,Marshall Lang,Marshall,Lang,TE,TE,MIN,81,CUT,Cut,1,Northwestern,"https://static.www.nfl.com/image/upload/f_auto,q_auto/league/eavb7c8qiuvtsqv3qrwe",2026
4605491,00-0040061,,OTooCo00,,18971,Connor O'Toole,Connor,O'Toole,LB,OLB,SEA,57,ACT,Active,1,Utah,"https://static.www.nfl.com/image/upload/f_auto,q_auto/league/fvrgej9ifncdq5ywexos",2026
,00-0040063,,,,,J.R. Singleton,J.R.,Singleton,DL,DE,SEA,70,CUT,Cut,1,Iowa State,"https://static.www.nfl.com/image/upload/f_auto,q_auto/league/xj6kwzkuejml3io1x4qe",2026
,00-0040064,,,,,Wy'Kevious Thomas,Wy'Kevious,Thomas,DL,NT,SEA,69,CUT,Cut,1,South Alabama,"https://static.www.nfl.com/image/upload/f_auto,q_auto/league/oze4dwftg5cerptvolzb",2026
,00-0040065,,,,,Isas Waxter,Isas,Waxter,DB,CB,LAC,37,CUT,Cut,1,Villanova,"https://static.www.nfl.com/image/upload/f_auto,q_auto/league/t95edoropxwx1zlmwt9m",2026
4685637,00-0040066,,WoodJa02,,18726,Jackson Woodard,Jackson,Woodard,LB,MLB,MIA,42,ACT,Active,1,UNLV; Arkansas,"https://static.www.nfl.com/image/upload/f_auto,q_auto/league/az85ciifheyqiga3yqot",2026
4428943,00-0040067,13047,WrigJa05,,18864,Jacardia Wright,Jacardia,Wright,RB,RB,SEA,31,DEV,Practice Squad,1,Missouri State; Kansas State,"https://static.www.nfl.com/image/upload/f_auto,q_auto/league/tp3d97gujpw7fkvn7gno",2026
,00-0040068,,,,,Emery Jones Jr.,Emery,Jones,OL,G,BAL,51,ACT,Active,1,LSU,"https://static.www.nfl.com/image/upload/f_auto,q_auto/league/bteu559usxxvvs2duvvv",2026
4698244,00-0040069,12640,BuchTe00,,18734,Teddye Buchanan,Teddye,Buchanan,LB,ILB,BAL,40,ACT,Active,1,California,"https://static.www.nfl.com/image/upload/f_auto,q_auto/league/ktowwliocunqxlxfznev",2026
,00-0040070,,,,,Carson Vinson,Carson,Vinson,OL,T,BAL,76,ACT,Active,1,Alabama A&M,"https://static.www.nfl.com/image/upload/f_auto,q_auto/league/lycewx6oqwpazl948vn7",2026
4689651,00-0040071,12678,McWiMa01,,18604,Mac McWilliams,Mac,McWilliams,DB,CB,PHI,22,ACT,Active,1,UCF; UAB,"https://static.www.nfl.com/image/upload/f_auto,q_auto/league/jhw6ibfy1x4ahomjbg3q",2026
4602389,00-0040072,12672,BassJe00,,18725,Jeffrey Bassa,Jeffrey,Bassa,LB,OLB,KC,31,ACT,Active,1,Oregon,"https://static.www.nfl.com/image/upload/f_auto,q_auto/league/tckcuuegqdkzkglz6ywg",2026
5083656,00-0040073,12714,KoneBi00,,18595,Bilhal Kone,Bilhal,Kone,DB,CB,BAL,31,RES,Reserve/IR,1,Western Michigan; Iowa Central CC-Eagle Grove,"https://static.www.nfl.com/image/upload/f_auto,q_auto/league/jvaonihwki5f94bdzmwa",2026
4697745,00-0040074,12711,LoopTy00,,18742,Tyler Loop,Steven,Loop,K,K,BAL,33,ACT,Active,1,Arizona,"https://static.www.nfl.com/image/upload/f_auto,q_auto/league/kbwixtntqevptepedhll",2026
4690143,00-0040075,12699,WestLa01,,18567,LaJohntay Wester,LaJohntay,Wester,WR,WR,BAL,10,ACT,Active,1,Colorado; Florida Atlantic,"https://static.www.nfl.com/image/upload/f_auto,q_auto/league/t6cyhtqoihm88xppswud",2026
4565311,00-0040076,12696,PeebAe00,,18700,Aeneas Peebles,Aeneas,Peebles,DL,DT,BAL,90,ACT,Active,1,Virginia Tech; Duke,"https://static.www.nfl.com/image/upload/f_auto,q_auto/league/pzcjpjjrkwtkbp60ti5k",2026
4575860,00-0040077,12695,LongRo00,,18612,Robert Longerbeam,Robert,Longerbeam,DB,CB,PHI,37,DEV,Practice Squad,1,Rutgers,"https://static.www.nfl.com/image/upload/f_auto,q_auto/league/trntqnyxey3vjzredean",2026
4596602,00-0040078,12455,SmitBr09,,18529,Brashard Smith,Brashard,Smith,RB,RB,KC,24,ACT,Active,1,SMU; Miami,"https://static.www.nfl.com/image/upload/f_auto,q_auto/league/xnf4x6b9a2yunsc0gaej",2026
,00-0040079,,,,,Garrett Dellinger,Garrett,Dellinger,OL,G,TEN,71,ACT,Active,1,LSU,"https://static.www.nfl.com/image/upload/f_auto,q_auto/league/yvxpchw3k1rzu0jq5575",2026
4431196,00-0040081,12817,BrinJa00,,18542,Jake Briningstool,Jake,Briningstool,TE,TE,KC,88,ACT,Active,1,Clemson,"https://static.www.nfl.com/image/upload/f_auto,q_auto/league/q7n84oth87v1glz5a5sz",2026
,00-0040083,,,,,Dalton Cooper,Dalton,Cooper,OL,T,GB,78,DEV,Practice Squad,1,Oklahoma State; Texas State-San Marcos,"https://static.www.nfl.com/image/upload/f_auto,q_auto/league/d0yblqhzbyrtbs2ikplp",2026
,00-0040087,,,,,Brandon George,Cornelius,George,LB,MLB,PHI,45,CUT,Cut,1,Pittsburgh,"https://static.www.nfl.com/image/upload/f_auto,q_auto/league/kxesbzvttthbd29wuu3m",2026
,00-0040088,,,,,Coziah Izzard,Coziah,Izzard,DL,DT,CLE,68,CUT,Cut,1,Penn State,"https://static.www.nfl.com/image/upload/f_auto,q_auto/league/bpi5f2bncw2wnhndpamu",2026
4602648,00-0040089,,KnowKe00,,19003,Kevin Knowles,Kevin,Knowles,DB,SS,TB,38,ACT,Active,1,Florida State,"https://static.www.nfl.com/image/upload/f_auto,q_auto/league/xkgx12iv1iqeygpifh9l",2026
,00-0040092,,,,,Esa Pole,Christopher,Pole,OL,T,WAS,79,DEV,Practice Squad,1,Washington State; Chabot College,"https://static.www.nfl.com/image/upload/f_auto,q_auto/league/yn1ylypuzoeo3scc4n5o",2026
,00-0040093,,,,,Melvin Smith Jr.,Melvin,Smith,DB,CB,TEN,39,ACT,Active,1,Southern Arkansas,"https://static.www.nfl.com/image/upload/f_auto,q_auto/league/ks6nnexhp5jftsjlt1ah",2026
,00-0040094,,,,,Tre Watson,Tre,Watson,TE,TE,MIA,87,DEV,Practice Squad,1,Texas A&M; Fresno State,"https://static.www.nfl.com/image/upload/f_auto,q_auto/league/ugdci6mdpfinji42u1om",2026
,00-0040098,,,,,Gerad Lichtenhan,Gerad,Christian-Lichtenhan,OL,T,BAL,78,DEV,Practice Squad,1,Oregon State,"https://static.www.nfl.com/image/upload/f_auto,q_auto/league/xyfozfelcvupcc1uu06u",2026
,00-0040099,,,,,Xavier Guillory,Xavier,Guillory,WR,WR,BAL,16,DEV,Practice Squad,1,Arizona State; Idaho State,"https://static.www.nfl.com/image/upload/f_auto,q_auto/league/p9cbbzkdpk6nrhamjntb",2026
4565350,00-0040100,13024,HiggJa01,,18732,Jay Higgins,Jay,Higgins,LB,MLB,BAL,49,ACT,Active,1,Iowa,"https://static.www.nfl.com/image/upload/f_auto,q_auto/league/zsbevehh3h4bsqiyga5q",2026
,00-0040101,,,,,Reid Holskey,Reid,Holskey,OL,G,IND,65,DEV,Practice Squad,1,Miami (Ohio),"https://static.www.nfl.com/image/upload/f_auto,q_auto/league/vageavd8s8byl8vzpfzx",2026
4878287,00-0040104,,JackKe03,,18806,Keondre Jackson,Keondre,Jackson,DB,FS,BAL,39,ACT,Active,1,Illinois State,"https://static.www.nfl.com/image/upload/f_auto,q_auto/league/nseq4vwhoakwfp7ytpp0",2026
,00-0040105,,,,,Jayson Jones,Jayson,Jones,DL,DT,TB,93,DEV,Practice Squad,1,Auburn; Oregon,"https://static.www.nfl.com/image/upload/f_auto,q_auto/league/i5gbqapwffbs1dez8ami",2026
4692970,00-0040106,,LoweRe00,,18992,Reuben Lowery,Reuben,Lowery,DB,FS,IND,36,RET,Retired,1,Tennessee-Chattanooga,"https://static.www.nfl.com/image/upload/f_auto,q_auto/league/izccmtei81rlnzdahwgb",2026
4695086,00-0040108,,MartCh02,,18993,Chandler Martin,Chandler,Martin,LB,ILB,NYG,55,DEV,Practice Squad,1,Memphis; East Tennessee State,"https://static.www.nfl.com/image/upload/f_auto,q_auto/league/po0lpcvyloyque4kmnjy",2026
,00-0040112,,,,,Marquise Robinson,Marquise,Robinson,DB,CB,BAL,28,CUT,Cut,1,Arkansas; South Alabama,"https://static.www.nfl.com/image/upload/f_auto,q_auto/league/cf3dpp4joq3qzbnkb7ku",2026
,00-0040116,,,,,Josh Simmons,Joshua,Simmons,OL,T,KC,71,ACT,Active,1,Ohio State; San Diego State,"https://static.www.nfl.com/image/upload/f_auto,q_auto/league/r2dq0mc7dzhf0spg9iw6",2026
4567826,00-0040118,13174,McDoCo01,,19009,Cooper McDonald,Cooper,McDonald,LB,MLB,KC,44,ACT,Active,1,TCU; San Diego State,"https://static.www.nfl.com/image/upload/f_auto,q_auto/league/uuogsrg8u8cewevs0fxi",2026
,00-0040120,,,,,Jimmy Holiday,Jimmy,Holiday,WR,WR,KC,82,RES,Reserve/IR,1,Louisiana Tech; Western Kentucky; Tennessee,"https://static.www.nfl.com/image/upload/f_auto,q_auto/league/yk1s0zu3wukxx2plsfpd",2026
4890973,00-0040122,12527,JeanAs00,,18487,Ashton Jeanty,Ashton,Jeanty,RB,RB,LV,2,ACT,Active,1,Boise State,"https://static.www.nfl.com/image/upload/f_auto,q_auto/league/syspis1mntov9kgspb7r",2026
,00-0040123,,,,,Armand Membou,Armand,Membou,OL,T,NYJ,70,ACT,Active,1,Missouri,"https://static.www.nfl.com/image/upload/f_auto,q_auto/league/jpsi4xluqav1acigaou5",2026
4685472,00-0040124,12526,McMiTe00,,18547,Tetairoa McMillan,Tetairoa,McMillan,WR,WR,CAR,4,ACT,Active,1,Arizona,"https://static.www.nfl.com/image/upload/f_auto,q_auto/league/gilgvjemumd6kpc9eiku",2026
,00-0040125,,,,,Kelvin Banks Jr.,Kelvin,Banks,OL,T,NO,71,ACT,Active,1,Texas,"https://static.www.nfl.com/image/upload/f_auto,q_auto/league/pwjfoqwm1af7cjkw7pnr",2026
4723086,00-0040126,12517,LoveCo00,,18460,Colston Loveland,Colston,Loveland,TE,TE,CHI,84,ACT,Active,1,Michigan,"https://static.www.nfl.com/image/upload/f_auto,q_auto/league/cnxiyi76jeahgx94nh6d",2026
4894654,00-0040127,12564,GranKe01,,18583,Kenneth Grant,Kenneth,Grant,DL,DT,MIA,78,RES,Reserve/IR,1,Michigan,"https://static.www.nfl.com/image/upload/f_auto,q_auto/league/toglmqxy3ymqzkcef11y",2026
4431459,00-0040128,12518,WarrTy00,,18534,Tyler Warren,Tyler,Warren,TE,TE,IND,84,ACT,Active,1,Penn State,"https://static.www.nfl.com/image/upload/f_auto,q_auto/league/f1mfwwrr3qvnxuiackgq",2026
4567750,00-0040129,12514,EgbuEm01,,18549,Emeka Egbuka,Emeka,Egbuka,WR,WR,TB,2,ACT,Active,1,Ohio State,"https://static.www.nfl.com/image/upload/f_auto,q_auto/league/z224kbzs62rjuykc0vha",2026
4877706,00-0040130,12484,HiggJa00,,18551,Jayden Higgins,Jayden,Higgins,WR,WR,HOU,81,RES,Reserve/IR,1,Iowa State; Eastern Kentucky,"https://static.www.nfl.com/image/upload/f_auto,q_auto/league/s3zuo0ysm9ncxr9o4420",2026
4613202,00-0040131,12547,WillKy03,,19126,Kyle Williams,Kyle,Williams,WR,WR,NE,18,ACT,Active,1,Washington State,"https://static.www.nfl.com/image/upload/f_auto,q_auto/league/xkicyhizq6sm86wr5osk",2026
4432715,00-0040132,12580,JackLa03,,18663,Landon Jackson,Landon,Jackson,DL,DE,BUF,94,ACT,Active,1,Arkansas; LSU,"https://static.www.nfl.com/image/upload/f_auto,q_auto/league/q388glnv5me6fniielsz",2026
4685596,00-0040133,12601,ThomAz00,,18585,Azareye'h Thomas,Azareye'h,Thomas,DB,CB,NYJ,1,ACT,Active,1,Florida State,"https://static.www.nfl.com/image/upload/f_auto,q_auto/league/yects9qe1kkzkmiunvok",2026
4600981,00-0040134,12492,BryaPa00,,18562,Pat Bryant,Patrick,Bryant,WR,WR,DEN,13,ACT,Active,1,Illinois,"https://static.www.nfl.com/image/upload/f_auto,q_auto/league/n91hznzkfpftxhqt1qd9",2026
4573188,00-0040135,12630,MartNi01,,18730,Nick Martin,Nickolas,Martin,LB,OLB,SF,45,RES,Reserve/IR,1,Oklahoma State,"https://static.www.nfl.com/image/upload/f_auto,q_auto/league/znqnmy0xdk331ma8h7xa",2026
4429166,00-0040136,12610,UmanPr00,,18492,Princely Umanmielen,Princely,Umanmielen,LB,OLB,CAR,3,ACT,Active,1,Mississippi; Florida,"https://static.www.nfl.com/image/upload/f_auto,q_auto/league/rqdqyoypjti8cg2weguu",2026
4428996,00-0040137,12579,BurcJo00,,18664,Jordan Burch,Jordan,Burch,LB,OLB,ARI,52,ACT,Active,1,Oregon; South Carolina,"https://static.www.nfl.com/image/upload/f_auto,q_auto/league/e1l9bvbtlmy2ea7izknj",2026
4586312,00-0040138,12536,NoelJa00,,18555,Jaylin Noel,Jaylin,Noel,WR,WR,HOU,13,ACT,Active,1,Iowa State,"https://static.www.nfl.com/image/upload/f_auto,q_auto/league/ehlm8w4afdqoisx1e6as",2026
4682909,00-0040139,12625,WallJu00,,18606,Justin Walley,Justin,Walley,DB,CB,IND,27,ACT,Active,1,Minnesota,"https://static.www.nfl.com/image/upload/f_auto,q_auto/league/ytqmfgiex6eiihbhhh1y",2026
,00-0040140,,,,,Dylan Fairchild,Dylan,Fairchild,OL,G,CIN,63,ACT,Active,1,Georgia,"https://static.www.nfl.com/image/upload/f_auto,q_auto/league/yylxaud9iqwbaxof1agr",2026
4685617,00-0040141,12588,WinsKe02,,18620,Kevin Winston Jr.,Kevin,Winston,DB,SS,TEN,23,ACT,Active,1,Penn State,"https://static.www.nfl.com/image/upload/f_auto,q_auto/league/zeai9xuvlquhwkzztbua",2026
4819231,00-0040142,12504,JohnKa03,,18515,Kaleb Johnson,Kaleb,Johnson,RB,RB,GB,20,ACT,Active,1,Iowa,"https://static.www.nfl.com/image/upload/f_auto,q_auto/league/zpzc4oobxi8nr5dyonob",2026
4912847,00-0040143,12605,ParrJa01,,18591,Jacob Parrish,Jacob,Parrish,DB,CB,TB,25,ACT,Active,1,Kansas State,"https://static.www.nfl.com/image/upload/f_auto,q_auto/league/xspc6ojezhpflx0jorx4",2026
5089178,00-0040144,12620,CaldJa00,,18692,Jamaree Caldwell,Jamaree,Caldwell,DL,DT,LAC,99,ACT,Active,1,Oregon; Houston; Independence Comm. College,"https://static.www.nfl.com/image/upload/f_auto,q_auto/league/o6zilnte5jibvs84wshv",2026
4683347,00-0040145,12632,RansCa00,,18597,Caleb Ransaw,Caleb,Ransaw,DB,FS,JAX,27,ACT,Active,1,Tulane; Troy,"https://static.www.nfl.com/image/upload/f_auto,q_auto/league/mbumdzljtupecctayylo",2026
,00-0040146,,,,,Wyatt Milum,Wyatt,Milum,OL,G,JAX,64,ACT,Active,1,West Virginia,"https://static.www.nfl.com/image/upload/f_auto,q_auto/league/g2oqodrisukyvsy0ktdq",2026
,00-0040147,,,,,Jared Wilson,Jared,Wilson,OL,C,NE,55,ACT,Active,1,Georgia,"https://static.www.nfl.com/image/upload/f_auto,q_auto/league/da4grsbnhp3i0pdon8ym",2026
4431005,00-0040148,12591,WattXa00,,18616,Xavier Watts,Xavier,Watts,DB,FS,ATL,31,ACT,Active,1,Notre Dame,"https://static.www.nfl.com/image/upload/f_auto,q_auto/league/kfq1ekzcnannihp8qatc",2026
4594277,00-0040149,12626,SmitJa11,,18611,Jaylin Smith,Jaylin,Smith,DB,CB,HOU,22,ACT,Active,1,USC,"https://static.www.nfl.com/image/upload/f_auto,q_auto/league/pm4jhvtvmy4uvtcuxzpj",2026
,00-0040150,,,,,Caleb Rogers,Caleb,Rogers,OL,G,LV,76,ACT,Active,1,Texas Tech,"https://static.www.nfl.com/image/upload/f_auto,q_auto/league/ov3wd6opxyreuuofq5rk",2026
,00-0040151,,,,,Charles Grant,Charles,Grant,OL,T,LV,60,ACT,Active,1,William & Mary,"https://static.www.nfl.com/image/upload/f_auto,q_auto/league/pffkzj4vnk6gwfutt3ck",2026
4565200,00-0040152,12631,StouUp00,,18605,Upton Stout,Upton,Stout,DB,CB,SF,20,ACT,Active,1,Western Kentucky; North Texas,"https://static.www.nfl.com/image/upload/f_auto,q_auto/league/k5fypo0f9ctrs9dfvcyw",2026
4603189,00-0040153,12628,JoneSa01,,18665,Sai'vion Jones,Sai'vion,Jones,DL,DE,DEN,95,ACT,Active,1,LSU,"https://static.www.nfl.com/image/upload/f_auto,q_auto/league/jjgdpeo20czi30cxjza9",2026
4565185,00-0040154,12496,FeltTa00,,18553,Tai Felton,Tai'shar,Felton,WR,WR,MIN,13,ACT,Active,1,Maryland,"https://static.www.nfl.com/image/upload/f_auto,q_auto/league/pyritorbaz2enqayclln",2026
4683215,00-0040155,12650,StutDa00,,18722,Danny Stutsman,Danny,Stutsman,LB,ILB,NO,28,ACT,Active,1,Oklahoma,"https://static.www.nfl.com/image/upload/f_auto,q_auto/league/zgjiw9cotus8gjlvspx2",2026
4431194,00-0040156,12647,BowmBi01,,18618,Billy Bowman Jr.,Billy,Bowman,DB,CB,ATL,33,ACT,Active,1,Oklahoma,"https://static.www.nfl.com/image/upload/f_auto,q_auto/league/mbkdinv8urtidys4hfwe",2026
4431519,00-0040157,12646,CartBa00,,18720,Barrett Carter,Barrett,Carter,LB,ILB,CIN,49,ACT,Active,1,Clemson,"https://static.www.nfl.com/image/upload/f_auto,q_auto/league/jdzoxrmno9l5qytgz0iv",2026
5085355,00-0040158,12645,WalkDa03,,18670,David Walker,David,Walker,LB,OLB,TB,51,ACT,Active,1,Central Arkansas; Southern Arkansas,"https://static.www.nfl.com/image/upload/f_auto,q_auto/league/g5t4jmcamq69jxzgywc4",2026
4429110,00-0040159,12611,RansLa00,,18625,Lathan Ransom,Lathan,Ransom,DB,SS,CAR,22,ACT,Active,1,Ohio State,"https://static.www.nfl.com/image/upload/f_auto,q_auto/league/gg0ztjfsso4y7yx4fxfb",2026
4431590,00-0040160,12593,SawyJa00,,18659,Jack Sawyer,Jack,Sawyer,LB,OLB,PIT,33,ACT,Active,1,Ohio State,"https://static.www.nfl.com/image/upload/f_auto,q_auto/league/bsfaucfu7cawckhpr73k",2026
4432333,00-0040161,12643,KennKy00,,18668,Kyle Kennard,Kyle,Kennard,LB,OLB,LAC,54,RES,Reserve/IR,1,South Carolina,"https://static.www.nfl.com/image/upload/f_auto,q_auto/league/enodzm0fwoad2afpbuns",2026
5081397,00-0040162,12469,SampDy00,,18467,Dylan Sampson,Dylan,Sampson,RB,RB,CLE,22,ACT,Active,1,Tennessee,"https://static.www.nfl.com/image/upload/f_auto,q_auto/league/den1hzzomdxfcsgk88o5",2026
,00-0040163,,,,,Jalen Travis,Jalen,Travis,OL,T,IND,75,ACT,Active,1,Iowa State; Princeton,"https://static.www.nfl.com/image/upload/f_auto,q_auto/league/lamodmrvaqz9i3kpct0b",2026
4602667,00-0040164,12641,LaneJa00,,18643,Jaylin Lane,Jaylin,Lane,WR,WR,WAS,83,ACT,Active,1,Virginia Tech; Middle Tennessee State,"https://static.www.nfl.com/image/upload/f_auto,q_auto/league/fa5ufxqxs3hzioih3cfb",2026
4692024,00-0040165,12639,MoorMa04,,18631,Malachi Moore,Malachi,Moore,DB,FS,NYJ,27,ACT,Active,1,Alabama,"https://static.www.nfl.com/image/upload/f_auto,q_auto/league/ftgqzch3vvsodlhud39f",2026
4428350,00-0040166,12638,RileQu00,,18600,Quincy Riley,Quincy,Riley,DB,CB,NO,29,ACT,Active,1,Louisville; Middle Tennessee State,"https://static.www.nfl.com/image/upload/f_auto,q_auto/league/q4qlahpfgvbren4xt0pj",2026
4429970,00-0040167,12637,HyppRu00,,18814,Ruben Hyppolite II,Ruben,Hyppolite,LB,OLB,CHI,47,RES,Reserve/IR,1,Maryland,"https://static.www.nfl.com/image/upload/f_auto,q_auto/league/vnw1vo7so5m4xfhhckc4",2026
4692048,00-0040168,12636,RobiQu00,,18676,Que Robinson,Quandarrius,Robinson,LB,OLB,DEN,51,ACT,Active,1,Alabama,"https://static.www.nfl.com/image/upload/f_auto,q_auto/league/quvadleyknwh31c7acza",2026
4429109,00-0040169,12635,HemiTo00,,18704,Tonka Hemingway,Tonka,Hemingway,DL,DT,LV,97,ACT,Active,1,South Carolina,"https://static.www.nfl.com/image/upload/f_auto,q_auto/league/naoeqgrcfxdgtdrimc6v",2026
4883647,00-0040170,12499,AyomEl00,,18552,Elic Ayomanor,Elic,Ayomanor,WR,WR,TEN,5,ACT,Active,1,Stanford,"https://static.www.nfl.com/image/upload/f_auto,q_auto/league/jjmscqt6v4ecasveugoh",2026
4611993,00-0040171,12587,FarmJo00,,18695,Joshua Farmer,Joshua,Farmer,DL,DT,NE,92,ACT,Active,1,Florida State,"https://static.www.nfl.com/image/upload/f_auto,q_auto/league/euamsvbjrgz3i0difj1b",2026
4431466,00-0040172,12634,WatkJo00,,18647,Jordan Watkins,Jordan,Watkins,WR,WR,SF,17,ACT,Active,1,Mississippi; Louisville,"https://static.www.nfl.com/image/upload/f_auto,q_auto/league/agcwewjrj4dfssqkzksp",2026
4629149,00-0040173,12683,IngrTy00,,18693,Tyrion Ingram-Dawkins,Tyrion,Ingram-Dawkins,DL,DE,MIN,90,ACT,Active,1,Georgia,"https://static.www.nfl.com/image/upload/f_auto,q_auto/league/lkpgbo1ftwfrp18wrbxv",2026
4687513,00-0040174,12682,JackCa01,,18686,Cam Jackson,Cam'Ron,Jackson,DL,DT,CAR,99,ACT,Active,1,Florida; Memphis,"https://static.www.nfl.com/image/upload/f_auto,q_auto/league/qqviwensjskqpgt7fufm",2026
4837188,00-0040175,12679,PhilJo02,,18707,Jordan Phillips,Jordan,Phillips,DL,DT,MIA,94,ACT,Active,1,Maryland; Tennessee,"https://static.www.nfl.com/image/upload/f_auto,q_auto/league/mhntqo1e1uxl8uhqzqrk",2026
4431424,00-0040176,12677,SwinBr01,,18660,Bradyn Swinson,Bradyn,Swinson,LB,OLB,PIT,43,DEV,Practice Squad,1,LSU; Oregon,"https://static.www.nfl.com/image/upload/f_auto,q_auto/league/p1o2oozwlyzyuaomskb9",2026
4685397,00-0040177,12467,JameJo01,,18485,Jordan James,Jordan,James,RB,RB,SF,29,ACT,Active,1,Oregon,"https://static.www.nfl.com/image/upload/f_auto,q_auto/league/un9cfqnwdzugrcy8caoh",2026
4432730,00-0040178,12675,MarsJa00,,18614,Jason Marshall Jr.,Jason,Marshall,DB,CB,MIA,33,ACT,Active,1,Florida,"https://static.www.nfl.com/image/upload/f_auto,q_auto/league/chf1ow0awwha9hrcoqxc",2026
4874509,00-0040179,12471,GiddDJ00,,18443,DJ Giddens,David,Giddens,RB,RB,IND,21,ACT,Active,1,Kansas State,"https://static.www.nfl.com/image/upload/f_auto,q_auto/league/y2vrgvb9kbvfpmyb3yzu",2026
,00-0040180,,,,,Jalen Rivers,Jalen,Rivers,OL,G,CIN,74,ACT,Active,1,Miami,"https://static.www.nfl.com/image/upload/f_auto,q_auto/league/nzqljh0uejitqvijarfw",2026
,00-0040181,,,,,Marcus Mbow,Marcus,Mbow,OL,T,NYG,71,ACT,Active,1,Purdue,"https://static.www.nfl.com/image/upload/f_auto,q_auto/league/tcuix9kjptef9xrgpdoz",2026
4431664,00-0040182,12673,TradDa00,,18630,Dante Trader Jr.,Dante,Trader,DB,FS,MIA,11,ACT,Active,1,Maryland,"https://static.www.nfl.com/image/upload/f_auto,q_auto/league/nffbi3a32ngmczzvxcz0",2026
4690795,00-0040183,12671,RobeEl01,,18675,Elijah Roberts,Elijah,Roberts,DL,DE,TB,95,ACT,Active,1,SMU; Miami,"https://static.www.nfl.com/image/upload/f_auto,q_auto/league/konvzhfxyunroyoihh4m",2026
4430870,00-0040184,12670,LambKe01,,18650,KeAndre Lambert-Smith,KeAndre,Lambert-Smith,WR,WR,LAC,84,ACT,Active,1,Auburn; Penn State,"https://static.www.nfl.com/image/upload/f_auto,q_auto/league/xhhzgylwh0ptvpaghnuu",2026
4693337,00-0040185,12668,SiglMa00,,18634,Marques Sigle,Marques,Sigle,DB,SS,SF,36,ACT,Active,1,Kansas State; North Dakota State,"https://static.www.nfl.com/image/upload/f_auto,q_auto/league/cr3ojzklas5uqwc2vbfh",2026
4700136,00-0040186,12666,MauiFr00,,18739,Francisco Mauigoa,Francisco,Mauigoa,LB,ILB,NYJ,51,ACT,Active,1,Miami; Washington State,"https://static.www.nfl.com/image/upload/f_auto,q_auto/league/e9v5ipktxb3yepsq0abj",2026
4683243,00-0040187,12473,EvanMi01,,18545,Mitchell Evans,Mitchell,Evans,TE,TE,CAR,84,ACT,Active,1,Notre Dame,"https://static.www.nfl.com/image/upload/f_auto,q_auto/league/yruhsxdnyfaa7iswn1dp",2026
4430947,00-0040188,12665,BlacYa00,,18706,Yahya Black,Yahya,Black,DL,DT,PIT,94,ACT,Active,1,Iowa,"https://static.www.nfl.com/image/upload/f_auto,q_auto/league/ndy8wevnmpdrin3espb5",2026
4595342,00-0040189,12493,GadsOr01,,18481,Oronde Gadsden II,Oronde,Gadsden,TE,TE,LAC,86,ACT,Active,1,Syracuse,"https://static.www.nfl.com/image/upload/f_auto,q_auto/league/r8b4oghjwhw8x9nv1wbs",2026
,00-0040190,,,,,Jackson Slater,Jackson,Slater,OL,G,TEN,64,ACT,Active,1,Sacramento State,"https://static.www.nfl.com/image/upload/f_auto,q_auto/league/fqex24qmlgvs3yrcyzza",2026
4596480,00-0040192,12661,HancJo00,,18602,Jordan Hancock,Jordan,Hancock,DB,FS,BUF,37,ACT,Active,1,Ohio State,"https://static.www.nfl.com/image/upload/f_auto,q_auto/league/ursfrg83sovz52fo6oeh",2026
,00-0040193,,,,,Miles Frazier,Miles,Frazier,OL,G,DET,71,ACT,Active,1,LSU; Florida International,"https://static.www.nfl.com/image/upload/f_auto,q_auto/league/picu4brr7vqypp3fdxtf",2026
4573699,00-0040194,12658,HaweJa00,,18538,Jackson Hawes,Jackson,Hawes,TE,TE,BUF,85,ACT,Active,1,Georgia Tech; Yale,"https://static.www.nfl.com/image/upload/f_auto,q_auto/league/gl3easmpg7rn6e5siya2",2026
4432668,00-0040195,12657,BurkDe01,,18596,Denzel Burke,Denzel,Burke,DB,CB,ARI,29,ACT,Active,1,Ohio State,"https://static.www.nfl.com/image/upload/f_auto,q_auto/league/ertjghbr5dldlhzml7jh",2026
4692555,00-0040196,12655,BaroTy00,,18491,Tyler Baron,Tyler,Baron,LB,OLB,NYJ,94,RES,Reserve/IR,1,Miami; Tennessee,"https://static.www.nfl.com/image/upload/f_auto,q_auto/league/v9mbzoaeie7jm6jt4gdx",2026
4568703,00-0040197,12687,StroDo01,,18592,Dorian Strong,Dorian,Strong,DB,CB,BUF,43,RES,Reserve/IR,1,Virginia Tech,"https://static.www.nfl.com/image/upload/f_auto,q_auto/league/alxdcy6excheslkfjcfk",2026
4711533,00-0040198,12495,GordOl00,,18450,Ollie Gordon II,Ollie,Gordon,RB,RB,MIA,0,ACT,Active,1,Oklahoma State,"https://static.www.nfl.com/image/upload/f_auto,q_auto/league/bv33rgypaauv7sealwkr",2026
4430896,00-0040199,12689,PeguJJ00,,18687,JJ Pegues,Jeremiah,Pegues,DL,DT,LV,92,ACT,Active,1,Mississippi; Auburn,"https://static.www.nfl.com/image/upload/f_auto,q_auto/league/dvqvxiv0lmy8wyunoztu",2026
4569923,00-0040200,12713,BorrAn00,,18743,Andy Borregales,Andres,Borregales,K,K,NE,36,ACT,Active,1,Miami,"https://static.www.nfl.com/image/upload/f_auto,q_auto/league/x2fxn5qf6zkgmvedjpys",2026
4570469,00-0040201,12712,HarrMa10,,18599,Marcus Harris,Marcus,Harris,DB,CB,TEN,26,ACT,Active,1,California; Idaho; Oregon State,"https://static.www.nfl.com/image/upload/f_auto,q_auto/league/xwb7yigex1r2dne7yelm",2026
4682652,00-0040202,12476,NealDe00,,18521,Devin Neal,Devin,Neal,RB,RB,NO,24,RES,Reserve/IR,1,Kansas,"https://static.www.nfl.com/image/upload/f_auto,q_auto/league/set0xwgpkp0k3bofcpzn",2026
4429955,00-0040203,12511,HowaWi01,,18512,Will Howard,Will,Howard,QB,QB,PIT,18,ACT,Active,1,Ohio State; Kansas State,"https://static.www.nfl.com/image/upload/f_auto,q_auto/league/wzt7xj9ownxfit5igpcd",2026
4432758,00-0040204,12710,ReedJa04,,18633,Jaylen Reed,Jaylen,Reed,DB,SS,NE,26,ACT,Active,1,Penn State,"https://static.www.nfl.com/image/upload/f_auto,q_auto/league/xmnjyui1nzlnovrx54xn",2026
4429121,00-0040205,12516,MullKa00,,18463,Kalel Mullings,Kalel,Mullings,RB,RB,TEN,31,DEV,Practice Squad,1,Michigan,"https://static.www.nfl.com/image/upload/f_auto,q_auto/league/jv2phcl7aihai00wkqgb",2026
4683423,00-0040206,12470,LeonRi02,,18513,Riley Leonard,Riley,Leonard,QB,QB,IND,15,ACT,Active,1,Notre Dame; Duke,"https://static.www.nfl.com/image/upload/f_auto,q_auto/league/okxcrf19ylc0hwfefmwl",2026
4692033,00-0040207,12691,SmitTi02,,17899,Tim Smith,Tim,Smith,DL,DT,IND,93,ACT,Active,1,Alabama,"https://static.www.nfl.com/image/upload/f_auto,q_auto/league/tx60aulznnos1t0ezghe",2026
4429299,00-0040208,12543,BrooTa00,,18519,Tahj Brooks,Tahj,Brooks,RB,RB,CIN,25,ACT,Active,1,Texas Tech,"https://static.www.nfl.com/image/upload/f_auto,q_auto/league/s89clgkij0ytcmrkdydt",2026
4576129,00-0040209,12708,McLeJa00,,18729,Jalen McLeod,Jalen,Mcleod,LB,OLB,JAX,35,DEV,Practice Squad,1,Auburn; Appalachian State,"https://static.www.nfl.com/image/upload/f_auto,q_auto/league/kwm2mbjg8rmeeurzlrrr",2026
,00-0040210,,,,,Luke Newman,Luke,Newman,OL,G,CHI,65,ACT,Active,1,Michigan State; Holy Cross,"https://static.www.nfl.com/image/upload/f_auto,q_auto/league/xlgbkr42buzxzwulzblx",2026
4426335,00-0040211,12705,MertGr00,,18653,Graham Mertz,Graham,Mertz,QB,QB,HOU,18,RES,Reserve/IR,1,Florida; Wisconsin,"https://static.www.nfl.com/image/upload/f_auto,q_auto/league/v5l7nuj0z669orqxga16",2026
,00-0040212,,,,,Branson Taylor,Branson,Taylor,OL,G,LAC,71,RES,Reserve/IR,1,Pittsburgh,"https://static.www.nfl.com/image/upload/f_auto,q_auto/league/whkbfekfv5pcrjbw2fz2",2026
4880675,00-0040213,12702,LaneRa00,,18636,Rayuan Lane III,Rayuan,Lane,DB,SS,JAX,25,ACT,Active,1,Navy,"https://static.www.nfl.com/image/upload/f_auto,q_auto/league/emzamsuwuuxtpw4natjw",2026
4708049,00-0040215,12700,BartGa00,,18573,Gavin Bartholomew,Gavin,Bartholomew,TE,TE,MIN,86,ACT,Active,1,Pittsburgh,"https://static.www.nfl.com/image/upload/f_auto,q_auto/league/vezjblfvo9gduiyonlum",2026
4427984,00-0040216,12684,MedrKa00,,18740,Kain Medrano,Kain,Medrano,LB,MLB,WAS,56,ACT,Active,1,UCLA,"https://static.www.nfl.com/image/upload/f_auto,q_auto/league/xdizkco6f8wg8jxsgy9j",2026
,00-0040217,,,,,Chase Lundt,Chase,Lundt,OL,T,BUF,77,DEV,Practice Squad,1,Connecticut,"https://static.www.nfl.com/image/upload/f_auto,q_auto/league/hqknakwjpyhsqecrcl1c",2026
4708486,00-0040218,12523,HornJi00,,18569,Jimmy Horn Jr.,Jimmy,Horn,WR,WR,CAR,15,ACT,Active,1,Colorado; University of South Florida,"https://static.www.nfl.com/image/upload/f_auto,q_auto/league/gggcgfbghcft0xwxtrhk",2026
,00-0040219,,,,,Hayden Conner,Hayden,Conner,OL,G,ARI,58,ACT,Active,1,Texas,"https://static.www.nfl.com/image/upload/f_auto,q_auto/league/sc7uno5kkkxgosvjz18t",2026
4429018,00-0040221,12694,MickRJ00,,18627,R.J. Mickens,R.J.,Mickens,DB,FS,LAC,27,ACT,Active,1,Clemson,"https://static.www.nfl.com/image/upload/f_auto,q_auto/league/ukzfqydyiezmemut0zoe",2026
4693331,00-0040222,12688,MillCa00,,18808,Cam Miller,Camden,Miller,QB,QB,MIA,15,CUT,Cut,1,North Dakota State,"https://static.www.nfl.com/image/upload/f_auto,q_auto/league/cmxq5676dl7nfub07rao",2026
4589212,00-0040223,12693,CrawJe00,,18746,Jeremy Crawshaw,Jeremy,Crawshaw,P,P,DEN,16,ACT,Active,1,Florida,"https://static.www.nfl.com/image/upload/f_auto,q_auto/league/ybqasaukmya02ajzgoaz",2026
,00-0040224,,,,,Jack Nelson,Jack,Nelson,OL,T,MIN,79,DEV,Practice Squad,1,Wisconsin,"https://static.www.nfl.com/image/upload/f_auto,q_auto/league/lfq3fxdznxmhx59npsyt",2026
4590292,00-0040225,12715,FidoTh00,,18507,Thomas Fidone II,Thomas,Fidone,TE,TE,NYG,86,ACT,Active,1,Nebraska,"https://static.www.nfl.com/image/upload/f_auto,q_auto/league/vbaqpkcxcfwh9dhzescy",2026
,00-0040226,,,,,Marcus Bryant,Marcus,Bryant,OL,T,NE,52,RES,Reserve/IR,1,Missouri; SMU,"https://static.www.nfl.com/image/upload/f_auto,q_auto/league/xbljgrxlkw6i8xn9a7xr",2026
,00-0040227,,,,,Jonah Monheim,Jonah,Monheim,OL,C,JAX,60,ACT,Active,1,USC,"https://static.www.nfl.com/image/upload/f_auto,q_auto/league/h1fegs3rrlvyrkcdx4dy",2026
4685126,00-0040228,12722,LindCo00,,18728,Cody Lindenberg,Cody,Lindenberg,LB,MLB,LV,55,ACT,Active,1,Minnesota,"https://static.www.nfl.com/image/upload/f_auto,q_auto/league/fkyosruw3thae4zuxksu",2026
4677281,00-0040229,12724,HamiKy01,,18818,Kyonte Hamilton,Kyonte,Hamilton,DL,DT,HOU,58,RES,Reserve/IR,1,Rutgers,"https://static.www.nfl.com/image/upload/f_auto,q_auto/league/kef04vtxlfpuijyeotgg",2026
4430821,00-0040230,12736,CrawKi00,,18639,Kitan Crawford,Kitan,Crawford,DB,FS,ARI,36,ACT,Active,1,Nevada; Texas,"https://static.www.nfl.com/image/upload/f_auto,q_auto/league/puy0uqictbwcojpkmmrr",2026
4429490,00-0040231,12733,BrueCa00,,18735,Carson Bruener,Carson,Bruener,LB,ILB,PIT,44,ACT,Active,1,Washington,"https://static.www.nfl.com/image/upload/f_auto,q_auto/league/xtklcumklpj2uytkbd6r",2026
4608004,00-0040232,12734,KentDo00,,18819,Donte Kent,Donte,Kent,DB,CB,PIT,34,RES,Reserve/IR,1,Central Michigan,"https://static.www.nfl.com/image/upload/f_auto,q_auto/league/mpa9scrhykgo3snyjmjx",2026
4575115,00-0040233,12731,JackDa04,,18804,Dan Jackson,Daniel,Jackson,DB,SS,DET,17,CUT,Cut,1,Georgia,"https://static.www.nfl.com/image/upload/f_auto,q_auto/league/llgy42nhtuvd9f5zci70",2026
4889929,00-0040234,12500,EwerQu00,,18505,Quinn Ewers,Quinn,Ewers,QB,QB,JAX,10,ACT,Active,1,Texas; Ohio State,"https://static.www.nfl.com/image/upload/f_auto,q_auto/league/bbcwyjuhyijtqe7jo274",2026
4432789,00-0040235,12723,WohlHu00,,18635,Hunter Wohler,Hunter,Wohler,DB,SS,IND,30,ACT,Active,1,Wisconsin,"https://static.www.nfl.com/image/upload/f_auto,q_auto/league/y131etrmbhponqhkoiwp",2026
4608686,00-0040236,12534,MonaKy00,,18520,Kyle Monangai,Kyle,Monangai,RB,RB,CHI,25,ACT,Active,1,Rutgers,"https://static.www.nfl.com/image/upload/f_auto,q_auto/league/bkkk3uuouhcobydqawro",2026
4608810,00-0040237,12485,JohnTe03,,18484,Tez Johnson,Tez,Johnson,WR,WR,TB,15,ACT,Active,1,Oregon; Troy,"https://static.www.nfl.com/image/upload/f_auto,q_auto/league/ajbnpagviw0glrhf5a2e",2026
4911851,00-0040238,12544,AlleLe01,,18476,LeQuint Allen Jr.,LeQuint,Allen,RB,RB,JAX,5,ACT,Active,1,Syracuse,"https://static.www.nfl.com/image/upload/f_auto,q_auto/league/i0utigksuuvo2njb9wtk",2026
4431509,00-0040239,12721,PratKa00,,18563,Kaden Prather,Kaden,Prather,WR,WR,GB,89,CUT,Cut,1,,"https://static.www.nfl.com/image/upload/f_auto,q_auto/league/vuben0ncqttl4wjxityh",2026
4432208,00-0040240,12735,LohnCa00,,18822,Caleb Lohner,Caleb,Lohner,TE,TE,DEN,84,RES,Reserve/IR,1,Utah; Baylor,"https://static.www.nfl.com/image/upload/f_auto,q_auto/league/larx1n07ooq73y5gy3av",2026
4596439,00-0040241,12732,LoveDo00,,17858,Dominic Lovett,Dominic,Lovett,WR,WR,DET,19,DEV,Practice Squad,1,Georgia; Missouri,"https://static.www.nfl.com/image/upload/f_auto,q_auto/league/ccplcgivzomevih1erpl",2026
4575131,00-0040242,12533,CrosJa00,,18811,Jacory Croskey-Merritt,Jacory,Croskey-Merritt,RB,RB,WAS,22,ACT,Active,1,Arizona; New Mexico; Alabama State,"https://static.www.nfl.com/image/upload/f_auto,q_auto/league/qew4qhlj4yuf50voko61",2026
4429281,00-0040243,12716,BlacKo00,,18802,Korie Black,Korie,Black,DB,CB,NYG,38,RES,Reserve/IR,1,Oklahoma State,"https://static.www.nfl.com/image/upload/f_auto,q_auto/league/dz0nqspvvzxslk9lxji6",2026
4432731,00-0040244,12480,MataMo00,,18623,Moliki Matavao,Moliki,Matavao,TE,TE,NO,80,RES,Reserve/IR,1,UCLA,"https://static.www.nfl.com/image/upload/f_auto,q_auto/league/sloxqlvfyoufh2bb3zku",2026
,00-0040245,,,,,Connor Colby,Connor,Colby,OL,G,SF,75,ACT,Active,1,Iowa,"https://static.www.nfl.com/image/upload/f_auto,q_auto/league/dazpyka1tbihu0gobwgw",2026
,00-0040246,,,,,Julian Ashby,Julian,Ashby,LS,LS,NE,47,ACT,Active,1,Vanderbilt; Furman,"https://static.www.nfl.com/image/upload/f_auto,q_auto/league/tylvcq7xqh6xtkirqyxd",2026
4887918,00-0040247,12743,BergJu00,,18824,Junior Bergen,Dalondric,Bergen,WR,WR,NYJ,30,CUT,Cut,1,Montana,"https://static.www.nfl.com/image/upload/f_auto,q_auto/league/k8itazswvewvavt8ibpj",2026
4683276,00-0040248,12720,BiggZe01,,18716,Zeek Biggers,Andre,Biggers,DL,DT,MIA,93,ACT,Active,1,Georgia Tech,"https://static.www.nfl.com/image/upload/f_auto,q_auto/league/etcgr7pzpzk17xfjeqeb",2026
4429073,00-0040249,12609,DiggFa00,,18681,Fadil Diggs,Fadil,Diggs,LB,OLB,NO,40,DEV,Practice Squad,1,Syracuse; Texas A&M,"https://static.www.nfl.com/image/upload/f_auto,q_auto/league/dx8xg4f1tlmivzy1pp64",2026
4426513,00-0040251,12717,BridTr00,,18826,Trikweze Bridges,Trikweze,Bridges,DB,CB,CIN,24,DEV,Practice Squad,1,Florida; Oregon,"https://static.www.nfl.com/image/upload/f_auto,q_auto/league/vmjfea3sm8cg0hrlibgj",2026
4566100,00-0040252,12726,MinoKo00,,18825,Kobee Minor,Kobee,Minor,DB,CB,NE,19,CUT,Cut,1,Memphis; Indiana; Texas Tech,"https://static.www.nfl.com/image/upload/f_auto,q_auto/league/yvfkscl6izjkimkmhi1j",2026
4605792,00-0040255,13104,HuntAd00,,19041,Adin Huntington,Adin,Huntington,DL,DT,CLE,98,ACT,Active,1,Tulane; Louisiana-Monroe; Kent State,"https://static.www.nfl.com/image/upload/f_auto,q_auto/league/zqevui8ikmsi20blzgot",2026
4877203,00-0040259,13101,LarvGa00,,18941,Gage Larvadain,Dillan,Larvadain,WR,WR,CLE,84,CUT,Cut,1,South Carolina; Miami (Ohio),"https://static.www.nfl.com/image/upload/f_auto,q_auto/league/sivfugvzbbxrgkvxr5cb",2026
4432374,00-0040260,12797,MarsAh00,,18943,Ahmani Marshall,Ahmani,Marshall,RB,RB,CLE,23,CUT,Cut,1,Appalachian State; Wake Forest,"https://static.www.nfl.com/image/upload/f_auto,q_auto/league/rmzxp0obmznym5hv5ndh",2026
5085888,00-0040261,13165,MascEa00,,19045,Easton Mascarenas-Arnold,Easton,Mascarenas-Arnold,LB,OLB,CLE,42,ACT,Active,1,USC; Oregon State,"https://static.www.nfl.com/image/upload/f_auto,q_auto/league/a8uufqbzvn1u8zhhujfa",2026
4686027,00-0040263,,McMiDo00,,19047,Donovan McMillon,Donovan,McMillon,DB,FS,CLE,31,ACT,Active,1,Pittsburgh; Florida,"https://static.www.nfl.com/image/upload/f_auto,q_auto/league/xxpttzs5lhbmc7phnxli",2026
4876995,00-0040265,13179,ReedJa05,,19049,Ja'Seem Reed,Ja'seem,Reed,WR,WR,CAR,86,DEV,Practice Squad,1,San Diego,"https://static.www.nfl.com/image/upload/f_auto,q_auto/league/uh29rkmiggnca0qq7vil",2026
,00-0040268,,,,,Major Burns,Major,Burns,DB,FS,MIA,43,DEV,Practice Squad,1,LSU; Georgia,"https://static.www.nfl.com/image/upload/f_auto,q_auto/league/vhrh8vnf5uhvfwuogjgx",2026
,00-0040270,,,,,Power Echols,Power,Echols,LB,LB,SEA,46,RES,Reserve/IR,1,North Carolina,"https://static.www.nfl.com/image/upload/f_auto,q_auto/league/ptq9m3ohqianoex14gzx",2026
,00-0040273,,,,,Tysheem Johnson,Tysheem,Johnson,DB,FS,SEA,36,CUT,Cut,1,Oregon; Mississippi,"https://static.www.nfl.com/image/upload/f_auto,q_auto/league/srmw7o53eercpt8548jh",2026
4685183,00-0040275,12746,RichJP00,,18940,JP Richardson,John Paul,Richardson,WR,WR,CHI,83,DEV,Practice Squad,1,TCU; Oklahoma State,"https://static.www.nfl.com/image/upload/f_auto,q_auto/league/wsnuaqx6jbadrinmo1z2",2026
5160110,00-0040277,13079,WalkJa03,,18938,Jahdae Walker,Jahdae,Walker,WR,WR,CHI,9,ACT,Active,1,Texas A&M; Grand Valley,"https://static.www.nfl.com/image/upload/f_auto,q_auto/league/cr13mo2xrpdkksy8fveq",2026
4568263,00-0040279,12961,FitzRy01,,18508,Ryan Fitzgerald,Ryan,Fitzgerald,K,K,CAR,10,ACT,Active,1,Florida State,"https://static.www.nfl.com/image/upload/f_auto,q_auto/league/giy8qnq6njxzwtqvqdsm",2026
,00-0040283,,,,,Jared Harrison-Hunte,Jared,Harrison-Hunte,DL,DT,ARI,98,DEV,Practice Squad,1,SMU; Miami,"https://static.www.nfl.com/image/upload/f_auto,q_auto/league/zlu1tvw0ethftax8vcfa",2026
,00-0040284,,,,,Jack Henderson,Jack,Henderson,DB,FS,PIT,48,CUT,Cut,1,Minnesota; Southeastern Louisiana,"https://static.www.nfl.com/image/upload/f_auto,q_auto/league/lak0d9wrhu5k70g9hqzb",2026
4880613,00-0040289,12956,MartBa00,,18736,Bam Martin-Scott,Tavareon,Martin-Scott,LB,ILB,CAR,54,RES,Reserve/IR,1,South Carolina; Dodge City CC,"https://static.www.nfl.com/image/upload/f_auto,q_auto/league/fvfw5drjy4cxaotvve69",2026
,00-0040293,,,,,Michael Reid,Mike,Reid,DB,SS,NO,42,ACT,Active,1,South Dakota; Monmouth,"https://static.www.nfl.com/image/upload/f_auto,q_auto/league/bz5c5movgdjx8e0ba7is",2026
4570633,00-0040295,,ThomTr04,,19023,Trevian Thomas,Trevian,Thomas,DB,SS,JAX,34,CUT,Cut,1,Arkansas State,"https://static.www.nfl.com/image/upload/f_auto,q_auto/league/ldmirlh7kh1rt4ezqgdo",2026
4431426,00-0040296,12957,ThorCo00,,19024,Corey Thornton,Corey,Thornton,DB,CB,CAR,31,DEV,Practice Squad,1,Louisville,"https://static.www.nfl.com/image/upload/f_auto,q_auto/league/fqf0gc9owhcrxgua2kbr",2026
5093923,00-0040298,12863,ArmsAn01,,18453,Andrew Armstrong,Andrew,Armstrong,WR,WR,KC,85,DEV,Practice Squad,1,Arkansas; East Texas A&M,"https://static.www.nfl.com/image/upload/f_auto,q_auto/league/hkw32xqnimm6dvx2qfvl",2026
,00-0040299,,,,,Eugene Asante,Eugene,Asante,LB,ILB,ARI,48,DEV,Practice Squad,1,Auburn; North Carolina,"https://static.www.nfl.com/image/upload/f_auto,q_auto/league/ktwpzrd5sqwfo0w81ez8",2026
,00-0040302,,,,,A.J. Henning,A.J.,Henning,WR,WR,MIA,88,CUT,Cut,1,Northwestern; Michigan,"https://static.www.nfl.com/image/upload/f_auto,q_auto/league/ijwatff81qf3jmikcryt",2026
,00-0040304,,,,,Alex Huntley,Alex,Huntley,DL,DT,MIA,96,CUT,Cut,1,South Carolina,"https://static.www.nfl.com/image/upload/f_auto,q_auto/league/lklrawhwiya702se4gox",2026
,00-0040307,,,,,Josh Priebe,Josh,Priebe,OL,G,MIA,68,CUT,Cut,1,Michigan; Northwestern,"https://static.www.nfl.com/image/upload/f_auto,q_auto/league/z8bgbhmsahpeyrozqgpi",2026
,00-0040310,,,,,John Saunders Jr.,John,Saunders,DB,FS,NE,23,CUT,Cut,1,Mississippi; Miami (Ohio),"https://static.www.nfl.com/image/upload/f_auto,q_auto/league/ftf10e6sdtxy6jumhfds",2026
4426535,00-0040311,12860,WeasTh00,,18645,Theo Wease Jr.,Theo,Wease,WR,WR,LAC,82,DEV,Practice Squad,1,Missouri; Oklahoma,"https://static.www.nfl.com/image/upload/f_auto,q_auto/league/iykujtgwn2x1ymy7jdxw",2026
,00-0040313,,,,,Kam Arnold,Kam,Arnold,LB,MLB,KC,53,CUT,Cut,1,Boston College,"https://static.www.nfl.com/image/upload/f_auto,q_auto/league/kkemyzx6bdkmpkbtkhek",2026
4428343,00-0040314,,BarbRi00,,19181,Ricky Barber,Ricky,Barber,DL,DT,WAS,50,ACT,Active,1,UCF; Western Kentucky,"https://static.www.nfl.com/image/upload/f_auto,q_auto/league/updqursgjxdp8zsjelp2",2026
5083297,00-0040317,13120,JoneJa16,,19094,Jacoby Jones,Jacoby,Jones,WR,WR,WAS,84,RES,Reserve/IR,1,UCF; Ohio,"https://static.www.nfl.com/image/upload/f_auto,q_auto/league/bc74vque05mi8tg5xzxu",2026
4361090,00-0040318,,KahoAl00,,19180,Ale Kaho,Ale,Kaho,LB,MLB,WAS,51,DEV,Practice Squad,1,UCLA; Alabama,"https://static.www.nfl.com/image/upload/f_auto,q_auto/league/xtiv998kd4048degy4xl",2026
,00-0040319,,,,,Robert McDaniel,Robert,McDaniel,DB,FS,TB,39,CUT,Cut,1,Jackson State University; Alcorn State,"https://static.www.nfl.com/image/upload/f_auto,q_auto/league/wcffl9rrsuj9xvhiqr8f",2026
,00-0040320,,,,,Timothy McKay,Timothy,McKay,OL,T,JAX,67,CUT,Cut,1,North Carolina,"https://static.www.nfl.com/image/upload/f_auto,q_auto/league/nlrhrxjzxlhe6nxsazpi",2026
,00-0040322,,,,,Car'lin Vigers,Car'lin,Vigers,DB,CB,PIT,37,DEV,Practice Squad,1,Louisiana-Monroe; Independence Comm. College,"https://static.www.nfl.com/image/upload/f_auto,q_auto/league/qfzzvmakz9ixkjq2mxio",2026
,00-0040323,,,,,Chandler Brayboy,Chandler,Brayboy,WR,WR,JAX,15,CUT,Cut,1,Elon,"https://static.www.nfl.com/image/upload/f_auto,q_auto/league/m1dlnwcwdqve38sso7al",2026
,00-0040324,,,,,Cam Camper,Cam,Camper,WR,WR,NYJ,88,CUT,Cut,1,,"https://static.www.nfl.com/image/upload/f_auto,q_auto/league/amhkfbzt2w2yib8grx6c",2026
4572704,00-0040326,12917,CombBr00,,18871,Branson Combs,Branson,Combs,LB,OLB,JAX,50,ACT,Active,1,Wake Forest,"https://static.www.nfl.com/image/upload/f_auto,q_auto/league/u60bto6dll3fjewspobu",2026
4431534,00-0040328,,DownEt00,,18677,Ethan Downs,Ethan,Downs,LB,OLB,KC,40,RES,Reserve/IR,1,Oklahoma,"https://static.www.nfl.com/image/upload/f_auto,q_auto/league/somszafluhppwnnplu8i",2026
4875266,00-0040329,12910,GreeBJ00,,19143,BJ Green II,B.J.,Green,DL,DE,JAX,95,ACT,Active,1,Colorado; Arizona State,"https://static.www.nfl.com/image/upload/f_auto,q_auto/league/ozs0yiy8cfhwplbjdgnd",2026
,00-0040331,,,,,Patrick Herbert,Patrick,Herbert,TE,TE,LAC,81,DEV,Practice Squad,1,Oregon,"https://static.www.nfl.com/image/upload/f_auto,q_auto/league/ozp6mlkzvpqbvuldsm32",2026
4690972,00-0040332,12479,JackJa05,,18527,Ja'Quinden Jackson,Ja'Quinden,Jackson,RB,RB,PHI,45,CUT,Cut,1,Arkansas; Utah; Texas,"https://static.www.nfl.com/image/upload/f_auto,q_auto/league/zuxvf9yfajqwllmu06rh",2026
,00-0040336,,,,,Jabbar Muhammad,Jabbar,Muhammad,DB,CB,JAX,37,DEV,Practice Squad,1,Oregon; Washington; Oklahoma State,"https://static.www.nfl.com/image/upload/f_auto,q_auto/league/ik6uynmak0jbmwnjztd3",2026
4430288,00-0040337,12909,PancEl00,,18869,Eli Pancol,Eli,Pancol,WR,WR,IND,83,CUT,Cut,1,Duke,"https://static.www.nfl.com/image/upload/f_auto,q_auto/league/mbdztlbypqqt66igvkg8",2026
,00-0040338,,,,,Keivie Rose,Del'Keiveon,Rose,DL,DT,JAX,97,RES,Reserve/IR,1,Arkansas; Louisiana Tech,"https://static.www.nfl.com/image/upload/f_auto,q_auto/league/vdbiqrxfo6ulwo9eqkdt",2026
4877475,00-0040339,,SilmCa00,,19147,Cam'Ron Silmon-Craig,Cam'Ron,Silmon-Craig,DB,FS,JAX,42,DEV,Practice Squad,1,Colorado; Jackson State University,"https://static.www.nfl.com/image/upload/f_auto,q_auto/league/sdlpu4khplzqtchb5syg",2026
,00-0040341,,,,,Doneiko Slaughter,Doneiko,Slaughter,DB,CB,PIT,19,DEV,Practice Squad,1,Arkansas; Tennessee,"https://static.www.nfl.com/image/upload/f_auto,q_auto/league/z2wtosdw9ioeckp4sfo4",2026
4573319,00-0040342,,StriDa01,,19146,Danny Striggow,Daniel,Striggow,DL,DE,JAX,92,ACT,Active,1,Minnesota,"https://static.www.nfl.com/image/upload/f_auto,q_auto/league/lcyhsnmb991cgvwthcy0",2026
4695991,00-0040347,,EdwaJo00,,19078,Johnathan Edwards,Johnathan,Edwards,DB,CB,IND,35,ACT,Active,1,Tulane,"https://static.www.nfl.com/image/upload/f_auto,q_auto/league/hvshzsyqwcqqtfdltrpu",2026
,00-0040349,,,,,Marshall Foerner,Marshall,Foerner,OL,T,TB,74,CUT,Cut,1,,"https://static.www.nfl.com/image/upload/f_auto,q_auto/league/nkpnrika58h6vpwj9fi7",2026
4578436,00-0040352,12829,OwenCo00,,18877,Coleman Owen,Coleman,Owen,WR,WR,IND,9,RES,Reserve/IR,1,Ohio; Northern Arizona,"https://static.www.nfl.com/image/upload/f_auto,q_auto/league/cjnhiftygnypqumwfphq",2026
4599160,00-0040357,,WashTr00,,19084,Trey Washington,Samuel,Washington,DB,FS,IND,41,DEV,Practice Squad,1,Mississippi,"https://static.www.nfl.com/image/upload/f_auto,q_auto/league/ace4vjl3mefeypjbb5hc",2026
,00-0040359,,,,,Jacob Bayer,Jacob,Bayer,OL,C,CIN,69,ACT,Active,1,Arkansas State; Lamar,"https://static.www.nfl.com/image/upload/f_auto,q_auto/league/d9wihiwdb5cskydg46dw",2026
,00-0040361,,,,,Stephen Gosnell,Stephen,Gosnell,WR,WR,BUF,89,DEV,Practice Squad,1,Virginia Tech; North Carolina,"https://static.www.nfl.com/image/upload/f_auto,q_auto/league/csh3lsy1zg3c5z2o5evs",2026
4577066,00-0040362,,JenkKe01,,19099,Keonta Jenkins,Keonta,Jenkins,LB,MLB,BUF,49,DEV,Practice Squad,1,Virginia Tech,"https://static.www.nfl.com/image/upload/f_auto,q_auto/league/ss0czp5cbgns7jmngkpf",2026
4688552,00-0040363,12765,LatuKe00,,18906,Keleki Latu,Keleki,Latu,TE,TE,BUF,83,ACT,Active,1,Washington; Nevada,"https://static.www.nfl.com/image/upload/f_auto,q_auto/league/vebjjfyrrrbwaqjlyvun",2026
,00-0040364,,,,,Wande Owens,Wande,Owens,DB,FS,BUF,38,CUT,Cut,1,New Hampshire; Yale,"https://static.www.nfl.com/image/upload/f_auto,q_auto/league/scgwqpustwfmfouwk8u5",2026
,00-0040365,,,,,Daryl Porter,Daryl,Porter,DB,CB,PIT,27,CUT,Cut,1,Miami; West Virginia,,2026
4426992,00-0040369,,CrosHo01,,18712,Howard Cross III,Howard,Cross,DL,DT,CIN,95,DEV,Practice Squad,1,Notre Dame,"https://static.www.nfl.com/image/upload/f_auto,q_auto/league/c14y9hq7dq3e6wfuiqi7",2026
4567171,00-0040371,,GregEr00,,18709,Eric Gregory,Eric,Gregory,DL,DT,NE,95,DEV,Practice Squad,1,Arkansas,"https://static.www.nfl.com/image/upload/f_auto,q_auto/league/yl1571iztzfkancofsja",2026
4575559,00-0040372,,LuxxBr00,,19054,Bralyn Lux,Bralyn,Lux,DB,CB,CIN,21,DEV,Practice Squad,1,Texas Tech,"https://static.www.nfl.com/image/upload/f_auto,q_auto/league/zjdsqlekl63ooll81os9",2026
,00-0040374,,,,,Seth McLaughlin,Seth,McLaughlin,OL,C,DET,65,CUT,Cut,1,Ohio State; Alabama,"https://static.www.nfl.com/image/upload/f_auto,q_auto/league/yiahyzi741suhypixaiu",2026
4594444,00-0040375,12761,,,18944,Jordan Moore,Jordan,Moore,WR,WR,CIN,14,DEV,Practice Squad,1,Duke,"https://static.www.nfl.com/image/upload/f_auto,q_auto/league/mgod5tukhxuqm5kyy7zh",2026
,00-0040379,,,,,William Wagner,William,Wagner,LS,LS,CIN,46,ACT,Active,1,Michigan,"https://static.www.nfl.com/image/upload/f_auto,q_auto/league/mlpqnycrpna1gurrpzr5",2026
,00-0040380,,,,,Jeremiah Byers,Jeremiah,Byers,OL,T,CLE,63,CUT,Cut,1,Florida State; Texas-El Paso,"https://static.www.nfl.com/image/upload/f_auto,q_auto/league/soybc39yh5toxtma1d9h",2026
,00-0040382,,,,,Josh Fryar,Joshua,Fryar,OL,T,ARI,78,ACT,Active,1,Ohio State,"https://static.www.nfl.com/image/upload/f_auto,q_auto/league/b9mitmbbavxycpafysqu",2026
4430478,00-0040384,,SimmEl00,,18701,Elijah Simmons,Elijah,Simmons,DL,NT,TB,92,ACT,Active,1,Tennessee,"https://static.www.nfl.com/image/upload/f_auto,q_auto/league/dnimueujvnjhpcj7xpti",2026
,00-0040387,,,,,Zach Horton,Zach,Horton,TE,TE,DET,43,CUT,Cut,1,Indiana; James Madison,"https://static.www.nfl.com/image/upload/f_auto,q_auto/league/tqaayllxofboypamcusj",2026
5178972,00-0040388,12935,KeenJa00,,18947,Jakobie Keeney-James,Jakobie,Keeney-James,WR,WR,PIT,23,CUT,Cut,1,UMass Amherst; Eastern Washington,,2026
4602788,00-0040390,12938,MeekJa00,,18480,Jackson Meeks,Jackson,Meeks,TE,TE,DET,13,ACT,Active,1,Syracuse,"https://static.www.nfl.com/image/upload/f_auto,q_auto/league/ot3dsyhfhos9epmkqdip",2026
,00-0040391,,,,,Mason Miller,Mason,Miller,OL,G,DET,63,DEV,Practice Squad,1,North Dakota State,"https://static.www.nfl.com/image/upload/f_auto,q_auto/league/uedrxx3xea6rhq5vjdic",2026
,00-0040392,,,,,Caden Prieskorn,Caden,Prieskorn,TE,TE,CAR,40,CUT,Cut,1,Mississippi; Memphis,"https://static.www.nfl.com/image/upload/f_auto,q_auto/league/oajiq54ejf3zkntg427s",2026
,00-0040394,,,,,Anthony Tyus III,Anthony,Tyus,RB,RB,CAR,34,DEV,Practice Squad,1,Ohio,"https://static.www.nfl.com/image/upload/f_auto,q_auto/league/ycph0v6jfxwkcycuztk0",2026
,00-0040395,,,,,Jared Bartlett,Jared,Bartlett,LB,ILB,JAX,45,RES,Reserve/IR,1,Cincinnati; West Virginia,"https://static.www.nfl.com/image/upload/f_auto,q_auto/league/xvtfeuh8yeeunr7duz6f",2026
4426921,00-0040396,,ClarDe03,,19074,Dean Clark,William,Clark,DB,SS,NYJ,35,CUT,Cut,1,Fresno State; Kent State,"https://static.www.nfl.com/image/upload/f_auto,q_auto/league/p5lpl4l1tltyogrszszq",2026
4429411,00-0040397,,ClarJo00,,19075,Jordan Clark,Jordan,Clark,DB,CB,NYJ,33,DEV,Practice Squad,1,Notre Dame; Arizona State,"https://static.www.nfl.com/image/upload/f_auto,q_auto/league/qiesv40i10bhxmfuf1md",2026
4429435,00-0040398,12538,CookBr03,,18482,Brady Cook,Brady,Cook,QB,QB,MIA,15,ACT,Active,1,Missouri,"https://static.www.nfl.com/image/upload/f_auto,q_auto/league/sk8u7zzg7e3t4vu7xesg",2026
4431536,00-0040400,12515,,,18444,Donovan Edwards,Donovan,Edwards,RB,RB,MIA,36,CUT,Cut,1,Michigan,"https://static.www.nfl.com/image/upload/f_auto,q_auto/league/nr08xtjdchspkv4kkczm",2026
,00-0040401,,,,,Gus Hartwig,Gus,Hartwig,OL,C,DET,60,CUT,Cut,1,Purdue,"https://static.www.nfl.com/image/upload/f_auto,q_auto/league/e9anjdcbjlqqxyovquif",2026
,00-0040403,,,,,Fatorma Mulbah,Fatorma,Mulbah,DL,DT,MIA,95,CUT,Cut,1,West Virginia; Penn State,"https://static.www.nfl.com/image/upload/f_auto,q_auto/league/cdcxg1ix3fsyexhwwjdo",2026
4431582,00-0040404,,PagePa00,,18715,Payton Page,Payton,Page,DL,DT,NYJ,98,DEV,Practice Squad,1,Clemson,"https://static.www.nfl.com/image/upload/f_auto,q_auto/league/lv2k8zefcvbgpgl5j6k1",2026
4892576,00-0040405,12925,PritJa00,,18857,Jamaal Pritchett,Jamaal,Pritchett,WR,WR,NYJ,81,DEV,Practice Squad,1,South Alabama; Tuskegee University,"https://static.www.nfl.com/image/upload/f_auto,q_auto/league/cskrvfgcpvpezccsdfky",2026
4613050,00-0040406,,SkinQu00,,18908,Quentin Skinner,Quentin,Skinner,WR,WR,BUF,18,CUT,Cut,1,Kansas,"https://static.www.nfl.com/image/upload/f_auto,q_auto/league/s7ln3ugfuknhx2tedii2",2026
,00-0040407,,,,,Aaron Smith,Aaron,Smith,LB,ILB,SEA,42,RES,Reserve/IR,1,South Carolina State,"https://static.www.nfl.com/image/upload/f_auto,q_auto/league/ct2x79scrpzdgilozeo6",2026
,00-0040409,,,,,Austin Brinkman,Austin,Brinkman,LS,LS,HOU,40,ACT,Active,1,West Virginia,"https://static.www.nfl.com/image/upload/f_auto,q_auto/league/gfb3bzfuppjf7t7d3kis",2026
,00-0040410,,,,,Eli Cox,Eli,Cox,OL,C,JAX,66,DEV,Practice Squad,1,Kentucky,"https://static.www.nfl.com/image/upload/f_auto,q_auto/league/uhtlmj9acfquzglsfld8",2026
4577494,00-0040411,,HuzzAl00,,18610,Alijah Huzzie,Alijah,Huzzie,DB,CB,HOU,28,DEV,Practice Squad,1,North Carolina; East Tennessee State,"https://static.www.nfl.com/image/upload/f_auto,q_auto/league/cspeq4wwmy82tmumrh6n",2026
,00-0040413,,,,,K.C. Ossai,Favour,Ossai,LB,ILB,HOU,52,RES,Reserve/IR,1,Louisiana,"https://static.www.nfl.com/image/upload/f_auto,q_auto/league/wuteil048xz2di0jui4x",2026
,00-0040414,,,,,Junior Tafuna,Timote,Tafuna,DL,DT,HOU,62,DEV,Practice Squad,1,Utah,"https://static.www.nfl.com/image/upload/f_auto,q_auto/league/ezsa7ijhjnbirieoi6ud",2026
,00-0040415,,,,,Connor Bazelak,Connor,Bazelak,QB,QB,TB,16,CUT,Cut,1,Bowling Green; Indiana; Missouri,"https://static.www.nfl.com/image/upload/f_auto,q_auto/league/q3vgg2tiyhwnbnwpuc7o",2026
4569563,00-0040416,12790,BullJo01,,19056,John Bullock,John,Bullock,LB,ILB,TB,30,CUT,Cut,1,Nebraska,"https://static.www.nfl.com/image/upload/f_auto,q_auto/league/s1k4zct0clpt2rup9s0r",2026
,00-0040417,,,,,Benjamin Chukwuma,Benjamin,Chukwuma,OL,T,TB,70,ACT,Active,1,Georgia State,"https://static.www.nfl.com/image/upload/f_auto,q_auto/league/gudosqnpwknrvvpaqjzg",2026
,00-0040419,,,,,Garrett Greene,Garrett,Greene,WR,WR,TB,85,DEV,Practice Squad,1,West Virginia,"https://static.www.nfl.com/image/upload/f_auto,q_auto/league/ryxqb4ioarar7jduttfu",2026
,00-0040420,,,,,Nash Hutmacher,Nash,Hutmacher,OL,G,TB,64,CUT,Cut,1,Nebraska,"https://static.www.nfl.com/image/upload/f_auto,q_auto/league/c86vhmlp4y152bbgy8jw",2026
,00-0040422,,,,,Jake Majors,Jake,Majors,OL,C,PHI,75,DEV,Practice Squad,1,Texas,"https://static.www.nfl.com/image/upload/f_auto,q_auto/league/xtrvv63ccghpiwxwmsdh",2026
,00-0040423,,,,,Roman Parodie,Roman,Parodie,DB,CB,TB,37,CUT,Cut,1,,"https://static.www.nfl.com/image/upload/f_auto,q_auto/league/h2y6lewccwsex4pqvx6s",2026
,00-0040425,,,,,JJ Roberts,Josiah,Roberts,DB,FS,TB,36,DEV,Practice Squad,1,Marshall,"https://static.www.nfl.com/image/upload/f_auto,q_auto/league/bgwp7cyxeadn8uzkyitj",2026
,00-0040427,,,,,Ben Scott,Ben,Scott,OL,C,TB,66,DEV,Practice Squad,1,Nebraska; Arizona State,"https://static.www.nfl.com/image/upload/f_auto,q_auto/league/lba5w8sd97sjg6hslk5z",2026
4568024,00-0040429,12787,WillJo011,,17919,Josh Williams,Joshua,Williams,RB,RB,TB,18,DEV,Practice Squad,1,LSU,"https://static.www.nfl.com/image/upload/f_auto,q_auto/league/c2zxbiz8153usfggosvv",2026
4570296,00-0040431,,CambDa00,,18878,Dalen Cambre,Dalen,Cambre,WR,WR,NYG,83,DEV,Practice Squad,1,Louisiana,"https://static.www.nfl.com/image/upload/f_auto,q_auto/league/cfllxq8wvrrciu7ugnyp",2026
4431210,00-0040432,12889,CollBe00,,18648,Beaux Collins,Beaux,Collins,WR,WR,ATL,88,RES,Reserve/IR,1,Notre Dame; Clemson,"https://static.www.nfl.com/image/upload/f_auto,q_auto/league/fypzpyhv2bsvlcwp2ppo",2026
,00-0040434,,,,,Trace Ford,Trace,Ford,LB,OLB,NYG,48,DEV,Practice Squad,1,Oklahoma; Oklahoma State,"https://static.www.nfl.com/image/upload/f_auto,q_auto/league/wfwaqxn21kdhpybvhqih",2026
4696062,00-0040438,12460,WellAn00,,18559,Antwane Wells Jr.,Antwane,Wells,WR,WR,ATL,82,DEV,Practice Squad,1,Mississippi; South Carolina; James Madison,"https://static.www.nfl.com/image/upload/f_auto,q_auto/league/mijumyvz5ifhbq2xzlx6",2026
,00-0040442,,,,,Marques Cox,Marques,Cox,OL,T,MIA,70,CUT,Cut,1,Kentucky; Northern Illinois,"https://static.www.nfl.com/image/upload/f_auto,q_auto/league/lynhjb6lsnjdwqb0oimb",2026
4565172,00-0040445,12772,,,18860,Courtney Jackson,Courtney,Jackson,WR,WR,TEN,39,CUT,Cut,1,Arkansas State,"https://static.www.nfl.com/image/upload/f_auto,q_auto/league/ztcixuqc2mihticrwnvc",2026
,00-0040446,,,,,Joseph Michalski,Joseph,Michalski,OL,C,NE,60,CUT,Cut,1,Oklahoma State,"https://static.www.nfl.com/image/upload/f_auto,q_auto/league/yr70dbnp5tp5dzbdvnhz",2026
4875336,00-0040449,12781,ReidKa00,,18733,Karene Reid,Karene,Reid,LB,ILB,DEN,47,ACT,Active,1,Utah,"https://static.www.nfl.com/image/upload/f_auto,q_auto/league/gx65fgbnmrzc51w1hfav",2026
,00-0040451,,,,,Xavier Truss,Xavier,Truss,OL,T,NO,74,CUT,Cut,1,Georgia,"https://static.www.nfl.com/image/upload/f_auto,q_auto/league/fsk6ca96kv4go2hcihxi",2026
,00-0040452,,,,,Johnny Walker Jr.,Johnny,Walker,LB,OLB,DEN,59,DEV,Practice Squad,1,Missouri,"https://static.www.nfl.com/image/upload/f_auto,q_auto/league/j561gxyuezqwljey7wpn",2026
,00-0040454,,,,,Kristian Williams,Kristian,Williams,DL,DT,DEN,75,CUT,Cut,1,Missouri,"https://static.www.nfl.com/image/upload/f_auto,q_auto/league/do89t8vuxwz1grgsouet",2026
,00-0040457,,,,,Jermaine Terry,Jermaine,Terry,TE,TE,CLE,85,CUT,Cut,1,,"https://static.www.nfl.com/image/upload/f_auto,q_auto/league/ftxn0lo1wuw7cw4jbqmr",2026
,00-0040458,,,,,TeRah Edwards,TeRah,Edwards,DL,DT,CAR,93,ACT,Active,1,Illinois; Northwestern,"https://static.www.nfl.com/image/upload/f_auto,q_auto/league/kmlrbebwbksnogrboyo0",2026
4431467,00-0040460,12835,WaxxMa00,,18855,Marlowe Wax,Marlowe,Wax,LB,ILB,LAC,58,ACT,Active,1,Syracuse,"https://static.www.nfl.com/image/upload/f_auto,q_auto/league/jolfhevlffwbwy6xbmu3",2026
4429020,00-0040464,12773,UiagDJ00,,18448,DJ Uiagalelei,David,Uiagalelei,QB,QB,LAC,7,DEV,Practice Squad,1,Florida State; Oregon State; Clemson,"https://static.www.nfl.com/image/upload/f_auto,q_auto/league/uxkbvrw5eu41udzsesnu",2026
4601080,00-0040466,12472,SandRa00,,18526,Raheim Sanders,Raheim,Sanders,RB,RB,CLE,35,ACT,Active,1,South Carolina; Arkansas,"https://static.www.nfl.com/image/upload/f_auto,q_auto/league/bopoof9uczgpvpggeahp",2026
,00-0040467,,,,,Josh Kaltenberger,Josh,Kaltenberger,OL,C,LAC,68,DEV,Practice Squad,1,Maryland; Purdue,"https://static.www.nfl.com/image/upload/f_auto,q_auto/league/yrqrzkdqrkcftqx9f581",2026
4433895,00-0040468,12840,,,18852,Eric Rogers,Eric,Rogers,DB,CB,LAC,39,CUT,Cut,1,Rutgers,"https://static.www.nfl.com/image/upload/f_auto,q_auto/league/ccidyckbso3w7ypjfij2",2026
4691043,00-0040471,12838,ReedNi00,,18851,Nikko Reed,Nikko,Reed,DB,CB,LAC,46,DEV,Practice Squad,1,Oregon; Colorado,"https://static.www.nfl.com/image/upload/f_auto,q_auto/league/kwrqouczwfh7xtyhlzgl",2026
,00-0040472,,,,,Garmon Randolph,Garmon,Randolph,LB,OLB,CIN,56,DEV,Practice Squad,1,Baylor,"https://static.www.nfl.com/image/upload/f_auto,q_auto/league/tacteeggw794fusmsq32",2026
,00-0040473,,,,,Myles Purchase,Myles,Purchase,DB,CB,LAC,41,CUT,Cut,1,Iowa State,"https://static.www.nfl.com/image/upload/f_auto,q_auto/league/uxkfbbm77urszedpjbxd",2026
4426689,00-0040476,12826,BentUl00,,18640,Ulysses Bentley IV,Ulysses,Bentley,RB,RB,IND,37,CUT,Cut,1,Mississippi; SMU,"https://static.www.nfl.com/image/upload/f_auto,q_auto/league/iw8g8cngrmp4ipcrdpwi",2026
,00-0040479,,,,,Hudson Clark,Hudson,Clark,DB,DB,ARI,37,CUT,Cut,1,,"https://static.www.nfl.com/image/upload/f_auto,q_auto/league/mljmmhm13oo8pxc7reag",2026
4430111,00-0040486,12993,JoynJa00,,18674,Jah Joyner,Jah,Joyner,DL,DE,SF,96,CUT,Cut,1,,"https://static.www.nfl.com/image/upload/f_auto,q_auto/league/nxkh78ej5pghzfeesfqz",2026
,00-0040487,,,,,Treven Ma'ae,Treven,Ma'ae,DL,DT,LV,68,CUT,Cut,1,Baylor; Oregon,"https://static.www.nfl.com/image/upload/f_auto,q_auto/league/rjorj8cbnvardimhwjcl",2026
5155825,00-0040488,13122,RunyCa00,,18863,Carter Runyon,Carter,Runyon,TE,TE,LV,84,RES,Reserve/IR,1,Towson; Shenandoah University,"https://static.www.nfl.com/image/upload/f_auto,q_auto/league/q8knlo3npxhjxiyyx4h6",2026
4686337,00-0040489,13019,VancGr00,,19158,Greedy Vance,Greedy,Vance,DB,CB,LV,22,DEV,Practice Squad,1,USC; Florida State; Louisville,"https://static.www.nfl.com/image/upload/f_auto,q_auto/league/mr8rshagj0vkedyjoz1t",2026
4608794,00-0040492,,BattTy00,,18680,Tyler Batty,Tyler,Batty,LB,OLB,MIN,92,RES,Reserve/IR,1,BYU,"https://static.www.nfl.com/image/upload/f_auto,q_auto/league/xur5y3juva1uila1vszk",2026
4573398,00-0040494,12775,BrosMa00,,18652,Max Brosmer,Max,Brosmer,QB,QB,MIN,12,DEV,Practice Squad,1,Minnesota; New Hampshire,"https://static.www.nfl.com/image/upload/f_auto,q_auto/league/fpveluufmy7buwrhpiny",2026
,00-0040495,,,,,Logan Brown,Logan,Brown,OL,T,SEA,73,DEV,Practice Squad,1,Kansas; Wisconsin,"https://static.www.nfl.com/image/upload/f_auto,q_auto/league/lebjztgitjbfjryhkcu1",2026
4431520,00-0040496,12879,ChamCh01,,18829,Chaz Chambliss,Charles,Chambliss,LB,OLB,MIN,40,ACT,Active,1,Georgia,"https://static.www.nfl.com/image/upload/f_auto,q_auto/league/wwuawbggpxurztrxyyuh",2026
,00-0040497,,,,,Zeke Correll,Ezekiel,Correll,OL,C,PHI,63,CUT,Cut,1,N.C. State,"https://static.www.nfl.com/image/upload/f_auto,q_auto/league/tcq76f8tbfdygvvtwxgs",2026
,00-0040498,,,,,Dontae Fleming,Dontae,Fleming,WR,WR,MIN,19,RES,Reserve/IR,1,Tulane,"https://static.www.nfl.com/image/upload/f_auto,q_auto/league/z31bqmrgzn9t5wsqtqoy",2026
,00-0040499,,,,,Keenan Garber,Keenan,Garber,DB,CB,NYJ,45,CUT,Cut,1,Kansas State,"https://static.www.nfl.com/image/upload/f_auto,q_auto/league/auto543j7dfxhjf2us0j",2026
,00-0040500,,,,,Joe Huber,Joe,Huber,OL,G,MIN,60,ACT,Active,1,Wisconsin,"https://static.www.nfl.com/image/upload/f_auto,q_auto/league/uyx7yhbqffwghbe517dy",2026
,00-0040503,,,,,Dorian Mausi,Dorian,Mausi,LB,OLB,TEN,54,RES,Reserve/IR,1,Auburn; Duke,"https://static.www.nfl.com/image/upload/f_auto,q_auto/league/mf8ks1kejyk3ccakvs5f",2026
,00-0040504,,,,,Bryson Nesbit,Bryson,Nesbit,TE,TE,MIN,83,RES,Reserve/IR,1,North Carolina,"https://static.www.nfl.com/image/upload/f_auto,q_auto/league/xv1e25hi4dhzfzni0gui",2026
4430656,00-0040506,13075,PricMy00,,19095,Myles Price,Myles,Price,WR,WR,MIN,4,ACT,Active,1,Indiana; Texas Tech,"https://static.www.nfl.com/image/upload/f_auto,q_auto/league/yi2pgwujy0lv9l3m3sig",2026
4695609,00-0040507,12942,VaugZe00,,18836,Zemaiah Vaughn,Zemaiah,Vaughn,DB,CB,MIN,34,ACT,Active,1,Utah,"https://static.www.nfl.com/image/upload/f_auto,q_auto/league/ko8yku7d4usn5sm0nuf9",2026
4433959,00-0040509,13121,YuroBe00,,18536,Ben Yurosek,Benjamin,Yurosek,TE,TE,MIN,85,ACT,Active,1,Georgia; Stanford,"https://static.www.nfl.com/image/upload/f_auto,q_auto/league/q6ea6dqd4nn27aeihiv7",2026
,00-0040512,,,,,Brandon Crenshaw-Dickson,Brandon,Crenshaw-Dickson,OL,T,TEN,78,ACT,Active,1,Florida; San Diego State,"https://static.www.nfl.com/image/upload/f_auto,q_auto/league/hggljfh39iorav9j5mpw",2026
,00-0040517,,,,,Cam Horsley,Cameron,Horsley,DL,DT,ARI,93,DEV,Practice Squad,1,Boston College,"https://static.www.nfl.com/image/upload/f_auto,q_auto/league/twzqj6uora5h2qsutdxh",2026
,00-0040518,,,,,Jalen Kimber,Jalen,Kimber,DB,CB,CIN,40,CUT,Cut,1,Penn State; Florida,"https://static.www.nfl.com/image/upload/f_auto,q_auto/league/pmxu16quwd7dgslibnoj",2026
4431353,00-0040522,12520,RestXa00,,18466,Xavier Restrepo,Xavier,Restrepo,WR,WR,TEN,87,DEV,Practice Squad,1,Miami,"https://static.www.nfl.com/image/upload/f_auto,q_auto/league/w4onu90fxjmlkmkchcg1",2026
5093062,00-0040526,12940,,,18813,Tre Stewart,Tre,Stewart,RB,RB,ARI,26,CUT,Cut,1,,"https://static.www.nfl.com/image/upload/f_auto,q_auto/league/uqxyyn0fclnobbreyzod",2026
4426882,00-0040527,12955,CastSe01,,17867,Sebastian Castro,Sebastian,Castro,DB,FS,PIT,49,DEV,Practice Squad,1,Iowa,"https://static.www.nfl.com/image/upload/f_auto,q_auto/league/df4sh5ddoseg7d5bbl6q",2026
,00-0040528,,,,,JJ Galbreath,J.J.,Galbreath,TE,TE,IND,47,CUT,Cut,1,South Dakota,"https://static.www.nfl.com/image/upload/f_auto,q_auto/league/rt28raaxljxinfm6vtmy",2026
4566158,00-0040530,,SaulBe00,,18744,Ben Sauls,Ben,Sauls,K,K,NYG,30,CUT,Cut,1,Pittsburgh,"https://static.www.nfl.com/image/upload/f_auto,q_auto/league/xtbztjfp9xzrfn5ajkrw",2026
4431597,00-0040531,12972,TaylRo02,,18651,Roc Taylor,Rokafewlloa,Taylor,WR,WR,CAR,39,CUT,Cut,1,,"https://static.www.nfl.com/image/upload/f_auto,q_auto/league/jeido54r1gfedjcqftyb",2026
4570738,00-0040534,12971,WillKe08,,18841,Ke'Shawn Williams,Ke'shawn,Williams,WR,WR,CIN,12,ACT,Active,1,Indiana; Wake Forest,"https://static.www.nfl.com/image/upload/f_auto,q_auto/league/r7enwgccqv93feuoeurz",2026
,00-0040535,,,,,Dalys Beanum,Dalys,Beanum,DB,CB,NO,37,CUT,Cut,1,South Dakota State,"https://static.www.nfl.com/image/upload/f_auto,q_auto/league/zs9ghevertnmwp39txwy",2026
,00-0040537,,,,,Elliott Davison,Elliott,Davison,DB,FS,NO,35,CUT,Cut,1,Texas-San Antonio,"https://static.www.nfl.com/image/upload/f_auto,q_auto/league/sam2pxtmbodcfdlh2sy6",2026
,00-0040539,,,,,Easton Kilty,Easton,Kilty,OL,T,NO,73,DEV,Practice Squad,1,Kansas State; North Dakota,"https://static.www.nfl.com/image/upload/f_auto,q_auto/league/r7eqjkhct7nyfatnnepz",2026
,00-0040541,,,,,Torricelli Simpkins III,Torricelli,Simpkins,OL,G,CAR,65,DEV,Practice Squad,1,South Carolina; North Carolina Central,"https://static.www.nfl.com/image/upload/f_auto,q_auto/league/xhof0hsbncovhmhhvifd",2026
4429324,00-0040546,12603,BryaCo02,,18598,Cobee Bryant,Jacobee,Bryant,DB,CB,ATL,37,CUT,Cut,1,Kansas,"https://static.www.nfl.com/image/upload/f_auto,q_auto/league/hkvranq1xue9oed9vz12",2026
4605841,00-0040547,12897,,,18894,Nate Carter,Nate,Carter,RB,RB,KC,35,DEV,Practice Squad,1,Michigan State; Connecticut,"https://static.www.nfl.com/image/upload/f_auto,q_auto/league/c7wg2qvjvd8diaaujwpt",2026
,00-0040548,,,,,Joshua Gray,Joshua,Gray,OL,G,MIN,79,CUT,Cut,1,Oregon State,"https://static.www.nfl.com/image/upload/f_auto,q_auto/league/k6rbkmqfazi6vs3m7gnm",2026
,00-0040550,,,,,Dontae Manning,Dontae,Manning,DB,CB,CHI,27,RES,Reserve/IR,1,Oregon,"https://static.www.nfl.com/image/upload/f_auto,q_auto/league/duyp9cxrllwfqad4briv",2026
4570242,00-0040551,12478,NashNi00,,18455,Nick Nash,Nick,Nash,WR,WR,WAS,19,CUT,Cut,1,San Jose State,"https://static.www.nfl.com/image/upload/f_auto,q_auto/league/skgrkbcrfxdtraru3l6d",2026
4430482,00-0040552,12883,SimoJo03,,18621,Joshua Simon,Joshua,Simon,TE,TE,WAS,47,DEV,Practice Squad,1,South Carolina; Western Kentucky,"https://static.www.nfl.com/image/upload/f_auto,q_auto/league/odhcpm4qqmp9nn7b8j7v",2026
4572380,00-0040553,12884,,,18898,Quincy Skinner Jr.,Quincy,Skinner,WR,WR,NYJ,39,CUT,Cut,1,,"https://static.www.nfl.com/image/upload/f_auto,q_auto/league/ni8qfwwvpyklvxqseorj",2026
,00-0040554,,,,,Malik Verdon,Malik,Verdon,LB,ILB,ATL,43,RES,Reserve/IR,1,Iowa State,"https://static.www.nfl.com/image/upload/f_auto,q_auto/league/p8azvlhqxurwe6k1tr9b",2026
4431431,00-0040556,12491,KineCo00,,18532,Corey Kiner,Corey,Kiner,RB,RB,NE,37,ACT,Active,1,Cincinnati; LSU,"https://static.www.nfl.com/image/upload/f_auto,q_auto/league/tpnamrgzfbytwlzhhyf8",2026
,00-0040557,,,,,Drew Moss,Drew,Moss,OL,G,TEN,67,DEV,Practice Squad,1,Colorado State; Lamar,"https://static.www.nfl.com/image/upload/f_auto,q_auto/league/dv8tuwzq6fptydjywws3",2026
4428116,00-0040558,13074,NeyoIs00,,18458,Isaiah Neyor,Isaiah,Neyor,WR,WR,GB,80,DEV,Practice Squad,1,Nebraska; Texas; Wyoming,"https://static.www.nfl.com/image/upload/f_auto,q_auto/league/kpmodyntguke9pmvxeyw",2026
,00-0040559,,,,,Jakob Robinson,Jakob,Robinson,DB,CB,SF,43,DEV,Practice Squad,1,BYU; Utah State,"https://static.www.nfl.com/image/upload/f_auto,q_auto/league/qlefsw8fylwrmbgtmez7",2026
,00-0040560,,,,,Sebastian Valdez,Sebastian,Valdez,DL,DT,SF,55,DEV,Practice Squad,1,Washington; Montana State,"https://static.www.nfl.com/image/upload/f_auto,q_auto/league/cnb82o0pkp0k2ng5mrrp",2026
4695193,00-0040563,12542,ChisEf00,,18889,Efton Chism III,Efton,Chism,WR,WR,NE,86,ACT,Active,1,Eastern Washington,"https://static.www.nfl.com/image/upload/f_auto,q_auto/league/zbnf3ujmwprzgjnwdtlo",2026
,00-0040564,,,,,Jack Conley,John,Conley,OL,G,NE,67,CUT,Cut,1,Boston College,"https://static.www.nfl.com/image/upload/f_auto,q_auto/league/nkocajkdxqcb8nfolh79",2026
,00-0040565,,,,,Brandon Crossley,Brandon,Crossley,DB,CB,NE,39,CUT,Cut,1,SMU; Colorado State,"https://static.www.nfl.com/image/upload/f_auto,q_auto/league/fg2xxnydii7ydbqmypzz",2026
4596545,00-0040566,12984,DippCJ00,,18474,CJ Dippre,C.J.,Dippre,TE,TE,TB,82,DEV,Practice Squad,1,Alabama; Maryland,"https://static.www.nfl.com/image/upload/f_auto,q_auto/league/azvsbbacjbgiyr3hmgdi",2026
,00-0040567,,,,,Brock Lampe,Brock,Lampe,RB,RB,SEA,46,CUT,Cut,1,Northern Illinois,"https://static.www.nfl.com/image/upload/f_auto,q_auto/league/qjprz2xsfvwi0zqrpyh1",2026
4698253,00-0040568,12969,LariLa00,,18886,Lan Larison,Lan,Larison,RB,RB,NE,34,DEV,Practice Squad,1,UC Davis,"https://static.www.nfl.com/image/upload/f_auto,q_auto/league/dfvjypx4regh68bhrrlt",2026
,00-0040570,,,,,Jeremiah Webb,Jeremiah,Webb,WR,WR,NE,29,RES,Reserve/IR,1,South Alabama; South Dakota,"https://static.www.nfl.com/image/upload/f_auto,q_auto/league/dfay1nwxlijuhxbqcids",2026
,00-0040572,,,,,Jahvaree Ritzie,Jahvaree,Ritzie,DL,DE,MIN,96,DEV,Practice Squad,1,North Carolina,"https://static.www.nfl.com/image/upload/f_auto,q_auto/league/wc149d02t0sbougkceuk",2026
,00-0040573,,,,,Cam Riley,Cam,Riley,LB,OLB,MIA,38,CUT,Cut,1,Florida State; Auburn,"https://static.www.nfl.com/image/upload/f_auto,q_auto/league/qajlmqbyhiu2s0x5zzfq",2026
4688432,00-0040574,12978,PondEl02,,19092,Elijah Ponder,Elijah,Ponder,LB,OLB,NE,91,ACT,Active,1,Cal Poly (San Luis Obispo),"https://static.www.nfl.com/image/upload/f_auto,q_auto/league/g9d7riu8zsysuaqbqpjc",2026
,00-0040576,,,,,Josh Minkins,Josh,Minkins,DB,DB,ARI,38,CUT,Cut,1,,"https://static.www.nfl.com/image/upload/f_auto,q_auto/league/ycuiofsxvlbphdmuln5k",2026
4685597,00-0040577,12568,WalkJa02,,18683,Jalon Walker,Jalon,Walker,LB,OLB,ATL,11,RES,Reserve/IR,1,Georgia,"https://static.www.nfl.com/image/upload/f_auto,q_auto/league/mmtinfxaeg8afpuwwudm",2026
5081394,00-0040578,12585,PearJa00,,18657,James Pearce Jr.,James,Pearce,LB,OLB,ATL,27,RES,Reserve/IR,1,Tennessee,"https://static.www.nfl.com/image/upload/f_auto,q_auto/league/iw7gq1kiprdcsomewxuh",2026
4876017,00-0040579,12578,SchwCa00,,18717,Carson Schwesinger,Carson,Schwesinger,LB,MLB,CLE,49,ACT,Active,1,UCLA,"https://static.www.nfl.com/image/upload/f_auto,q_auto/league/ga2yg6qhxs12sqo6jvfz",2026
4682983,00-0040580,12621,StewJo03,,18662,Josaiah Stewart,Josaiah,Stewart,LB,OLB,LA,10,ACT,Active,1,Michigan; Coastal Carolina,"https://static.www.nfl.com/image/upload/f_auto,q_auto/league/epzy8ucs3mt2qgxhuolw",2026
4432775,00-0040581,12541,ThorDo00,,18558,Dont'e Thornton Jr.,Dont'e,Thornton,WR,WR,LV,10,RES,Reserve/IR,1,Tennessee; Oregon,"https://static.www.nfl.com/image/upload/f_auto,q_auto/league/hlxztd3lpjaxtzojuxwh",2026
4429105,00-0040582,12539,SmitAr01,,18646,Arian Smith,Arian,Smith,WR,WR,NYJ,82,ACT,Active,1,Georgia,"https://static.www.nfl.com/image/upload/f_auto,q_auto/league/asywvwrn6zhlidxothqn",2026
4429059,00-0040583,12474,MarkWo00,,18449,Woody Marks,Jo'Quavious,Marks,RB,RB,HOU,4,ACT,Active,1,USC; Mississippi State,"https://static.www.nfl.com/image/upload/f_auto,q_auto/league/y5ntpcenhhhv98uz2fys",2026
4686728,00-0040584,12502,HelmGu00,,18503,Gunnar Helm,Gunnar,Helm,TE,TE,TEN,84,ACT,Active,1,Texas,"https://static.www.nfl.com/image/upload/f_auto,q_auto/league/hewm6ztgka7xkbl6ybvb",2026
4431118,00-0040585,12676,HamiTy00,,18690,Ty Hamilton,Ty,Hamilton,DL,NT,LA,57,ACT,Active,1,Ohio State,"https://static.www.nfl.com/image/upload/f_auto,q_auto/league/gtriftz4gtmqpetxqp9o",2026
4685279,00-0040586,12457,BlueJa01,,18499,Jaydon Blue,Jaydon,Blue,RB,RB,PHI,23,DEV,Practice Squad,1,Texas,"https://static.www.nfl.com/image/upload/f_auto,q_auto/league/lscygdlqczomp0l9oykv",2026
,00-0040587,,,,,Drew Kendall,Andrew,Kendall,OL,C,PHI,66,ACT,Active,1,Boston College,"https://static.www.nfl.com/image/upload/f_auto,q_auto/league/l9iy9p3yufggrfo1zojz",2026
4602943,00-0040588,12659,PaulCh01,,18493,Pooh Paul Jr.,Chris,Paul,LB,ILB,SEA,49,CUT,Cut,1,Mississippi,"https://static.www.nfl.com/image/upload/f_auto,q_auto/league/psmpytneuttddqhfswhj",2026
4430431,00-0040589,12477,RourKu01,,18565,Kurtis Rourke,Kurtis,Rourke,QB,QB,SF,14,ACT,Active,1,Indiana,"https://static.www.nfl.com/image/upload/f_auto,q_auto/league/rq4swf5c2ar45ljuc0w2",2026
4710855,00-0040590,12718,MumpKo00,,17081,Konata Mumpfield,Konata,Mumpfield,WR,WR,LA,4,ACT,Active,1,Pittsburgh; Akron,"https://static.www.nfl.com/image/upload/f_auto,q_auto/league/cehkowkvb4aujslmppbj",2026
,00-0040593,,,,,Mehki Butler,Mehki,Butler,OL,G,NE,63,CUT,Cut,1,Arkansas State; Iowa Western CC,"https://static.www.nfl.com/image/upload/f_auto,q_auto/league/ybglujklleo4mjd4wio9",2026
,00-0040594,,,,,Jamil Muhammad,Jamil,Muhammad,DL,DE,CLE,67,CUT,Cut,1,USC; Georgia State; Vanderbilt,"https://static.www.nfl.com/image/upload/f_auto,q_auto/league/wbzfffhzpxeqllass1cq",2026
,00-0040595,,,,,Bill Norton,Bill,Norton,DL,DT,LA,93,DEV,Practice Squad,1,Texas; Arizona; Georgia,"https://static.www.nfl.com/image/upload/f_auto,q_auto/league/y9juhhbkhnit1qol7piy",2026
4431342,00-0040597,13011,PresBr00,,18919,Brennan Presley,Brennan,Presley,WR,WR,LA,81,DEV,Practice Squad,1,Oklahoma State,"https://static.www.nfl.com/image/upload/f_auto,q_auto/league/v5cydesy5zo4njavqwxb",2026
,00-0040598,,,,,Mark Redman,Mark,Redman,TE,TE,GB,83,ACT,Active,1,Louisville; San Diego State,"https://static.www.nfl.com/image/upload/f_auto,q_auto/league/m20wrukxvkgbvs70qpai",2026
,00-0040600,,,,,Nate Valcarcel,Nathaniel,Valcarcel,DB,FS,LA,43,CUT,Cut,1,Northern Illinois; South Dakota,"https://static.www.nfl.com/image/upload/f_auto,q_auto/league/dpxsxb6f7s8hymgvpfin",2026
,00-0040601,,,,,Jordan Waters,Jordan,Waters,RB,RB,LA,32,DEV,Practice Squad,1,N.C. State; Duke,"https://static.www.nfl.com/image/upload/f_auto,q_auto/league/wszz5ts7eqzjgiuwep45",2026
,00-0040602,,,,,Trey Wedig,Trey,Wedig,OL,T,IND,69,CUT,Cut,1,Indiana; Wisconsin,"https://static.www.nfl.com/image/upload/f_auto,q_auto/league/j9w4zu4vdw6jihn1fbvk",2026
4427408,00-0040604,,HarvJa00,,19113,Jahfari Harvey,Jahfari,Harvey,LB,OLB,LV,91,DEV,Practice Squad,1,SMU; Miami,"https://static.www.nfl.com/image/upload/f_auto,q_auto/league/wku1t52bulqtrb9sscw0",2026
,00-0040609,,,,,Tru Edwards,Tru,Edwards,WR,WR,LA,16,CUT,Cut,1,Louisiana Tech; Hawaii; Navarro,"https://static.www.nfl.com/image/upload/f_auto,q_auto/league/xhstos22n8zl6qe6v2zn",2026
,00-0040611,,,,,Wyatt Bowles,Wyatt,Bowles,OL,G,LA,60,CUT,Cut,1,Utah State,"https://static.www.nfl.com/image/upload/f_auto,q_auto/league/b0lgpmv2mgdvxhvgpagn",2026
4693848,00-0040613,13000,DolaSh00,,18913,Shaun Dolac,Shaun,Dolac,LB,ILB,LA,56,ACT,Active,1,Buffalo,"https://static.www.nfl.com/image/upload/f_auto,q_auto/league/hqgtyx8usody1lywex4a",2026
,00-0040616,,,,,Kisean Johnson,Kisean,Johnson,WR,WR,GB,86,CUT,Cut,1,Western Kentucky; Alabama State,"https://static.www.nfl.com/image/upload/f_auto,q_auto/league/eagyx2phlssmmdczurx3",2026
4566157,00-0040617,13189,FlorLu00,,19111,Luke Floriea,Luke,Floriea,WR,WR,CLE,81,CUT,Cut,1,Kent State,"https://static.www.nfl.com/image/upload/f_auto,q_auto/league/boxgpizulptcax2vb0pw",2026
,00-0040618,,,,,Max Hurleman,Max,Hurleman,WR,WR,PIT,84,DEV,Practice Squad,1,Notre Dame; Colgate,"https://static.www.nfl.com/image/upload/f_auto,q_auto/league/axybwbw7inp1vu7xxf0t",2026
4600597,00-0040621,13199,FostMo00,,19119,Montorie Foster Jr,Montorie,Foster,WR,WR,SEA,87,ACT,Active,1,Michigan State,"https://static.www.nfl.com/image/upload/f_auto,q_auto/league/qkyl0pfhi4pmzdtodu9k",2026
4696782,00-0040624,,WillEl00,,19124,Elijah Williams,Elijah,Williams,DL,DT,MIN,99,ACT,Active,1,Morgan State,"https://static.www.nfl.com/image/upload/f_auto,q_auto/league/jdad4ub2ljy6hynzxmb4",2026
4568492,00-0040625,13187,JackNi00,,19110,Nick Jackson,Nick,Jackson,LB,ILB,TB,53,CUT,Cut,1,Iowa; Virginia,"https://static.www.nfl.com/image/upload/f_auto,q_auto/league/v70vlurxo9qr6hv1ehsy",2026
4429466,00-0040628,,DabnDr00,,19137,Drake Dabney,Drake,Dabney,TE,TE,GB,49,DEV,Practice Squad,1,TCU; Baylor,"https://static.www.nfl.com/image/upload/f_auto,q_auto/league/olsiufbauh2x6pshrygm",2026
4569372,00-0040629,13202,CampDa01,,19125,Dalevon Campbell,Dalevon,Campbell,WR,WR,LAC,81,RES,Reserve/IR,1,South Carolina,"https://static.www.nfl.com/image/upload/f_auto,q_auto/league/dgfltlpm8wahq2trfxag",2026
,00-0040631,,,,,Willie Lampkin,Willie,Lampkin,OL,C,PHI,61,ACT,Active,1,North Carolina; Coastal Carolina,"https://static.www.nfl.com/image/upload/f_auto,q_auto/league/dvfolbczklyzblzpztct",2026
,00-0040633,,,,,Kyrese Rowan,Kyrese,Rowan,WR,WR,DEN,37,CUT,Cut,1,Utah State; Utah,,2026
4693373,00-0040634,,TurnJo00,,19139,Jordan Turner,Jordan,Turner,LB,ILB,DEN,55,ACT,Active,1,Michigan State; Wisconsin,"https://static.www.nfl.com/image/upload/f_auto,q_auto/league/pksjz8mnu6w6s3k3mh6c",2026
4694334,00-0040636,13172,MartKe03,,19142,Keyon Martin,Keyon,Martin,DB,CB,BAL,38,ACT,Active,1,Louisiana-Lafayette; Youngstown State,"https://static.www.nfl.com/image/upload/f_auto,q_auto/league/kuvtqhos7jfzxbvykdrh",2026
,00-0040637,,,,,Lucas Scott,Lucas,Scott,RB,FB,BAL,47,CUT,Cut,1,Army,"https://static.www.nfl.com/image/upload/f_auto,q_auto/league/fczsn4gxvqg2a99hlkdy",2026
,00-0040639,,,,,Grey Zabel,Grey,Zabel,OL,G,SEA,76,ACT,Active,1,North Dakota State,"https://static.www.nfl.com/image/upload/f_auto,q_auto/league/ttuahecuymewba9naaql",2026
4684432,00-0040640,12623,GillAs00,,18667,Ashton Gillotte,Ashton,Gillotte,DL,DE,KC,97,ACT,Active,1,Louisville,"https://static.www.nfl.com/image/upload/f_auto,q_auto/league/bk23ynvyi8g8ppbwb764",2026
4430330,00-0040641,12584,PortDa00,,18589,Darien Porter,Darien,Porter,DB,CB,LV,26,ACT,Active,1,Iowa State,"https://static.www.nfl.com/image/upload/f_auto,q_auto/league/gnds1mpnqkorwzagcoau",2026
4429040,00-0040642,12618,BrouVe00,,18699,Vernon Broughton,Vernon,Broughton,DL,DT,NO,91,ACT,Active,1,Texas,"https://static.www.nfl.com/image/upload/f_auto,q_auto/league/jij1yqsdhelakkptqz9k",2026
4683813,00-0040643,12619,SankJo00,,18628,Jonas Sanker,Jonas,Sanker,DB,FS,NO,7,ACT,Active,1,Virginia,"https://static.www.nfl.com/image/upload/f_auto,q_auto/league/pq0uzqjisndztl1ru3oa",2026
4685350,00-0040644,12531,EtieTr01,,18506,Trevor Etienne,Trevor,Etienne,RB,RB,CAR,23,RES,Reserve/IR,1,Georgia; Florida,"https://static.www.nfl.com/image/upload/f_auto,q_auto/league/pcuzq84x7ia5yvmikltb",2026
4429071,00-0040645,12648,SimoCo01,,18723,Cody Simon,Cody,Simon,LB,ILB,ARI,0,ACT,Active,1,Ohio State,"https://static.www.nfl.com/image/upload/f_auto,q_auto/league/spyk3s7fvbcbz7vj32sg",2026
5082630,00-0040646,12505,RoyaJa00,,18550,Jalen Royals,Jalen,Royals,WR,WR,KC,11,ACT,Active,1,Utah State,"https://static.www.nfl.com/image/upload/f_auto,q_auto/league/sqrid1hnmwqymcp2vxfx",2026
4430838,00-0040647,12680,MillRy02,,18697,Rylie Mills,Rylie,Mills,DL,DT,SEA,98,ACT,Active,1,Notre Dame,"https://static.www.nfl.com/image/upload/f_auto,q_auto/league/st6tr9jhr7kn6apkycp3",2026
4597703,00-0040648,12497,HortTo00,,17772,Tory Horton,Tory,Horton,WR,WR,SEA,15,ACT,Active,1,Colorado State; Nevada,"https://static.www.nfl.com/image/upload/f_auto,q_auto/league/lmsun4qzmk1rkgt4kw76",2026
4691688,00-0040649,12656,OuztRo00,,18624,Robbie Ouzts,Robbie,Ouzts,RB,FB,SEA,40,RES,Reserve/IR,1,Alabama,"https://static.www.nfl.com/image/upload/f_auto,q_auto/league/kdykjwqk5xcnrfbtp47o",2026
,00-0040650,,,,,Bryce Cabeldue,Bryce,Cabeldue,OL,G,SEA,77,ACT,Active,1,Kansas,"https://static.www.nfl.com/image/upload/f_auto,q_auto/league/dwruw0cuhqfqomv8cjwe",2026
4808830,00-0040651,12462,MartDa02,,18528,Damien Martinez,Damien,Martinez,RB,RB,GB,26,CUT,Cut,1,Miami; Oregon State,"https://static.www.nfl.com/image/upload/f_auto,q_auto/league/ys773vjsxprn6hr0mwri",2026
,00-0040652,,,,,Mason Richman,Mason,Richman,OL,T,SEA,78,RES,Reserve/IR,1,Iowa,"https://static.www.nfl.com/image/upload/f_auto,q_auto/league/m8ihmpvqxsn2d7nfmrkb",2026
4431479,00-0040653,12475,WhitRi01,,18560,Ricky White III,Ricky,White,WR,WR,SEA,86,DEV,Practice Squad,1,UNLV; Michigan State,"https://static.www.nfl.com/image/upload/f_auto,q_auto/league/sgtcxvsg5m0s6rdizjfb",2026
4570033,00-0040654,13215,KroeKa00,,19186,Kai Kroeger,Kai,Kroeger,P,P,HOU,38,ACT,Active,1,South Carolina,"https://static.www.nfl.com/image/upload/f_auto,q_auto/league/jujimmrfpazu360znwfe",2026
,00-0040655,,,,,Keith Cooper Jr.,Keith,Cooper,DL,DT,MIA,97,ACT,Active,1,Houston; Tulane,"https://static.www.nfl.com/image/upload/f_auto,q_auto/league/tsr4nvxl1xnbcds25pof",2026
4565358,00-0040656,13217,DekkHu00,,18809,Hunter Dekkers,Hunter,Dekkers,QB,QB,NO,13,CUT,Cut,1,Iowa Western CC; Iowa State,"https://static.www.nfl.com/image/upload/f_auto,q_auto/league/fcuzrfcbmtqlxksgmg7i",2026
,00-0040658,,,,,Kaimon Rucker,Kaimon,Rucker,LB,OLB,BAL,56,DEV,Practice Squad,1,North Carolina,"https://static.www.nfl.com/image/upload/f_auto,q_auto/league/ayai0zgfxwglyzrjkmmx",2026
,00-0040659,,,,,Derrick Canteen,Derrick,Canteen,DB,FS,TEN,42,CUT,Cut,1,Cincinnati; Virginia Tech,"https://static.www.nfl.com/image/upload/f_auto,q_auto/league/vfpxchkywc1vt3yeom9q",2026
4685623,00-0040660,12602,WillMy00,,18584,Mykel Williams,Mykel,Williams,DL,DE,SF,98,RES,Reserve/IR,1,Georgia,"https://static.www.nfl.com/image/upload/f_auto,q_auto/league/jas5em3i7xswbtoqr6qz",2026
,00-0040661,,,,,Donovan Jackson,Donovan,Jackson,OL,G,MIN,74,ACT,Active,1,Ohio State,"https://static.www.nfl.com/image/upload/f_auto,q_auto/league/xurpqjpbr0arxuxqanhb",2026
4569586,00-0040662,12651,RobiTy02,,18688,Ty Robinson,Ty,Robinson,DL,DT,PHI,95,ACT,Active,1,Nebraska,"https://static.www.nfl.com/image/upload/f_auto,q_auto/league/wzfhauuzpt28giuk4dxt",2026
5083076,00-0040663,12506,FannHa00,,18472,Harold Fannin Jr.,Harold,Fannin,TE,TE,CLE,44,ACT,Active,1,Bowling Green,"https://static.www.nfl.com/image/upload/f_auto,q_auto/league/fxublmpnxx9uggsddwik",2026
4685382,00-0040666,12507,HampOm00,,18445,Omarion Hampton,Omarion,Hampton,RB,RB,LAC,8,ACT,Active,1,North Carolina,"https://static.www.nfl.com/image/upload/f_auto,q_auto/league/lf2jxvxnbexlinoydbej",2026
4701936,00-0040667,12501,GoldMa02,,18500,Matthew Golden,Matthew,Golden,WR,WR,GB,0,ACT,Active,1,Texas; Houston,"https://static.www.nfl.com/image/upload/f_auto,q_auto/league/dbjki6b0swksr7mk17wk",2026
4432762,00-0040668,12524,SandSh00,,18479,Shedeur Sanders,Shedeur,Sanders,QB,QB,CLE,2,ACT,Active,1,Colorado; Jackson State University,"https://static.www.nfl.com/image/upload/f_auto,q_auto/league/joe08hz6to2madpko8zl",2026
5123663,00-0040669,12535,TeSlIs00,,18642,Isaac TeSlaa,Isaac,TeSlaa,WR,WR,DET,18,ACT,Active,1,Arkansas; Hillsdale,"https://static.www.nfl.com/image/upload/f_auto,q_auto/league/ducfhbiy2a8loytcjymn",2026
4610705,00-0040670,12622,WillNo01,,18593,Nohl Williams,Nohl,Williams,DB,CB,KC,20,ACT,Active,1,California,"https://static.www.nfl.com/image/upload/f_auto,q_auto/league/pf22yjk2vhk7gc6ogh8z",2026
4431615,00-0040672,12554,WillTy02,,18684,Tyleik Williams,Tyleik,Williams,DL,DT,DET,91,ACT,Active,1,Ohio State,"https://static.www.nfl.com/image/upload/f_auto,q_auto/league/emppyzljgfew4i1qmdhb",2026
4432734,00-0040673,12510,MilrJa00,,18477,Jalen Milroe,Jalen,Milroe,QB,QB,SEA,6,ACT,Active,1,Alabama,"https://static.www.nfl.com/image/upload/f_auto,q_auto/league/hohqoqpdyquxn1sr1fm2",2026
,00-0040674,,,,,Keydrain Calligan,Keydrain,Calligan,DB,CB,TEN,29,CUT,Cut,1,Southeastern Louisiana; Jackson State University,,2026
4688380,00-0040676,12522,WardCa00,,16997,Cam Ward,Cameron,Ward,QB,QB,TEN,1,ACT,Active,1,Miami; Washington State; Incarnate Word,"https://static.www.nfl.com/image/upload/f_auto,q_auto/league/l7switu6stlwd2irm8yo",2026
4725996,00-0040677,12574,CartAb00,,18581,Abdul Carter,Abdul,Carter,LB,OLB,NYG,3,ACT,Active,1,Penn State,"https://static.www.nfl.com/image/upload/f_auto,q_auto/league/tfchuu4khsh6jarotqga",2026
4682980,00-0040678,12561,HarmDe01,,18489,Derrick Harmon,Derrick,Harmon,DL,DT,PIT,99,ACT,Active,1,Oregon; Michigan State,"https://static.www.nfl.com/image/upload/f_auto,q_auto/league/ogsybhwk95emepsiu0my",2026
,00-0040679,,,,,Sean Fresch,Sean,Fresch,DB,CB,DEN,37,DEV,Practice Squad,0,Rice,,2026
,00-0040684,,,,,Patrick Jenkins,Patrick,Jenkins,DL,NT,CLE,53,CUT,Cut,1,Tulane; TCU,"https://static.www.nfl.com/image/upload/f_auto,q_auto/league/kcf9vitwxtf3rlujrb2q",2026
4873232,00-0040685,12573,GrahMa00,,18461,Mason Graham,Mason,Graham,DL,DT,CLE,94,ACT,Active,1,Michigan,"https://static.www.nfl.com/image/upload/f_auto,q_auto/league/fizf7lkmgqhpg9o8vu92",2026
,00-0040686,,,,,Josh Conerly Jr.,Joshua,Conerly,OL,T,WAS,72,ACT,Active,1,Oregon,"https://static.www.nfl.com/image/upload/f_auto,q_auto/league/q9vrq43u3qh6nw3rcajo",2026
,00-0040687,,,,,Cameron Williams,Cameron,Williams,OL,T,ATL,73,ACT,Active,1,Texas,,2026
4685530,00-0040688,12567,StarMa00,,18619,Malaki Starks,William,Starks,DB,FS,BAL,24,ACT,Active,1,Georgia,"https://static.www.nfl.com/image/upload/f_auto,q_auto/league/lqdlc7railysoycjeny9",2026
,00-0040689,,,,,Anthony Campbell,Anthony,Campbell,DL,DT,GB,60,ACT,Active,1,Miami; Louisiana-Monroe; Independence Comm. College,"https://static.www.nfl.com/image/upload/f_auto,q_auto/league/wyekuw2nez6ldavs3kwt",2026
4689114,00-0040691,12508,DartJa00,,18574,Jaxson Dart,Jaxson,Dart,QB,QB,NYG,6,ACT,Active,1,Mississippi; USC,"https://static.www.nfl.com/image/upload/f_auto,q_auto/league/n6uymxssgiicjmxkzxoc",2026
4710341,00-0040692,11569,HuntJa03,,18523,Jarquez Hunter,Jarquez,Hunter,RB,RB,MIA,31,DEV,Practice Squad,1,Auburn,"https://static.www.nfl.com/image/upload/f_auto,q_auto/league/pqqxp2q7mkpnqbahu25c",2026
4426542,00-0040694,12581,AlexDa01,,18696,Darius Alexander,Darius,Alexander,DL,DT,NYG,91,ACT,Active,1,Toledo,"https://static.www.nfl.com/image/upload/f_auto,q_auto/league/upwtqewimo1hydyqwznv",2026
,00-0040697,,,,,Thomas Gordon,Thomas,Gordon,TE,TE,DET,82,DEV,Practice Squad,1,Northwestern,"https://static.www.nfl.com/image/upload/f_auto,q_auto/league/xjwwmrgezlioppxjmkod",2026
,00-0040699,,,,,Will Campbell,Will,Campbell,OL,T,NE,66,ACT,Active,1,LSU,"https://static.www.nfl.com/image/upload/f_auto,q_auto/league/mqfqwcdx3l4437twzxhm",2026
,00-0040702,,,,,Mitch Van Vooren,Mitchell,Van Vooren,TE,TE,DAL,80,DEV,Practice Squad,1,,,2026
4427238,00-0040704,12486,GabrDi00,,18496,Dillon Gabriel,Dillon,Gabriel,QB,QB,CLE,6,RES,Reserve/IR,1,Oregon; Oklahoma; UCF,"https://static.www.nfl.com/image/upload/f_auto,q_auto/league/szpyvusef9jvoctbnkbk",2026
4431268,00-0040705,12540,DikeCh00,,18641,Chimere Dike,Chimere,Dike,WR,WR,TEN,17,ACT,Active,1,Florida; Wisconsin,"https://static.www.nfl.com/image/upload/f_auto,q_auto/league/cbcpv4931dqmgsu3anvo",2026
4685503,00-0040706,12552,NoleWa00,,18490,Walter Nolen,Walter,Nolen,DL,DT,ARI,97,ACT,Active,1,Mississippi; Texas A&M,"https://static.www.nfl.com/image/upload/f_auto,q_auto/league/jr8karjanloyyas4erxt",2026
4685287,00-0040708,12566,CampJi00,,18718,Jihaad Campbell,Jihaad,Campbell,LB,ILB,PHI,11,ACT,Active,1,Alabama,"https://static.www.nfl.com/image/upload/f_auto,q_auto/league/njvl2eabvfekcqqa4jmq",2026
4688931,00-0040709,12596,HairMa00,,18587,Maxwell Hairston,Maxwell,Hairston,DB,CB,BUF,31,ACT,Active,1,Kentucky,"https://static.www.nfl.com/image/upload/f_auto,q_auto/league/we3enqymnmzrfabz8srg",2026
4831989,00-0040710,12652,WalkDe04,,18691,Deone Walker,Deone,Walker,DL,DT,BUF,96,ACT,Active,1,Kentucky,"https://static.www.nfl.com/image/upload/f_auto,q_auto/league/cn80cdlc2ilvqpsqgx7h",2026
4686308,00-0040711,12649,WestCJ00,,18702,CJ West,Chaddrian,West,DL,DT,SF,99,ACT,Active,1,Indiana; Kent State,"https://static.www.nfl.com/image/upload/f_auto,q_auto/league/tf5wceyqvcyapj2owfcm",2026
,00-0040712,,,,,Vershon Lee,Vershon,Lee,OL,C,ARI,63,DEV,Practice Squad,1,South Carolina,"https://static.www.nfl.com/image/upload/f_auto,q_auto/league/yygtmj3azqkxi1est3eq",2026
4696981,00-0040715,12481,SkatCa00,,18514,Cam Skattebo,Cameron,Skattebo,RB,RB,NYG,44,ACT,Active,1,Arizona State; Sacramento State,"https://static.www.nfl.com/image/upload/f_auto,q_auto/league/hlggiqdfvj1f4kntkafr",2026
4428930,00-0040716,12654,WoodCr00,,18632,Craig Woodson,Craig,Woodson,DB,SS,NE,4,ACT,Active,1,California,"https://static.www.nfl.com/image/upload/f_auto,q_auto/league/ufnmu9eujiuydbihx4gu",2026
4685415,00-0040718,12530,HuntTr00,,18578,Travis Hunter,Travis,Hunter,WR,WR,JAX,12,ACT,Active,1,Colorado; Jackson State University,"https://static.www.nfl.com/image/upload/f_auto,q_auto/league/absw1gfqoiztajjagmf6",2026
4882093,00-0040719,12490,TuteBh00,,18524,Bhayshul Tuten,Bhayshul,Tuten,RB,RB,JAX,33,ACT,Active,1,Virginia Tech; North Carolina A&T,"https://static.www.nfl.com/image/upload/f_auto,q_auto/league/ryjnphuyjbedmgpx5qqj",2026
4430925,00-0040720,12557,BarrJa01,,17773,Jahdae Barron,Jahdae,Barron,DB,CB,DEN,23,ACT,Active,1,Texas,"https://static.www.nfl.com/image/upload/f_auto,q_auto/league/ashvve6dr35gtgdyjo10",2026
4430835,00-0040721,12590,CollAl01,,18685,Alfred Collins,Alfred,Collins,DL,DT,SF,95,ACT,Active,1,Texas,"https://static.www.nfl.com/image/upload/f_auto,q_auto/league/m3gpcjsylxoysk9m9n7w",2026
4683188,00-0040722,12571,GreeMi02,,18779,Mike Green,Michael,Green,LB,OLB,BAL,15,ACT,Active,1,Marshall; Virginia,"https://static.www.nfl.com/image/upload/f_auto,q_auto/league/dh7h3ratc2xd1xed7efh",2026
4427716,00-0040723,12653,KiseJa00,,18727,Jack Kiser,Jack,Kiser,LB,MLB,JAX,54,DEV,Practice Squad,1,Notre Dame,"https://static.www.nfl.com/image/upload/f_auto,q_auto/league/sy2upcvt2tvupphxlasc",2026
4684527,00-0040724,12612,SandTJ00,,18689,T.J. Sanders,Tanaeri,Sanders,DL,DT,BUF,98,ACT,Active,1,South Carolina,"https://static.www.nfl.com/image/upload/f_auto,q_auto/league/wxkk01nfridtywdbl86z",2026
4683848,00-0040725,12556,EzeiDo00,,18656,Donovan Ezeiruaku,Donovan,Ezeiruaku,LB,OLB,DAL,6,ACT,Active,1,Boston College,"https://static.www.nfl.com/image/upload/f_auto,q_auto/league/e8ajbchys6mqj7agkqxf",2026
,00-0040726,,,,,Anthony Belton,Anthony,Belton,OL,T,GB,71,ACT,Active,1,N.C. State; Georgia Military,"https://static.www.nfl.com/image/upload/f_auto,q_auto/league/pk9a1riaxi1hhtjq3ma3",2026
4686612,00-0040727,12509,HarrTr03,,18478,Tre Harris,Cleveland,Harris,WR,WR,LAC,9,ACT,Active,1,Mississippi; Louisiana Tech,"https://static.www.nfl.com/image/upload/f_auto,q_auto/league/v5ofh8jggzo8rygtpwl7",2026
,00-0040728,,,,,Tate Ratledge,Tate,Ratledge,OL,G,DET,69,ACT,Active,1,Georgia,"https://static.www.nfl.com/image/upload/f_auto,q_auto/league/oqps48sgef7jgn67tvzf",2026
4603186,00-0040729,12483,BechJa00,,18457,Jack Bech,John,Bech,WR,WR,LV,18,ACT,Active,1,TCU; LSU,"https://static.www.nfl.com/image/upload/f_auto,q_auto/league/feplgtl0x1svqen9szwv",2026
4568490,00-0040730,12489,HarvRJ00,,18522,RJ Harvey,Robert,Harvey,RB,RB,DEN,12,ACT,Active,1,UCF; Virginia,"https://static.www.nfl.com/image/upload/f_auto,q_auto/league/szxmro5enrxlscvv67xg",2026
4574689,00-0040731,12595,AmosTr00,,18588,Trey Amos,Trey,Amos,DB,CB,WAS,23,RES,Reserve/IR,1,Mississippi; Alabama; Louisiana,"https://static.www.nfl.com/image/upload/f_auto,q_auto/league/cxabcu8nz9p6k6sqsw4t",2026
4869523,00-0040733,12597,EmmaNi00,,18617,Nick Emmanwori,Nick,Emmanwori,DB,SS,SEA,3,ACT,Active,1,South Carolina,"https://static.www.nfl.com/image/upload/f_auto,q_auto/league/pmy1sehsvo596a7si0i0",2026
4432710,00-0040734,12529,HendTr02,,18517,TreVeyon Henderson,TreVeyon,Henderson,RB,RB,NE,32,ACT,Active,1,Ohio State,"https://static.www.nfl.com/image/upload/f_auto,q_auto/league/ebcjvwytgu2y4kqm8ihv",2026
4685278,00-0040735,12519,BurdLu00,,18548,Luther Burden III,Luther,Burden,WR,WR,CHI,10,ACT,Active,1,Missouri,"https://static.www.nfl.com/image/upload/f_auto,q_auto/league/iyuwdz7pbowdkwzq2tg5",2026
4808766,00-0040736,12498,TaylMa02,,18535,Mason Taylor,Mason,Taylor,TE,TE,NYJ,85,ACT,Active,1,LSU,"https://static.www.nfl.com/image/upload/f_auto,q_auto/league/xittx9gih104lw1atfiv",2026
4570037,00-0040737,12487,FergTe00,,18497,Terrance Ferguson,Terrance,Ferguson,TE,TE,LA,18,ACT,Active,1,Oregon,"https://static.www.nfl.com/image/upload/f_auto,q_auto/league/w5o0s5yf6j5dsmiwdtfg",2026
4427729,00-0040738,12617,KnigDe00,,18719,Demetrius Knight Jr.,Demetrius,Knight,LB,ILB,CIN,44,ACT,Active,1,South Carolina; Charlotte,"https://static.www.nfl.com/image/upload/f_auto,q_auto/league/j9eequyosorm1p9zc5gx",2026
4678006,00-0040739,12521,ArroEl00,,18540,Elijah Arroyo,Elijah,Arroyo,TE,TE,SEA,18,ACT,Active,1,Miami,"https://static.www.nfl.com/image/upload/f_auto,q_auto/league/m5rdyemjoxl4cuz9yun8",2026
,00-0040740,,,,,Ozzy Trapilo,Ozzy,Trapilo,OL,T,CHI,75,ACT,Active,1,Boston College,"https://static.www.nfl.com/image/upload/f_auto,q_auto/league/xjnksmbwipltv0hxz4qj",2026
4432804,00-0040741,12616,TurnSh00,,18577,Shemar Turner,Shemar,Turner,DL,DE,CHI,95,RES,Reserve/IR,1,Texas A&M,"https://static.www.nfl.com/image/upload/f_auto,q_auto/league/gj6rxglwrkzwgvvq0z1q",2026
,00-0040742,,,,,Jonah Savaiinaea,Jonah,Savaiinaea,OL,G,MIA,71,ACT,Active,1,Arizona,"https://static.www.nfl.com/image/upload/f_auto,q_auto/league/va8dirlxszzh3ufmfiti",2026
4360689,00-0040743,12545,ShouTy00,,17037,Tyler Shough,Tyler,Shough,QB,QB,NO,6,ACT,Active,1,Louisville; Texas Tech; Oregon,"https://static.www.nfl.com/image/upload/f_auto,q_auto/league/toiafc7qighw86geo7jf",2026
4566154,00-0040744,12594,TuimJT00,,18661,Jaylahn Tuimoloau,Jaylahn,Tuimoloau,DL,DE,IND,91,ACT,Active,1,Ohio State,"https://static.www.nfl.com/image/upload/f_auto,q_auto/league/cxkxb1csogr9v773tdib",2026
,00-0040745,,,,,Aireontae Ersery,Aireontae,Ersery,OL,T,HOU,79,ACT,Active,1,Minnesota,"https://static.www.nfl.com/image/upload/f_auto,q_auto/league/htrlsuwip43rs84xya1u",2026
4833355,00-0040746,12562,ScouNi00,,18658,Nic Scourton,Nic,Scourton,LB,OLB,CAR,11,RES,Reserve/IR,1,Texas A&M; Purdue,"https://static.www.nfl.com/image/upload/f_auto,q_auto/league/urx4ncr2up987hovqjlr",2026
4816107,00-0040747,12576,MorrBe00,,18590,Benjamin Morrison,Benjamin,Morrison,DB,CB,TB,21,ACT,Active,1,Notre Dame,"https://static.www.nfl.com/image/upload/f_auto,q_auto/league/oshm9xdskhlubtb7keyy",2026
4591008,00-0040748,12615,NormOm00,,18705,Omarr Norman-Lott,Omarr,Norman-Lott,DL,DT,KC,55,RES,Reserve/IR,1,Tennessee; Arizona State,"https://static.www.nfl.com/image/upload/f_auto,q_auto/league/jp69jatihj5oqc37g9gv",2026
4602197,00-0040749,12604,MukuAn00,,18626,Andrew Mukuba,Andrew,Mukuba,DB,SS,PHI,24,ACT,Active,1,Texas; Clemson,"https://static.www.nfl.com/image/upload/f_auto,q_auto/league/eurn0h9z78sclv1eq5jp",2026
4685408,00-0040751,12565,JohnWi02,,18462,Will Johnson,William,Johnson,DB,CB,ARI,2,ACT,Active,1,Michigan,"https://static.www.nfl.com/image/upload/f_auto,q_auto/league/dq3zeuqbbnztptdeas6i",2026
4876057,00-0040752,12583,OladOl00,,18669,Oluwafemi Oladejo,Oluwafemi,Oladejo,LB,OLB,TEN,7,ACT,Active,1,UCLA; California,"https://static.www.nfl.com/image/upload/f_auto,q_auto/league/koxindt0qvandhu8otrf",2026
,00-0040753,,,,,Will Sheppard,Will,Sheppard,WR,WR,MIA,81,DEV,Practice Squad,1,Colorado; Vanderbilt,"https://static.www.nfl.com/image/upload/f_auto,q_auto/league/vwyhqfyyxngoljurvrjx",2026
4685562,00-0040756,12560,StewSh00,,18655,Shemar Stewart,Shemar,Stewart,DL,DE,CIN,94,ACT,Active,1,Texas A&M,"https://static.www.nfl.com/image/upload/f_auto,q_auto/league/cxyzfhkxg3ydlilhyunr",2026
4710422,00-0040761,12706,HassAh00,,18678,Ahmed Hassanein,Ahmed,Hassanein,DL,DE,DET,99,ACT,Active,1,Boise State,"https://static.www.nfl.com/image/upload/f_auto,q_auto/league/ok2rok5gpyxwbk4xotyh",2026
,00-0040762,,,,,Laki Tasi,Laki,Tasi,DL,NT,TEN,68,DEV,Practice Squad,1,,"https://static.www.nfl.com/image/upload/f_auto,q_auto/league/pyfigo2gax99vjgmcyhs",2026
,00-0040763,,,,,Mapalo Mwansa,Mapalo,Mwansa,LB,ILB,CAR,58,DEV,Practice Squad,1,,"https://static.www.nfl.com/image/upload/f_auto,q_auto/league/pygjjbgebf2mezvwopa5",2026
,00-0040764,,,,,Federico Maranges,Federico,Maranges,OL,C,SEA,62,DEV,Practice Squad,1,Florida Atlantic,"https://static.www.nfl.com/image/upload/f_auto,q_auto/league/inusdinp7cv7fcdctdkb",2026
,00-0040765,,,,,Valentin Senn,Valentin,Senn,OL,T,ARI,69,DEV,Practice Squad,1,Connecticut; Colorado,"https://static.www.nfl.com/image/upload/f_auto,q_auto/league/h95afg0gtx3x6ik2fgmp",2026
,00-0040769,,,,,Jaden Smith,Jaden,Smith,WR,WR,DAL,17,CUT,Cut,1,Nevada; Tarleton State; Montana State,"https://static.www.nfl.com/image/upload/f_auto,q_auto/league/igfff3jsx73vmtuldw6q",2026
4808839,00-0040782,12503,BondIs00,,18502,Isaiah Bond,Isaiah,Bond,WR,WR,CLE,0,ACT,Active,1,Texas; Alabama,"https://static.www.nfl.com/image/upload/f_auto,q_auto/league/piv889pkizjvgrtpfkxm",2026
4685702,00-0040784,12512,JudkQu00,,18516,Quinshon Judkins,Quinshon,Judkins,RB,RB,CLE,10,ACT,Active,1,Ohio State; Mississippi,"https://static.www.nfl.com/image/upload/f_auto,q_auto/league/ojtce2im0wp2ltyel0vc",2026
4384852,00-0040785,13264,MeyeDo00,,19247,Dohnte Meyers,Dohnte,Meyers,WR,WR,CIN,81,ACT,Active,0,Delta State University; Presbyterian College,"https://static.www.nfl.com/image/upload/f_auto,q_auto/league/xkxpqhtebubkbv1irlkc",2026
,00-0040786,,,,,Jacob Roberts,Jacob,Roberts,LB,ILB,MIN,48,RES,Reserve/IR,0,Wake Forest; North Carolina A&T,"https://static.www.nfl.com/image/upload/f_auto,q_auto/league/r2xg8flrjhh47j9jawx6",2026
,00-0040787,,,,,Devin Veresuk,Devin,Veresuk,LB,MLB,IND,48,CUT,Cut,0,,"https://static.www.nfl.com/image/upload/f_auto,q_auto/league/vg6jlrvtdbpehqhey7d0",2026
,00-0040790,,,,,Rob Carter Jr.,Robert,Carter,DB,CB,IND,39,DEV,Practice Squad,0,Robert Morris,"https://static.www.nfl.com/image/upload/f_auto,q_auto/league/kgjxvzpxjyg3qsl1oedq",2026
,00-0040792,,,,,Layne Pryor,Layne,Pryor,TE,TE,HOU,49,CUT,Cut,1,,"https://static.www.nfl.com/image/upload/f_auto,q_auto/league/w5iwcg7kfl3qunbng23t",2026
,00-0040793,,,,,Paschal Ekeji,Paschal,Ekeji,LB,OLB,NYJ,54,DEV,Practice Squad,1,,"https://static.www.nfl.com/image/upload/f_auto,q_auto/league/tpq98s8c2d42cyctwnsp",2026
,00-0040808,,,,,Jaheim Thomas,Jaheim,Thomas,LB,OLB,MIA,30,CUT,Cut,1,,,2026
,00-0040853,,,,,Carson Towt,Carson,Towt,TE,TE,IND,45,RES,Reserve/IR,0,Notre Dame; Northern Arizona,"https://static.www.nfl.com/image/upload/f_auto,q_auto/league/nwppu7wrirz6adoxgzij",2026
,00-0040864,,,,,Jeffrey M'ba,Jeffrey,M'ba,DL,DT,WAS,60,DEV,Practice Squad,0,SMU; Purdue; Auburn; Independence Comm. College,"https://static.www.nfl.com/image/upload/f_auto,q_auto/league/bgmpvzjizswc85pm5ykr",2026
4870706,00-0040865,,DownCa00,,19399,Caleb Downs,Caleb,Downs,DB,FS,DAL,13,ACT,Active,0,Ohio State,"https://static.www.nfl.com/image/upload/f_auto,q_auto/league/nkj0yjytmlcbciqjus0w",2026
,00-0040866,,,,,Olaivavega Ioane,Olaivavega,Ioane,OL,G,BAL,71,ACT,Active,0,Penn State,"https://static.www.nfl.com/image/upload/f_auto,q_auto/league/x3z8asowfyyrhgc0nujw",2026
4870795,00-0040867,13294,LemoMa00,,19231,Makai Lemon,Makai,Lemon,WR,WR,PHI,9,ACT,Active,0,USC,"https://static.www.nfl.com/image/upload/f_auto,q_auto/league/ys2i2o7c0bl36xvlrojz",2026
4697757,00-0040868,,StukTr00,,19596,Treydan Stukes,Treydan,Stukes,DB,FS,LV,31,ACT,Active,0,Arizona,"https://static.www.nfl.com/image/upload/f_auto,q_auto/league/uhljscop4d7yxtanrwop",2026
4820574,00-0040869,13468,McClCh01,,19523,Chris McClellan,Chris,McClellan,DL,DT,GB,55,ACT,Active,0,Missouri; Florida,"https://static.www.nfl.com/image/upload/f_auto,q_auto/league/jp4ns5e4vgwf7yn5hf1h",2026
4870847,00-0040870,13293,LaneJa01,,19230,Ja'Kobi Lane,Ja'Kobi,Lane,WR,WR,BAL,6,ACT,Active,0,USC,"https://static.www.nfl.com/image/upload/f_auto,q_auto/league/gjezd2a8imfrxyv16wuj",2026
,00-0040871,,,,,Trey Zuhn III,Trey,Zuhn,OL,C,LV,66,ACT,Active,0,Texas A&M,"https://static.www.nfl.com/image/upload/f_auto,q_auto/league/k2qgtsvaic93xeu4jqhh",2026
4685266,00-0040872,13381,BarhJa01,,19492,Jaishawn Barham,Jaishawn,Barham,LB,ILB,DAL,55,ACT,Active,0,Michigan; Maryland,"https://static.www.nfl.com/image/upload/f_auto,q_auto/league/h35ij5cb5g5a8av170ca",2026
4684543,00-0040873,,NealJu00,,19584,Julian Neal,Julian,Neal,DB,CB,SEA,1,ACT,Active,0,Arkansas; Fresno State,"https://static.www.nfl.com/image/upload/f_auto,q_auto/league/izqce9eijr3fgtuhifbp",2026
,00-0040874,,,,,Drew Shelton,Andrew,Shelton,OL,T,DAL,67,ACT,Active,0,Penn State,"https://static.www.nfl.com/image/upload/f_auto,q_auto/league/ach6jq8xsd8xwcplylro",2026
4702577,00-0040875,13496,MoorDe04,,19580,Devin Moore,Devin,Moore,DB,CB,DAL,29,RES,Reserve/IR,0,Florida,"https://static.www.nfl.com/image/upload/f_auto,q_auto/league/uhvkhsxnd5xqgrafkzug",2026
5088338,00-0040876,13268,SarrEl00,,19310,Elijah Sarratt,Elijah,Sarratt,WR,WR,BAL,13,ACT,Active,0,Indiana; James Madison; St. Francis PA,"https://static.www.nfl.com/image/upload/f_auto,q_auto/league/rbtitvma6hjyotcajqtv",2026
4685315,00-0040877,13492,DennDa01,,19253,Dani Dennis-Sutton,Dani Deshon,Dennis-Sutton,LB,OLB,GB,51,ACT,Active,0,Penn State,"https://static.www.nfl.com/image/upload/f_auto,q_auto/league/mcasa9q73bt1zghn7olr",2026
,00-0040878,,,,,Mike Washington Jr.,Mike,Washington,RB,RB,LV,30,ACT,Active,0,Arkansas; New Mexico State; Buffalo,"https://static.www.nfl.com/image/upload/f_auto,q_auto/league/ocdjq5ohmtgdghqdh5m4",2026
4432260,00-0040879,,HibnMa00,,19364,Matthew Hibner,Matthew,Hibner,TE,TE,BAL,88,ACT,Active,0,SMU; Michigan,"https://static.www.nfl.com/image/upload/f_auto,q_auto/league/kkkia0wl2sqsjiwecde0",2026
4870960,00-0040880,13480,OverLT00,,19381,LT Overton,Lebbeus,Overton,DL,DT,DAL,99,ACT,Active,0,Alabama,"https://static.www.nfl.com/image/upload/f_auto,q_auto/league/f7qnzlq019tmi9o6f1ld",2026
,00-0040881,,,,,Fernando Carmona,Fernando,Carmona,OL,G,TEN,66,ACT,Active,0,Arkansas; San Jose State,"https://static.www.nfl.com/image/upload/f_auto,q_auto/league/oajvs6a6je65shncldtr",2026
,00-0040882,,,,,Beau Stephens,Beau,Stephens,OL,G,SEA,60,ACT,Active,0,Iowa,"https://static.www.nfl.com/image/upload/f_auto,q_auto/league/zdtaxq8qwchw3dscp1z0",2026
4682488,00-0040883,,JohnDa11,,19576,Dalton Johnson,Dalton,Johnson,DB,SS,LV,43,ACT,Active,0,Arizona,"https://static.www.nfl.com/image/upload/f_auto,q_auto/league/xtnd8hztdo6o1q9xpuw6",2026
,00-0040884,,,,,Jager Burton,Jager,Burton,OL,C,GB,52,ACT,Active,0,Kentucky,"https://static.www.nfl.com/image/upload/f_auto,q_auto/league/zidvccgdzgf3lwkfcg7v",2026
4702918,00-0040885,13514,RiveCh00,,19590,Chandler Rivers,Chandler,Rivers,DB,CB,BAL,29,ACT,Active,0,Duke,"https://static.www.nfl.com/image/upload/f_auto,q_auto/league/uayykenigfog0qv48yd2",2026
4685555,00-0040886,13288,SingNi01,,18518,Nicholas Singleton,Nicholas,Singleton,RB,RB,TEN,32,ACT,Active,0,Penn State,"https://static.www.nfl.com/image/upload/f_auto,q_auto/league/ztwqbc0s69cbz5ow0r0q",2026
4876132,00-0040887,13273,CuevJo00,,19426,Josh Cuevas,Joshua,Cuevas,TE,TE,BAL,85,ACT,Active,0,Alabama; Washington; Pomona State,"https://static.www.nfl.com/image/upload/f_auto,q_auto/league/maktufaiogxfm5ewjsi9",2026
4685526,00-0040888,13302,RandAd00,,19301,Adam Randall,Adam,Randall,RB,RB,BAL,23,RES,Reserve/IR,0,Clemson,"https://static.www.nfl.com/image/upload/f_auto,q_auto/league/cdr4vibcb4jxp8nswxl9",2026
4917354,00-0040889,13508,MassHe00,,19578,Hezekiah Masses,Hezekiah,Masses,DB,CB,LV,35,ACT,Active,0,California; Florida International,,2026
4912218,00-0040890,13413,AlleCy00,,19631,Cyrus Allen,Cyrus,Allen,WR,WR,KC,13,ACT,Active,0,Cincinnati; Texas A&M; Louisiana Tech,"https://static.www.nfl.com/image/upload/f_auto,q_auto/league/qput6hanukjbatuao8ca",2026
4879250,00-0040891,13335,PaytCo00,,19296,Cole Payton,Cole,Payton,QB,QB,PHI,10,ACT,Active,0,North Dakota State,"https://static.www.nfl.com/image/upload/f_auto,q_auto/league/qt8hajjwkvpynr8nwepz",2026
5081785,00-0040892,,MarsJa02,,19522,Jackie Marshall,Jackie,Marshall,DL,DT,TEN,96,ACT,Active,0,Baylor,"https://static.www.nfl.com/image/upload/f_auto,q_auto/league/ycbn8enhdwq312wu40jn",2026
,00-0040893,,,,,Pat Coogan,Patrick,Coogan,OL,C,TEN,79,ACT,Active,0,Indiana; Notre Dame,"https://static.www.nfl.com/image/upload/f_auto,q_auto/league/tomgqsqha9cv0duwsrov",2026
5150247,00-0040894,13329,BensMa00,,19432,Malik Benson,Malik,Benson,WR,WR,LV,19,ACT,Active,0,Oregon; Florida State; Alabama; Hutchinson CC,"https://static.www.nfl.com/image/upload/f_auto,q_auto/league/tndlq4zmq6r9nsvmzih6",2026
4685381,00-0040895,13313,HendEm00,,19436,Emmanuel Henderson Jr.,Emmanuel,Henderson,WR,WR,SEA,84,DEV,Practice Squad,0,Kansas; Alabama,"https://static.www.nfl.com/image/upload/f_auto,q_auto/league/eje0zmvfl2fetzvpsl6c",2026
4685402,00-0040896,13544,JackDo04,,19574,Domani Jackson,Domani,Jackson,DB,CB,GB,20,DEV,Practice Squad,0,Alabama,"https://static.www.nfl.com/image/upload/f_auto,q_auto/league/xlb4gkfxenpvqhs3j4y4",2026
,00-0040897,,,,,Micah Morris,Micah,Morris,OL,G,PHI,76,ACT,Active,0,Georgia,"https://static.www.nfl.com/image/upload/f_auto,q_auto/league/qk8qyqk1doklwy7xdgfh",2026
5084956,00-0040898,,EcklRy00,,19510,Ryan Eckley,Ryan,Eckley,P,P,BAL,30,ACT,Active,0,Michigan State,"https://static.www.nfl.com/image/upload/f_auto,q_auto/league/tnfndcjg7g14q1mscr5e",2026
4869461,00-0040899,,SmacTr00,,19511,Trey Smack,Trey,Smack,K,K,GB,28,ACT,Active,0,Florida,"https://static.www.nfl.com/image/upload/f_auto,q_auto/league/zierx6p09ilfe0o0ckj7",2026
4685110,00-0040900,13582,SmitAn05,,19371,Anthony Smith,Anthony,Smith,WR,WR,DAL,83,DEV,Practice Squad,0,East Carolina; N.C. State,"https://static.www.nfl.com/image/upload/f_auto,q_auto/league/xawxtpjdptmacbcqtlua",2026
4877034,00-0040901,13422,KanaJa00,,19359,Jaren Kanak,Jaren,Kanak,TE,TE,TEN,81,RES,Reserve/IR,0,Oklahoma,"https://static.www.nfl.com/image/upload/f_auto,q_auto/league/nbrbfq68ghrvt2dsieej",2026
4685305,00-0040902,,ClevBr00,,19496,Brandon Cleveland,Brandon,Cleveland,DL,DT,LV,90,DEV,Practice Squad,0,N.C. State,"https://static.www.nfl.com/image/upload/f_auto,q_auto/league/fbhacwssycfl9yo2dwjc",2026
4693934,00-0040903,13565,FullAn00,,19568,Andre Fuller,Andre,Fuller,DB,CB,SEA,35,DEV,Practice Squad,0,Toledo; University of Arkansas at Pine Bluff,"https://static.www.nfl.com/image/upload/f_auto,q_auto/league/lprcggybtxynzqqodh2h",2026
4609203,00-0040904,13563,EastDe00,,19502,Deven Eastern,Deven,Eastern,DL,NT,SEA,97,DEV,Practice Squad,0,Minnesota,"https://static.www.nfl.com/image/upload/f_auto,q_auto/league/smzollvmlmiaoi9mhh6v",2026
4693345,00-0040905,,WisnCo00,,19641,Cole Wisniewski,Cole,Wisniewski,DB,FS,PHI,21,DEV,Practice Squad,0,Texas Tech; North Dakota State,"https://static.www.nfl.com/image/upload/f_auto,q_auto/league/fsbuuec4tzp33ufdsgdi",2026
4567747,00-0040906,13404,NussGa00,,19283,Garrett Nussmeier,Garrett,Nussmeier,QB,QB,KC,14,ACT,Active,0,LSU,"https://static.www.nfl.com/image/upload/f_auto,q_auto/league/uyidfkzfhuqaks3pmdeo",2026
4432661,00-0040907,13584,BennRa00,,19494,Rayshaun Benny,Rayshaun,Benny,DL,DE,BAL,99,DEV,Practice Squad,0,Michigan,"https://static.www.nfl.com/image/upload/f_auto,q_auto/league/ewfiiqrz7qysxydw5zwn",2026
5165139,00-0040908,13562,JameKe01,,19632,Keyshawn James-Newby,Keyshawn,James-Newby,LB,OLB,PHI,50,DEV,Practice Squad,0,New Mexico; Idaho; Montana College of Technology,"https://static.www.nfl.com/image/upload/f_auto,q_auto/league/dhu2y8agagcv0nixplkj",2026
,00-0040909,,,,,Evan Beerntsen,Evan,Beerntsen,OL,G,BAL,60,CUT,Cut,0,,"https://static.www.nfl.com/image/upload/f_auto,q_auto/league/gwesa6kw92moff0mxp3i",2026
2094390,00-0040910,,DansMi00,,19902,Michael Dansby,Michael,Dansby,DB,CB,SEA,37,DEV,Practice Squad,0,Arizona; San Jose State,"https://static.www.nfl.com/image/upload/f_auto,q_auto/league/oxlhvcgepqjwzulh7yvz",2026
4814930,00-0040912,13776,BeatHa00,,19333,Hank Beatty,Hank,Beatty,WR,WR,TEN,13,CUT,Cut,0,,"https://static.www.nfl.com/image/upload/f_auto,q_auto/league/ainu7jvyjyjnsa8tdahf",2026
,00-0040914,,,,,Bishop Fitzgerald,Bishop,Fitzgerald,DB,FS,PIT,31,DEV,Practice Squad,0,USC; N.C. State; Coffeyville CC,"https://static.www.nfl.com/image/upload/f_auto,q_auto/league/zwvgypmxdepwclfbylft",2026
,00-0040917,,,,,Jalen McMurray,Jalen,McMurray,DB,CB,TEN,16,DEV,Practice Squad,0,Tennessee; Temple,"https://static.www.nfl.com/image/upload/f_auto,q_auto/league/zrwgaig57cdohkvwneex",2026
,00-0040918,,,,,Rasheed Miller,Rasheed,Miller,OL,T,TEN,62,DEV,Practice Squad,0,Louisville; Georgia Southern,"https://static.www.nfl.com/image/upload/f_auto,q_auto/league/wcrnlcq6doix61fwoxgk",2026
5103197,00-0040919,13600,MontTy02,,19602,Tyren Montgomery,Tyren,Montgomery,WR,WR,TEN,19,DEV,Practice Squad,0,John Carroll University; Nicholls State; LSU,"https://static.www.nfl.com/image/upload/f_auto,q_auto/league/f9zykws54i2prkwxw3ee",2026
,00-0040920,,,,,Mani Powell,Emanuell,Powell,LB,OLB,TEN,49,CUT,Cut,0,,"https://static.www.nfl.com/image/upload/f_auto,q_auto/league/m7c9h4uhxtkcsi6zipfc",2026
,00-0040921,,,,,Aamil Wagner,Aamil,Wagner,OL,T,TEN,69,CUT,Cut,0,,"https://static.www.nfl.com/image/upload/f_auto,q_auto/league/webk4td1tz8hyezcimaa",2026
4432725,00-0040922,13591,LawsDe00,,19549,Deontae Lawson,Deontae,Lawson,LB,ILB,PHI,47,CUT,Cut,0,,"https://static.www.nfl.com/image/upload/f_auto,q_auto/league/hitrz7atz6mbll1tljsy",2026
,00-0040923,,,,,Maximus Pulley,Maximus,Pulley,DB,FS,PHI,36,DEV,Practice Squad,0,Wofford; Western Kentucky,"https://static.www.nfl.com/image/upload/f_auto,q_auto/league/o3d6yyimonbtgnszaq0z",2026
,00-0040924,,,,,Jaeden Roberts,Jaeden,Roberts,OL,G,ATL,59,CUT,Cut,0,,"https://static.www.nfl.com/image/upload/f_auto,q_auto/league/mtxrunakd09n7irsauen",2026
,00-0040925,,,,,Rocco Underwood,Jonathan,Underwood,LS,LS,PHI,37,ACT,Active,0,Florida,"https://static.www.nfl.com/image/upload/f_auto,q_auto/league/mjupt0sbxzpgr71e9oy3",2026
5344965,00-0040926,,,,19721,Joshua Weru,Joshua,Weru,LB,OLB,PHI,46,DEV,Practice Squad,0,,"https://static.www.nfl.com/image/upload/f_auto,q_auto/league/b6nisweavm9tsv8phb8q",2026
,00-0040928,,,,,Kapena Gushiken,Steven,Gushiken,DB,CB,IND,34,ACT,Active,0,Mississippi; Washington State; Saddleback Community College,"https://static.www.nfl.com/image/upload/f_auto,q_auto/league/lckatmectwiyz6w9chhw",2026
,00-0040929,,,,,Tucker Large,Tucker,Large,DB,S,PHI,37,RES,Reserve/IR,0,Washington State; South Dakota State,"https://static.www.nfl.com/image/upload/f_auto,q_auto/league/dmz6ddx6fylrcum4afpp",2026
4808759,00-0040930,13726,,,19989,Camden Brown,Camden,Brown,WR,WR,DAL,80,ACT,Active,0,Georgia Southern; Auburn,"https://static.www.nfl.com/image/upload/f_auto,q_auto/league/tvoztpalnmmattxhdaoa",2026
,00-0040931,,,,,Tommy Dunn,Tommy,Dunn,DL,DT,DAL,95,DEV,Practice Squad,0,Kansas,"https://static.www.nfl.com/image/upload/f_auto,q_auto/league/kteecx9slnkk4th3wwut",2026
,00-0040933,,,,,Kelvin Gilliam,Kelvin,Gilliam,DL,NT,DAL,94,RES,Reserve/IR,0,Virginia Tech; Oklahoma,"https://static.www.nfl.com/image/upload/f_auto,q_auto/league/yrwhq9jxcrlarnfzjcfm",2026
4685409,00-0040934,13325,,,19442,Jordan Hudson,Jordan,Hudson,WR,WR,DAL,81,DEV,Practice Squad,0,SMU; TCU,"https://static.www.nfl.com/image/upload/f_auto,q_auto/league/uwgiczb8bnnacu2g7zln",2026
,00-0040935,,,,,Langston Patterson,Langston,Patterson,LB,MLB,DAL,47,CUT,Cut,0,,"https://static.www.nfl.com/image/upload/f_auto,q_auto/league/asszhgk9tzfpchykiqjg",2026
,00-0040936,,,,,Shiyazh Pete,Shiyazh,Pete,OL,T,DAL,75,CUT,Cut,0,,"https://static.www.nfl.com/image/upload/f_auto,q_auto/league/npaggoeufaacnhv9ywyb",2026
4430689,00-0040937,13725,,,19954,Dominic Richardson,Dominic,Richardson,RB,RB,NYJ,35,RES,Reserve/IR,0,,"https://static.www.nfl.com/image/upload/f_auto,q_auto/league/o3embvhnbegqqvltpyug",2026
,00-0040938,,,,,DJ Rogers,D'Andre,Rogers,TE,TE,DAL,49,RES,Reserve/IR,0,TCU,"https://static.www.nfl.com/image/upload/f_auto,q_auto/league/wzblmzyldhnpb4kvraci",2026
4594749,00-0040939,13401,TrigMi00,,19346,Michael Trigg,Michael,Trigg,TE,TE,DAL,46,DEV,Practice Squad,0,Baylor; Mississippi; USC,"https://static.www.nfl.com/image/upload/f_auto,q_auto/league/raym87favdz33uhkgvv2",2026
,00-0040940,,,,,DJ Withers,Deldrick,Withers,DL,DT,DAL,59,CUT,Cut,0,,"https://static.www.nfl.com/image/upload/f_auto,q_auto/league/xoqnzv8clyrspskifbl0",2026
,00-0040941,,,,,Dylan Barrett,Dylan,Barrett,OL,G,GB,74,CUT,Cut,0,,"https://static.www.nfl.com/image/upload/f_auto,q_auto/league/rmon1mexvom9l7t0ydnc",2026
,00-0040943,,,,,Josh Gesky,Josh,Gesky,OL,G,GB,76,DEV,Practice Squad,0,Illinois,"https://static.www.nfl.com/image/upload/f_auto,q_auto/league/z88mhbcxa468vob6dc1c",2026
4726151,00-0040944,13771,KellNy00,,19519,Nyjalik Kelly,Nyjalik,Kelly,LB,OLB,GB,47,DEV,Practice Squad,0,UCF; Miami,"https://static.www.nfl.com/image/upload/f_auto,q_auto/league/rlgk5vtxruzwzjptpjdw",2026
4683165,00-0040946,13906,,,19985,Jaden Nixon,Jaden,Nixon,RB,RB,GB,35,CUT,Cut,0,,,2026
,00-0040947,,,,,TJ Quinn,Terry,Quinn,LB,MLB,GB,40,CUT,Cut,0,,"https://static.www.nfl.com/image/upload/f_auto,q_auto/league/hzdxb0jmdmqzlrrkyqfz",2026
4635009,00-0040948,13770,MichJ00,,19327,J. Michael Sturdivant,J.Michael,Sturdivant,WR,WR,GB,87,ACT,Active,0,Florida; UCLA; California,"https://static.www.nfl.com/image/upload/f_auto,q_auto/league/jpcewjixipg3iuu2ucyq",2026
,00-0040949,,,,,Dillon Wade,Dillon,Wade,OL,G,GB,68,DEV,Practice Squad,0,Auburn; Tulsa,"https://static.www.nfl.com/image/upload/f_auto,q_auto/league/oko5pe8hch9vrmmk9gwx",2026
,00-0040950,,,,,Vincent Anthony Jr.,Vincent,Anthony,DL,DE,SF,98,DEV,Practice Squad,0,Duke,"https://static.www.nfl.com/image/upload/f_auto,q_auto/league/lxdpxwvakeifd0yjoqt9",2026
,00-0040951,,,,,Wesley Bissainthe,Wesley,Bissainthe,LB,OLB,KC,59,CUT,Cut,0,,"https://static.www.nfl.com/image/upload/f_auto,q_auto/league/j8swqxmlcnkjxyujqnwf",2026
,00-0040952,,,,,Cole Brevard,Cole,Brevard,DL,DT,KC,96,CUT,Cut,0,,"https://static.www.nfl.com/image/upload/f_auto,q_auto/league/p4qwzpp3nkubs6ppfxqq",2026
4885466,00-0040953,13392,CaldJe01,,19344,Jeff Caldwell,Jeff,Caldwell,WR,WR,KC,8,RES,Reserve/IR,0,Cincinnati; Lindenwood,"https://static.www.nfl.com/image/upload/f_auto,q_auto/league/nc8rm1ko22poili6r2a8",2026
,00-0040954,,,,,Omari Evans,Omari,Evans,WR,WR,KC,7,DEV,Practice Squad,0,Washington,"https://static.www.nfl.com/image/upload/f_auto,q_auto/league/q5szmdmukkkusqpfj9m5",2026
4708490,00-0040955,13342,MichJo03,,19351,John Michael Gyllenborg,John Michael,Gyllenborg,TE,TE,KC,84,RES,Reserve/IR,0,Wyoming,,2026
,00-0040956,,,,,Amari McNeill,Amari,McNeill,DL,DT,KC,93,CUT,Cut,0,,"https://static.www.nfl.com/image/upload/f_auto,q_auto/league/idvyrx8v1nf4pij66on5",2026
4685491,00-0040957,,NwanXa00,,19585,Xavier Nwankpa,Xavier,Nwankpa,DB,FS,KC,29,ACT,Active,0,Iowa,"https://static.www.nfl.com/image/upload/f_auto,q_auto/league/gu44x9mtkglhai90wudx",2026
,00-0040958,,,,,Pete Nygra,Pete,Nygra,OL,C,KC,50,DEV,Practice Squad,0,Louisville; Northern Illinois,"https://static.www.nfl.com/image/upload/f_auto,q_auto/league/dj0eulexg2b8q60qqx7s",2026
4685489,00-0040959,13419,OttxJa01,,19422,Jaydn Ott,Jaydn,Ott,RB,RB,KC,42,DEV,Practice Squad,0,Oklahoma; California,"https://static.www.nfl.com/image/upload/f_auto,q_auto/league/ywfb4a8vkz1eubb43o8i",2026
,00-0040960,,,,,Damon Payne,Damon,Payne,DL,DT,KC,90,CUT,Cut,0,,"https://static.www.nfl.com/image/upload/f_auto,q_auto/league/lzhjwyulqcvslzisopqn",2026
,00-0040961,,,,,D'Arco Perkins-McAllister,D'Arco,Perkins-McAllister,DB,CB,KC,19,DEV,Practice Squad,0,Louisiana-Monroe,"https://static.www.nfl.com/image/upload/f_auto,q_auto/league/xzgdbw3nuxkm0icnbiqj",2026
,00-0040962,,,,,Bryce Phillips,Bryce,Phillips,DB,CB,MIN,28,DEV,Practice Squad,0,San Diego State; Tennessee State,"https://static.www.nfl.com/image/upload/f_auto,q_auto/league/nntcmusvmsalcqhl63g9",2026
,00-0040963,,,,,DeShon Singleton,DeShon,Singleton,DB,SS,KC,25,DEV,Practice Squad,0,Nebraska; Hutchinson CC,,2026
4430825,00-0040964,13778,SmitEJ00,,17032,EJ Smith,Emmitt James,Smith,RB,RB,KC,35,RES,Reserve/IR,0,Texas A&M; Stanford,"https://static.www.nfl.com/image/upload/f_auto,q_auto/league/cbrhecognbp6bxwgtqyh",2026
,00-0040965,,,,,Josh Thompson,Josh,Thompson,OL,G,ATL,62,DEV,Practice Squad,0,LSU; Northwestern,"https://static.www.nfl.com/image/upload/f_auto,q_auto/league/rfnfr7idjojws30ijl7e",2026
,00-0040966,,,,,Zelmar Vedder,Zelmar,Vedder,DB,CB,KC,47,CUT,Cut,0,,"https://static.www.nfl.com/image/upload/f_auto,q_auto/league/j9r5h7h9dy8rp2u5zb9s",2026
,00-0040967,,,,,Jacob De Jesus,Jacob,De Jesus,WR,WR,KC,80,CUT,Cut,0,,"https://static.www.nfl.com/image/upload/f_auto,q_auto/league/e2vu3nw6evgo0tfku7nt",2026
,00-0040968,,,,,Murvin Kenion,Murvin,Kenion,DB,SS,GB,39,DEV,Practice Squad,0,Nevada,"https://static.www.nfl.com/image/upload/f_auto,q_auto/league/vkjpef4y643t5ocedi9b",2026
,00-0040969,,,,,Ethan Hurkett,Ethan,Hurkett,DL,DE,KC,54,CUT,Cut,0,,,2026
,00-0040970,,,,,Michael Briscoe,Michael,Briscoe,WR,WR,MIN,6,DEV,Practice Squad,0,Cal Poly (San Luis Obispo),"https://static.www.nfl.com/image/upload/f_auto,q_auto/league/rrnmno7nkn0o4kilp7je",2026
,00-0040971,,,,,Devean Deal,Devean,Deal,LB,OLB,LA,26,CUT,Cut,0,,,2026
,00-0040972,,,,,Aidan Hubbard,Aidan,Hubbard,LB,OLB,SEA,93,DEV,Practice Squad,0,Northwestern,"https://static.www.nfl.com/image/upload/f_auto,q_auto/league/ecvtetyglqvbszmuikfa",2026
,00-0040973,,,,,Marvin Jones Jr.,Marvin,Jones,LB,OLB,SEA,59,DEV,Practice Squad,0,Oklahoma; Florida State; Georgia,"https://static.www.nfl.com/image/upload/f_auto,q_auto/league/mmfgizaxy53ouygcdpql",2026
,00-0040974,,,,,Lance Mason,Lance,Mason,TE,TE,PIT,45,CUT,Cut,0,,"https://static.www.nfl.com/image/upload/f_auto,q_auto/league/e0rzvcajpcfosxnmxj2j",2026
,00-0040975,,,,,Uso Seumalo,Uso,Seumalo,DL,DT,SEA,92,DEV,Practice Squad,0,,"https://static.www.nfl.com/image/upload/f_auto,q_auto/league/orfcyc0to5mxcxkc86d6",2026
,00-0040976,,,,,Levi Wentz,Levi,Wentz,WR,WR,PIT,28,CUT,Cut,0,,,2026
,00-0040977,,,,,Cortez Braham,Cortez,Braham,WR,WR,BAL,82,CUT,Cut,0,,"https://static.www.nfl.com/image/upload/f_auto,q_auto/league/jcgncwbkzrwqeqh89rhs",2026
,00-0040978,,,,,Ethan Burke,Ethan,Burke,LB,OLB,BAL,45,ACT,Active,0,Texas,"https://static.www.nfl.com/image/upload/f_auto,q_auto/league/tkhzwtnvhbbqu5sc7nui",2026
,00-0040979,,,,,Nick Dawkins,Nicholas,Dawkins,OL,C,BAL,53,DEV,Practice Squad,0,,"https://static.www.nfl.com/image/upload/f_auto,q_auto/league/xkbtkrrvbb04xp0dqig3",2026
,00-0040980,,,,,Dominic DeLuca,Dominic,DeLuca,LB,ILB,BAL,42,DEV,Practice Squad,0,Penn State,"https://static.www.nfl.com/image/upload/f_auto,q_auto/league/cz6uu2gmtovnzwunsfs0",2026
4429582,00-0040981,13350,FagnJo00,,19428,Joe Fagnano,Joe,Fagnano,QB,QB,BAL,12,ACT,Active,0,Connecticut; Maine,"https://static.www.nfl.com/image/upload/f_auto,q_auto/league/p8uqfsnpx153mn3gjtd3",2026
,00-0040982,,,,,Aaron Graves,Aaron,Graves,DL,DT,BAL,59,CUT,Cut,0,,"https://static.www.nfl.com/image/upload/f_auto,q_auto/league/wroubpn0nrxus52ct2dw",2026
,00-0040983,,,,,Matthew McDoom,Matthew,McDoom,DB,CB,CIN,41,CUT,Cut,0,,"https://static.www.nfl.com/image/upload/f_auto,q_auto/league/gznvyfsjddcy4iaxxx8s",2026
,00-0040984,,,,,Dontae McMillan,Donnie,McMillan,RB,RB,BAL,36,CUT,Cut,0,,"https://static.www.nfl.com/image/upload/f_auto,q_auto/league/iptvbpnqkwbbmogetkfq",2026
,00-0040986,,,,,Ty Pezza,Tyler,Pezza,WR,WR,BAL,84,DEV,Practice Squad,0,Brown,,2026
,00-0040987,,,,,Diego Pounds,Diego,Pounds,OL,T,KC,61,ACT,Active,0,Mississippi; North Carolina,"https://static.www.nfl.com/image/upload/f_auto,q_auto/league/nqdp2pjqzdswrnxabw2j",2026
,00-0040988,,,,,Jahquez Robinson,Jahquez,Robinson,DB,SS,BAL,41,RES,Reserve/IR,0,Auburn; Colorado,"https://static.www.nfl.com/image/upload/f_auto,q_auto/league/boo9iyw6uaduxtvzwgf6",2026
,00-0040989,,,,,Octavian Smith,Octavian,Smith,WR,WR,BAL,87,CUT,Cut,0,,"https://static.www.nfl.com/image/upload/f_auto,q_auto/league/qtsrzczmff6p97bc2rzo",2026
,00-0040991,,,,,Elijah Tau-Tolliver,Elijah,Tau-Tolliver,RB,RB,BAL,34,CUT,Cut,0,,"https://static.www.nfl.com/image/upload/f_auto,q_auto/league/lupgcteiumxkemycok75",2026
,00-0040992,,,,,Silas Walters,Silas,Walters,DB,FS,TB,33,DEV,Practice Squad,0,Miami (Ohio),"https://static.www.nfl.com/image/upload/f_auto,q_auto/league/z1jpdueha9gojh6czrzo",2026
,00-0040993,,,,,Ladarius Webb Jr.,Lardarius,Webb,DB,CB,BAL,34,CUT,Cut,0,Wake Forest; South Alabama; Oklahoma State,"https://static.www.nfl.com/image/upload/f_auto,q_auto/league/txaaincujcsnquwtzeyc",2026
,00-0040995,,,,,Dion Wilson,Dion,Wilson,DL,DT,BAL,58,CUT,Cut,0,,"https://static.www.nfl.com/image/upload/f_auto,q_auto/league/nukeqk7zm0ajhdsfruvt",2026
,00-0040996,,,,,Jacob Clark,Jacob,Clark,QB,QB,LV,16,CUT,Cut,0,,"https://static.www.nfl.com/image/upload/f_auto,q_auto/league/zw2yzeb5jhowboogfpki",2026
,00-0040997,,,,,Tyler Duzansky,Tyler,Duzansky,LS,LS,LV,46,CUT,Cut,0,,"https://static.www.nfl.com/image/upload/f_auto,q_auto/league/e7iggmlhoyuge8vriory",2026
4688835,00-0040998,13416,HembRo00,,19304,Roman Hemby,Roman,Hemby,RB,RB,LV,37,DEV,Practice Squad,0,Indiana; Maryland,"https://static.www.nfl.com/image/upload/f_auto,q_auto/league/n8js64cgcfhkllrvxw5x",2026
,00-0040999,,,,,Isaiah Jatta,Isaiah,Jatta,OL,T,LV,72,CUT,Cut,0,,"https://static.www.nfl.com/image/upload/f_auto,q_auto/league/yvqd3lgm1wui3oyazbkw",2026
,00-0041000,,,,,Devin Lafayette,Devin,Lafayette,DB,SS,LV,40,DEV,Practice Squad,0,Troy; Northern Illinois,"https://static.www.nfl.com/image/upload/f_auto,q_auto/league/nrkkhtzrnmwsy6ziz31f",2026
,00-0041001,,,,,Matt Lauter,Matt,Lauter,TE,TE,MIN,46,CUT,Cut,0,,,2026
,00-0041002,,,,,Caleb Offord,Caleb,Offord,DB,CB,LV,39,CUT,Cut,0,,"https://static.www.nfl.com/image/upload/f_auto,q_auto/league/cbljkowjv4laxdiszgbp",2026
,00-0041003,,,,,Justin Pickett,Justin,Pickett,OL,G,LV,77,RES,Reserve/IR,0,Duke,"https://static.www.nfl.com/image/upload/f_auto,q_auto/league/m9se6qsdmcgaf9lucm2d",2026
4714388,00-0041004,13410,RobeCh00,,19339,Chase Roberts,Chase,Roberts,WR,WR,LV,86,RES,Reserve/IR,0,BYU,"https://static.www.nfl.com/image/upload/f_auto,q_auto/league/bqncmkjxb7rcvfuhe1ss",2026
,00-0041005,,,,,Corey Rucker,Corey,Rucker,WR,WR,LV,32,RES,Reserve/IR,0,Arkansas State,"https://static.www.nfl.com/image/upload/f_auto,q_auto/league/nabhgywifegiuohtg6fq",2026
5153665,00-0041006,13895,,,19715,Cian Slone,Cian,Slone,LB,OLB,LV,48,DEV,Practice Squad,0,N.C. State; Utah State,"https://static.www.nfl.com/image/upload/f_auto,q_auto/league/t27ear9faclf1tdibwj9",2026
,00-0041007,,,,,Gary Smith III,Gary,Smith,DL,DT,LV,75,DEV,Practice Squad,0,UCLA; Duke,"https://static.www.nfl.com/image/upload/f_auto,q_auto/league/pg1gxclnnavdtd7s8cgs",2026
,00-0041008,,,,,Xavian Sorey Jr.,Xavian,Sorey,LB,MLB,LV,53,CUT,Cut,0,,"https://static.www.nfl.com/image/upload/f_auto,q_auto/league/fiiv9rjxf1mxeqtucdkc",2026
,00-0041010,,,,,Tanner Wall,Tanner,Wall,DB,FS,NYJ,39,CUT,Cut,0,,"https://static.www.nfl.com/image/upload/f_auto,q_auto/league/ll5krtaao8j1gletynbl",2026
,00-0041011,,,,,E.J. Williams Jr.,Eddie,Williams,WR,WR,LV,88,CUT,Cut,0,,"https://static.www.nfl.com/image/upload/f_auto,q_auto/league/vajaprynilirvbzf7m1o",2026
,00-0041012,,,,,Anthony Dunn,Anthony,Dunn,DL,DE,NYJ,78,CUT,Cut,0,,"https://static.www.nfl.com/image/upload/f_auto,q_auto/league/ugqwhzfpwxcpcnhsf1lv",2026
4832955,00-0041013,13337,JohnEm01,,19240,Emmett Johnson,Emmett,Johnson,RB,RB,KC,10,ACT,Active,0,Nebraska,"https://static.www.nfl.com/image/upload/f_auto,q_auto/league/avdz4njz1slqn7ktqcuq",2026
,00-0041014,,,,,Niklas Henning,Niklas,Henning,OL,G,LV,73,DEV,Practice Squad,0,Queens University (Canada),"https://static.www.nfl.com/image/upload/f_auto,q_auto/league/quyamjtpggvzd3chh4tt",2026
,00-0041016,,,,,Patrick Gurd,Patrick,Gurd,TE,TE,LV,45,CUT,Cut,0,,"https://static.www.nfl.com/image/upload/f_auto,q_auto/league/agjazc5duhqepvcd82yf",2026
,00-0041017,,,,,Kamar Missouri,Kamar,Missouri,OL,T,LV,62,DEV,Practice Squad,0,Texas-San Antonio; Rutgers,"https://static.www.nfl.com/image/upload/f_auto,q_auto/league/nfk7fdkn8sljhdr7gpw7",2026
,00-0041018,,,,,Devyn Perkins,Devyn,Perkins,DB,CB,LV,49,CUT,Cut,0,,"https://static.www.nfl.com/image/upload/f_auto,q_auto/league/mzgy2owc1timx7uso3rc",2026
,00-0041019,,,,,Kahlil Benson,Kahlil,Benson,OL,T,KC,70,ACT,Active,0,Indiana; Colorado,"https://static.www.nfl.com/image/upload/f_auto,q_auto/league/mglqsgzaszlg8qbiuagw",2026
,00-0041020,,,,,Xavier Loyd,Xavier,Loyd,WR,WR,KC,17,CUT,Cut,0,,"https://static.www.nfl.com/image/upload/f_auto,q_auto/league/wmm4lgxorw9cf5towgpl",2026
,00-0041021,,,,,Marlen Sewell,Marlen,Sewell,DB,FS,CHI,26,DEV,Practice Squad,0,Vanderbilt,,2026
,00-0041026,,,,,David Bailey,David,Bailey,LB,OLB,NYJ,31,ACT,Active,0,Texas Tech; Stanford,"https://static.www.nfl.com/image/upload/f_auto,q_auto/league/r6vo0ugtnbbooogommai",2026
4870808,00-0041027,13287,LoveJe00,,19235,Jeremiyah Love,Jeremiyah,Love,RB,RB,ARI,4,ACT,Active,0,Notre Dame,"https://static.www.nfl.com/image/upload/f_auto,q_auto/league/b12gtjsylmql5v7iyyla",2026
5081807,00-0041028,13375,StylSo01,,19394,Sonny Styles,Sonny,Styles,LB,ILB,WAS,52,ACT,Active,0,Ohio State,"https://static.www.nfl.com/image/upload/f_auto,q_auto/league/wxufyrsnbie0gyq9piyf",2026
4880281,00-0041029,13281,TysoJo00,,19233,Jordyn Tyson,Jordyn,Tyson,WR,WR,NO,0,RES,Reserve/IR,0,Arizona State; Colorado,"https://static.www.nfl.com/image/upload/f_auto,q_auto/league/al6fifxstyc6omsenzhd",2026
,00-0041030,,,,,Spencer Fano,Bingham,Fano,OL,T,CLE,55,ACT,Active,0,Utah,"https://static.www.nfl.com/image/upload/f_auto,q_auto/league/xbh3gk38au7vprlbh6hb",2026
4870617,00-0041031,,BainRu00,,19395,Rueben Bain Jr.,Rueben,Bain,LB,OLB,TB,3,ACT,Active,0,Miami,"https://static.www.nfl.com/image/upload/f_auto,q_auto/league/iim0v0qnfmkeonr7qkjr",2026
5083315,00-0041032,13330,SadiKe00,,19279,Kenyon Sadiq,Kenyon,Sadiq,TE,TE,NYJ,16,ACT,Active,0,Oregon,"https://static.www.nfl.com/image/upload/f_auto,q_auto/league/mnswulwto4yqkgmugoiq",2026
4602019,00-0041033,13445,BankCa01,,19417,Caleb Banks,Caleb,Banks,DL,DE,MIN,95,ACT,Active,0,Florida; Louisville,"https://static.www.nfl.com/image/upload/f_auto,q_auto/league/kn0vbk3i04hyepp7phmb",2026
,00-0041034,,,,,Monroe Freeling,Monroe,Freeling,OL,T,CAR,57,ACT,Active,0,Georgia,"https://static.www.nfl.com/image/upload/f_auto,q_auto/league/ljukgocjxwgzy7pdf6rv",2026
4710714,00-0041035,13417,StriDe01,,19330,De'Zhaun Stribling,De'Zhaun-Ryan,Stribling,WR,WR,SF,7,ACT,Active,0,Mississippi; Oklahoma State; Washington State,"https://static.www.nfl.com/image/upload/f_auto,q_auto/league/eu1nxtlztiwr5ko48iwz",2026
4870886,00-0041036,13455,ParkTJ00,,19378,TJ Parker,Tomarrion,Parker,LB,OLB,BUF,99,ACT,Active,0,Clemson,"https://static.www.nfl.com/image/upload/f_auto,q_auto/league/oayz0zuvip1soobdidga",2026
4832800,00-0041037,13346,BostDe00,,19298,Denzel Boston,Denzel,Boston,WR,WR,CLE,12,ACT,Active,0,Washington,"https://static.www.nfl.com/image/upload/f_auto,q_auto/league/ybkny6eh5eegq3bqmony",2026
5118340,00-0041038,,PondDA00,,19397,D'Angelo Ponds,D'Angelo,Ponds,DB,CB,NYJ,23,ACT,Active,0,Indiana; James Madison,"https://static.www.nfl.com/image/upload/f_auto,q_auto/league/exokwoursxgcvgnnwp76",2026
4870598,00-0041039,13388,AlleCJ00,,19265,CJ Allen,Christian,Allen,LB,MLB,IND,53,ACT,Active,0,Georgia,"https://static.www.nfl.com/image/upload/f_auto,q_auto/league/qhwxb55xtmpp2mvej4a2",2026
5081432,00-0041040,13301,WillAn04,,19237,Antonio Williams,Antonio,Williams,WR,WR,WAS,14,ACT,Active,0,Clemson,"https://static.www.nfl.com/image/upload/f_auto,q_auto/league/noywrsgaqoqlv64c12yw",2026
4702559,00-0041041,13319,DelpOs01,,18544,Oscar Delp,Oscar,Delp,TE,TE,NO,4,ACT,Active,0,Georgia,"https://static.www.nfl.com/image/upload/f_auto,q_auto/league/a7tu8cb3rnd5ncgbtok5",2026
4682648,00-0041042,13285,FielMa00,,19313,Malachi Fields,Malachi,Fields,WR,WR,NYG,88,ACT,Active,0,Notre Dame; Virginia,"https://static.www.nfl.com/image/upload/f_auto,q_auto/league/tpls1aptxx9x8xaqvjtj",2026
4905664,00-0041043,,HaulAJ00,,19572,A.J. Haulcy,Adari,Haulcy,DB,SS,IND,25,ACT,Active,0,LSU; Houston; New Mexico,"https://static.www.nfl.com/image/upload/f_auto,q_auto/league/y0kpgevqxihsroz9zqrm",2026
4870612,00-0041044,13320,BranZa00,,19262,Zachariah Branch,Zachariah,Branch,WR,WR,ATL,17,ACT,Active,0,Georgia; USC,"https://static.www.nfl.com/image/upload/f_auto,q_auto/league/qwbo8lgyd85dlwnbznsc",2026
4612298,00-0041045,13476,RegiAl00,,19531,Albert Regis,Albert,Regis,DL,DT,JAX,98,ACT,Active,0,Texas A&M,"https://static.www.nfl.com/image/upload/f_auto,q_auto/league/qr8atadqfx7yf2kzrtd5",2026
4698728,00-0041046,13464,OranDo00,,19527,Domonique Orange,Domonique,Orange,DL,NT,MIN,97,ACT,Active,0,Iowa State,"https://static.www.nfl.com/image/upload/f_auto,q_auto/league/o2druy2qqi3nkcbj9ns6",2026
5091739,00-0041047,13353,BrazCh01,,19239,Chris Brazzell II,Chris,Brazzell,WR,WR,CAR,19,RES,Reserve/IR,0,Tennessee; Tulane,"https://static.www.nfl.com/image/upload/f_auto,q_auto/league/jdmycletwhknhs9oth1f",2026
5220680,00-0041048,13317,HursTe00,,19320,Ted Hurst III,Ted,Hurst,WR,WR,TB,17,ACT,Active,0,Georgia State; Valdosta State,"https://static.www.nfl.com/image/upload/f_auto,q_auto/league/mmf6qmo6a2evw4feupcm",2026
,00-0041049,,,,,Austin Barber,Austin,Barber,OL,T,CLE,58,ACT,Active,0,Florida,"https://static.www.nfl.com/image/upload/f_auto,q_auto/league/kglwdpydzvvmdr1bdblg",2026
,00-0041050,,,,,Emmanuel Pregnon,Emmanuel,Pregnon,OL,G,JAX,75,ACT,Active,0,Oregon; USC; Wyoming,"https://static.www.nfl.com/image/upload/f_auto,q_auto/league/ujjke8d6jxr3wrwsslqh",2026
4869748,00-0041051,13411,ThomZa05,,19259,Zavion Thomas,Zavion,Thomas,WR,WR,CHI,13,ACT,Active,0,LSU; Mississippi State,"https://static.www.nfl.com/image/upload/f_auto,q_auto/league/lhodk54zsmznu4yxjoux",2026
4696044,00-0041052,13414,BlacKa00,,19607,Kaelon Black,Kaelon,Black,RB,RB,SF,26,ACT,Active,0,Indiana; James Madison,"https://static.www.nfl.com/image/upload/f_auto,q_auto/league/nwgkzr1ysr32jc79zfnt",2026
,00-0041053,,,,,Caleb Tiernan,Caleb,Tiernan,OL,T,MIN,78,ACT,Active,0,Northwestern,"https://static.www.nfl.com/image/upload/f_auto,q_auto/league/wp0lu3cuqnu47gn3gmo1",2026
4710865,00-0041054,,ThomJa07,,19599,Jakobe Thomas,Jakobe,Thomas,DB,SS,MIN,8,ACT,Active,0,Miami; Tennessee; Middle Tennessee State,"https://static.www.nfl.com/image/upload/f_auto,q_auto/league/lhdrccjr1nefeeqnuzo7",2026
4912185,00-0041055,,HuskJa00,,19386,Jalen Huskey,Jalen,Huskey,DB,FS,JAX,22,ACT,Active,0,Maryland; Bowling Green,"https://static.www.nfl.com/image/upload/f_auto,q_auto/league/jowxyw99dao1tfevtpxm",2026
4685413,00-0041056,13303,KlubCa00,,19284,Cade Klubnik,Cade,Klubnik,QB,QB,NYJ,10,ACT,Active,0,Clemson,"https://static.www.nfl.com/image/upload/f_auto,q_auto/league/sqsxavkryojbysy4kq85",2026
5093694,00-0041057,,ScotKe01,,19591,Keionte Scott,Keionte,Scott,DB,CB,TB,22,ACT,Active,0,Miami; Auburn; Snow,"https://static.www.nfl.com/image/upload/f_auto,q_auto/league/vysxl6mkg0xgfjdgscj1",2026
,00-0041058,,,,,Travis Burke,Travis,Burke,OL,T,LAC,77,ACT,Active,0,Memphis; Florida International; Gardner-Webb,"https://static.www.nfl.com/image/upload/f_auto,q_auto/league/yoigcukgefvk61ojqqba",2026
4832922,00-0041059,13493,WillWe01,,19537,Wesley Williams,Wesley,Williams,DL,DE,JAX,90,ACT,Active,0,Duke,"https://static.www.nfl.com/image/upload/f_auto,q_auto/league/celtgaqzzg1pgqky5yju",2026
4870953,00-0041060,13489,MuhaMa00,,19583,Malik Muhammad,Akbar,Muhammad,DB,CB,CHI,24,ACT,Active,0,Texas,"https://static.www.nfl.com/image/upload/f_auto,q_auto/league/rs98wyp3t1ipacwqtvbz",2026
,00-0041061,,,,,Carver Willis,Carver,Willis,OL,G,SF,74,ACT,Active,0,Washington; Kansas State,"https://static.www.nfl.com/image/upload/f_auto,q_auto/league/xxgctbtrfu8cbihjwgii",2026
,00-0041062,,,,,Connor Lew,Connor,Lew,OL,C,CIN,65,ACT,Active,0,Auburn,"https://static.www.nfl.com/image/upload/f_auto,q_auto/league/p0nnxqjniklz0nqdmpm2",2026
5151083,00-0041063,13485,LeexWi00,,19577,Will Lee III,Will,Lee,DB,CB,CAR,24,ACT,Active,0,Texas A&M; Kansas State,"https://static.www.nfl.com/image/upload/f_auto,q_auto/league/wurwgex2escrqdqmyaeg",2026
4950551,00-0041064,,SmitGe01,,19594,Genesis Smith,Genesis,Smith,DB,SS,LAC,22,ACT,Active,0,Arizona,"https://static.www.nfl.com/image/upload/f_auto,q_auto/league/xaausvzp0c7hyqgiqdbr",2026
,00-0041065,,,,,Jeremiah Wright,Jeremiah,Wright,OL,G,NO,65,ACT,Active,0,Auburn,"https://static.www.nfl.com/image/upload/f_auto,q_auto/league/s5b3bbmyxesu4kff2mci",2026
4595343,00-0041066,13482,DaniKe00,,19542,Kendal Daniels,Kendal,Daniels,LB,ILB,ATL,53,ACT,Active,0,Oklahoma; Oklahoma State,"https://static.www.nfl.com/image/upload/f_auto,q_auto/league/y0dplhsrdng9momqwilu",2026
4879276,00-0041067,13420,LancBr00,,19319,Bryce Lance,Bryce,Lance,WR,WR,NO,18,ACT,Active,0,North Dakota State,"https://static.www.nfl.com/image/upload/f_auto,q_auto/league/lzh0hbhllbouh97ffpp6",2026
4685523,00-0041068,13478,PrysEp00,,19588,Ephesians Prysock,Ephesians,Prysock,DB,CB,SF,28,ACT,Active,0,Washington; Arizona,"https://static.www.nfl.com/image/upload/f_auto,q_auto/league/ywyqg8kadbaxy6fezyvv",2026
5092508,00-0041069,13477,YounCo01,,19447,Colbie Young,Colbie,Young,WR,WR,CIN,86,ACT,Active,0,Georgia; Miami; Lackawanna JC,"https://static.www.nfl.com/image/upload/f_auto,q_auto/league/n4irmipxyl87b6jmudte",2026
4869132,00-0041070,13297,VirgRe00,,19445,Reggie Virgil,Reginald,Virgil,WR,WR,ARI,82,ACT,Active,0,Texas Tech; Miami (Ohio),"https://static.www.nfl.com/image/upload/f_auto,q_auto/league/hmaylhc9nc2zmqjdw1ib",2026
,00-0041071,,,,,Sam Hecht,Sam,Hecht,OL,C,CAR,75,ACT,Active,0,Kansas State,"https://static.www.nfl.com/image/upload/f_auto,q_auto/league/a5xw6zbvi2yy5mh4hgcg",2026
4682818,00-0041072,13527,BarrNi00,,19493,Nick Barrett,Nicholas,Barrett,DL,DT,LAC,91,ACT,Active,0,South Carolina,"https://static.www.nfl.com/image/upload/f_auto,q_auto/league/q50al52f5lmwzulxqqtl",2026
,00-0041073,,,,,Parker Brailsford,Parker,Brailsford,OL,C,CLE,52,ACT,Active,0,Alabama; Washington,,2026
5081392,00-0041074,,JoseJo00,,19517,Joshua Josephs,Joshua,Josephs,LB,OLB,WAS,48,ACT,Active,0,Tennessee,"https://static.www.nfl.com/image/upload/f_auto,q_auto/league/l9c6njm2uvmgcshmfeiq",2026
5150249,00-0041075,13524,JeffJu01,,19547,Justin Jefferson,Justin,Jefferson,LB,MLB,CLE,17,ACT,Active,0,Alabama,,2026
4566384,00-0041076,,WheaZa00,,19600,Zakee Wheatley,Zakee,Wheatley,DB,SS,CAR,20,ACT,Active,0,Penn State,"https://static.www.nfl.com/image/upload/f_auto,q_auto/league/qvujxg50a70hzrg4luzm",2026
4912052,00-0041077,13400,JolyJu00,,19276,Justin Joly,Justin,Joly,TE,TE,MIA,80,ACT,Active,0,N.C. State; Connecticut,"https://static.www.nfl.com/image/upload/f_auto,q_auto/league/vglffv5obtvktndulobu",2026
5086161,00-0041078,13520,DuggJa00,,19753,Jaden Dugger,Jaden,Dugger,LB,ILB,SF,53,ACT,Active,0,Louisiana; Georgetown,"https://static.www.nfl.com/image/upload/f_auto,q_auto/league/qgqcvgbjx1yflrlwfltq",2026
4429007,00-0041079,13519,CapeDe00,,19495,DeMonte Capehart,Demonte,Capehart,DL,DT,TB,90,ACT,Active,0,Clemson,"https://static.www.nfl.com/image/upload/f_auto,q_auto/league/vkgp4mn510m1dgx34zfx",2026
4708238,00-0041080,13518,GumbGe00,,19504,George Gumbs Jr.,George,Gumbs,DL,DE,IND,52,ACT,Active,0,Florida; Northern Illinois,"https://static.www.nfl.com/image/upload/f_auto,q_auto/league/rdqs2cz8p8tdcnrkuxkt",2026
4878695,00-0041081,,BredMa00,,19430,Max Bredeson,Max,Bredeson,RB,FB,MIN,45,ACT,Active,0,Michigan,"https://static.www.nfl.com/image/upload/f_auto,q_auto/league/fl3inwpzgb7fgzpaezw1",2026
,00-0041082,,,,,Billy Schrauth,William,Schrauth,OL,G,TB,75,ACT,Active,0,Notre Dame,"https://static.www.nfl.com/image/upload/f_auto,q_auto/league/ngrfyxypmz5p2ta1r3js",2026
5091793,00-0041083,13513,DemmCh00,,19564,Charles Demmings,Charles,Demmings,DB,CB,MIN,20,ACT,Active,0,Stephen F. Austin State,"https://static.www.nfl.com/image/upload/f_auto,q_auto/league/xqpfpwzaotawvch1v4ok",2026
4917427,00-0041084,13408,KoziTa00,,19349,Tanner Koziol,Tanner,Koziol,TE,TE,JAX,88,ACT,Active,0,Houston; Ball State,"https://static.www.nfl.com/image/upload/f_auto,q_auto/league/yx0na9fufgv3snuyecbd",2026
4911952,00-0041085,13512,ElliKe03,,19558,Keyshaun Elliott,Keyshaun,Elliott,LB,MLB,CHI,49,ACT,Active,0,Arizona State; New Mexico State,"https://static.www.nfl.com/image/upload/f_auto,q_auto/league/szvuxrjdio44gh3y6h5q",2026
5076951,00-0041086,,KilgJa00,,19392,Jalon Kilgore,Jalon,Kilgore,DB,SS,BUF,29,ACT,Active,0,South Carolina,"https://static.www.nfl.com/image/upload/f_auto,q_auto/league/viakfc7gsrfvu7mxhox6",2026
4565859,00-0041087,13435,RoyeJo01,,19312,Joe Royer,Joe,Royer,TE,TE,CLE,18,RES,Reserve/IR,0,Cincinnati; Ohio State,,2026
4606666,00-0041088,,PrunKa00,,19835,Karon Prunty,Karon,Prunty,DB,CB,NE,21,ACT,Active,0,Wake Forest,"https://static.www.nfl.com/image/upload/f_auto,q_auto/league/ys7zvtbqlaobsxgtigxu",2026
4432768,00-0041089,,StylLo00,,19597,Lorenzo Styles Jr.,Lorenzo,Styles,DB,CB,NO,36,RES,Reserve/IR,0,Ohio State; Notre Dame,"https://static.www.nfl.com/image/upload/f_auto,q_auto/league/zlsfss0kuhsnrzxlbmpw",2026
,00-0041090,,,,,Enrique Cruz,Enrique,Cruz,OL,T,SF,69,ACT,Active,0,Kansas,"https://static.www.nfl.com/image/upload/f_auto,q_auto/league/ti1hdlmlireeudbqmhaq",2026
4685347,00-0041091,13506,DuraZa00,,19500,Zane Durant,Zane,Durant,DL,DT,BUF,92,RES,Reserve/IR,0,Penn State,"https://static.www.nfl.com/image/upload/f_auto,q_auto/league/nsnvwr7nu8pvfgneooy6",2026
4431325,00-0041092,13306,GreeTa00,,19289,Taylen Green,Taylen,Green,QB,QB,CLE,15,ACT,Active,0,Arkansas; Boise State,,2026
4709695,00-0041093,13551,SharKa00,,19554,Karson Sharar,Karson,Sharar,LB,ILB,ARI,43,ACT,Active,0,Iowa,"https://static.www.nfl.com/image/upload/f_auto,q_auto/league/pn4rwj6bnv1z3xykee5f",2026
4890373,00-0041094,13308,SharBa00,,19452,Bauer Sharp,Bauer,Sharp,TE,TE,TB,84,ACT,Active,0,LSU; Oklahoma; Southeastern Louisiana,"https://static.www.nfl.com/image/upload/f_auto,q_auto/league/xqj8rk6okp7eobbv5hps",2026
5159928,00-0041095,,JamiBo00,,19515,Bobby Jamison-Travis,Quientrail,Jamison-Travis,DL,DT,NYG,97,ACT,Active,0,Auburn; Iowa Western CC,"https://static.www.nfl.com/image/upload/f_auto,q_auto/league/cscc37cjkwit6pkivj0r",2026
4685246,00-0041096,13405,AlleKa01,,18533,Kaytron Allen,Kaytron,Allen,RB,RB,WAS,31,ACT,Active,0,Penn State,"https://static.www.nfl.com/image/upload/f_auto,q_auto/league/vbhwkqty94alwjyz8cin",2026
,00-0041097,,,,,Anez Cooper,Anez,Cooper,OL,G,NYJ,72,RES,Reserve/IR,0,Miami,"https://static.www.nfl.com/image/upload/f_auto,q_auto/league/ncjopahmd0bod5hqbt7k",2026
,00-0041098,,,,,Brian Parker II,Brian,Parker,OL,G,CIN,62,RES,Reserve/IR,0,Duke,"https://static.www.nfl.com/image/upload/f_auto,q_auto/league/ps2vih23mba17gjublbo",2026
4698597,00-0041099,13533,BrowBa02,,19336,Barion Brown,Barion,Brown,WR,WR,NO,19,ACT,Active,0,LSU; Kentucky,"https://static.www.nfl.com/image/upload/f_auto,q_auto/league/zakfmezzed4qotdrmbpc",2026
4879194,00-0041100,13394,CameJo01,,19321,Josh Cameron,Josh,Cameron,WR,WR,JAX,19,ACT,Active,0,Baylor,"https://static.www.nfl.com/image/upload/f_auto,q_auto/league/jwb3wyhoqqq52mfiyxxc",2026
,00-0041101,,,,,J.C. Davis,J.C.,Davis,OL,G,NYG,74,ACT,Active,0,Illinois; New Mexico; Contra Costa,"https://static.www.nfl.com/image/upload/f_auto,q_auto/league/t69il88b4wzuu69bxr2t",2026
4876380,00-0041102,13531,KellJa00,,19548,Jack Kelly,Jack,Kelly,LB,ILB,NYG,51,ACT,Active,0,BYU; Weber State,"https://static.www.nfl.com/image/upload/f_auto,q_auto/league/mi3bzmy1yrml24fmqfbx",2026
,00-0041103,,,,,Dametrious Crownover,Dametrious,Crownover,OL,T,NE,68,ACT,Active,0,Texas A&M,"https://static.www.nfl.com/image/upload/f_auto,q_auto/league/zkfttf9fzpkybtm6ozk3",2026
4832846,00-0041104,13347,ClaiDe00,,19234,Demond Claiborne,Demond,Claiborne,RB,RB,MIN,21,ACT,Active,0,Wake Forest,"https://static.www.nfl.com/image/upload/f_auto,q_auto/league/vmozbbdzgcaqq1yrixeb",2026
,00-0041105,,,,,Logan Taylor,Logan,Taylor,OL,G,LAC,65,ACT,Active,0,Boston College; Virginia,"https://static.www.nfl.com/image/upload/f_auto,q_auto/league/qn3dbs3bez8c60bgsamt",2026
5085024,00-0041106,13554,WillCJ00,,19898,C.J. Williams,Christian,Williams,WR,WR,JAX,18,ACT,Active,0,Stanford; Wisconsin,"https://static.www.nfl.com/image/upload/f_auto,q_auto/league/svmb2citno2f6zqc9qbm",2026
,00-0041107,,,,,Alex Harkey,Alex,Harkey,OL,G,LAC,73,ACT,Active,0,Oregon; Texas State-San Marcos; Colorado; Tyler JC,"https://static.www.nfl.com/image/upload/f_auto,q_auto/league/ficvjzrrdu13rfzrteyt",2026
,00-0041108,,,,,Matt Gulbin,Matt,Gulbin,OL,C,WAS,66,ACT,Active,0,Michigan State; Wake Forest,"https://static.www.nfl.com/image/upload/f_auto,q_auto/league/g7geoaea7asrtvfvni9r",2026
5085407,00-0041109,13542,ObiaNa00,,19551,Namdi Obiazor,Namdi,Obiazor,LB,ILB,NE,48,ACT,Active,0,TCU; Iowa Western CC,"https://static.www.nfl.com/image/upload/f_auto,q_auto/league/mjc4ip1xcg0rse1lrn1n",2026
4875381,00-0041110,,vandJo00,,19745,Jordan van den Berg,Jordan,van den Berg,DL,DT,CHI,96,ACT,Active,0,Georgia Tech; Penn State; Iowa Western CC,"https://static.www.nfl.com/image/upload/f_auto,q_auto/league/q74hrt6lpzvxpuqrvzov",2026
4685324,00-0041111,,CurrCa00,,19499,Caden Curry,Caden,Curry,DL,DE,IND,55,ACT,Active,0,Ohio State,"https://static.www.nfl.com/image/upload/f_auto,q_auto/league/fccbavqtdowwm9ixvg1w",2026
4685502,00-0041112,13555,PerkHa01,,19280,Harold Perkins Jr.,Harold,Perkins,LB,ILB,ATL,56,ACT,Active,0,LSU,"https://static.www.nfl.com/image/upload/f_auto,q_auto/league/sdvimzmhvfuaj6m4wpsu",2026
,00-0041113,,,,,Jayden Williams,Jayden,Williams,OL,T,ARI,66,ACT,Active,0,Mississippi,"https://static.www.nfl.com/image/upload/f_auto,q_auto/league/y6ju7uixfyiuetnzraux",2026
4873075,00-0041114,13556,HallTJ00,,19570,TJ Hall,Terrence,Hall,DB,CB,NO,34,DEV,Practice Squad,0,Iowa,"https://static.www.nfl.com/image/upload/f_auto,q_auto/league/u02f7hqvc5rubwbl9itk",2026
4698598,00-0041115,13569,PridTo00,,19587,Toriano Pride Jr.,Toriano,Pride,DB,CB,CLE,35,ACT,Active,0,Missouri; Clemson,"https://static.www.nfl.com/image/upload/f_auto,q_auto/league/a8l2hp04k2ek5hx3j50b",2026
5085189,00-0041116,13282,EndrJa00,,19258,Jack Endries,Jack,Endries,TE,TE,CIN,84,ACT,Active,0,Texas; California,"https://static.www.nfl.com/image/upload/f_auto,q_auto/league/wxtev9zj048yzxk8ebfu",2026
4432722,00-0041117,13557,KaliAt00,,19368,Athan Kaliakmanis,Athan,Kaliakmanis,QB,QB,WAS,16,ACT,Active,0,Rutgers; Minnesota,"https://static.www.nfl.com/image/upload/f_auto,q_auto/league/ahtbv63jyg8ampmyrxn9",2026
5081542,00-0041118,,RobiLa04,,19619,Landon Robinson,Landon,Robinson,DL,DT,CIN,96,ACT,Active,0,Navy,"https://static.www.nfl.com/image/upload/f_auto,q_auto/league/zhqov0z3vzufg9rkcaxd",2026
4875592,00-0041119,,KuwaJa00,,19752,Jackson Kuwatch,Jackson,Kuwatch,LB,ILB,CAR,46,ACT,Active,0,Miami (Ohio); Ohio State,"https://static.www.nfl.com/image/upload/f_auto,q_auto/league/ssizhdf9pbw2zxp3egcj",2026
4837388,00-0041120,,PaynVJ00,,19586,VJ Payne,Victor,Payne,DB,SS,NYJ,34,RES,Reserve/IR,0,Kansas State,"https://static.www.nfl.com/image/upload/f_auto,q_auto/league/mr1fz0yd8pvfjzis5ell",2026
,00-0041121,,,,,Ethan Onianwa,Ethan,Onianwa,OL,T,ATL,75,ACT,Active,0,Ohio State; Rice,"https://static.www.nfl.com/image/upload/f_auto,q_auto/league/spvsdjmjvcvuerqw3y5d",2026
5121433,00-0041122,13588,DurfZa00,,19714,Zach Durfee,Zach,Durfee,DL,DE,JAX,58,RES,Reserve/IR,0,Washington; Sioux Falls,"https://static.www.nfl.com/image/upload/f_auto,q_auto/league/gcjqllkpo5cx41ocdvbt",2026
4431465,00-0041123,13295,MortBe00,,19293,Behren Morton,Behren,Morton,QB,QB,NE,15,ACT,Active,0,Texas Tech,"https://static.www.nfl.com/image/upload/f_auto,q_auto/league/st5s1urflg14hwvx8uzl",2026
,00-0041124,,,,,Gavin Gerhardt,Gavin,Gerhardt,OL,C,MIN,58,CUT,Cut,0,,"https://static.www.nfl.com/image/upload/f_auto,q_auto/league/racsjeolwog7ueun0pab",2026
4686468,00-0041125,13424,McGoSe01,,19303,Seth McGowan,Seth,McGowan,RB,RB,IND,20,ACT,Active,0,Kentucky; New Mexico State; Butler University; Oklahoma,"https://static.www.nfl.com/image/upload/f_auto,q_auto/league/qkwvvygwu9pan88sivzb",2026
4682758,00-0041126,,DomaTo00,,19455,Tommy Doman Jr.,Thomas,Doman,P,P,BUF,39,ACT,Active,0,Florida; Michigan,"https://static.www.nfl.com/image/upload/f_auto,q_auto/league/kqtedpbw8nmmvnp5vomj",2026
4880861,00-0041127,,HughPa00,,19803,Parker Hughes,Troy,Hughes,LB,ILB,JAX,53,RES,Reserve/IR,0,Middle Tennessee State,"https://static.www.nfl.com/image/upload/f_auto,q_auto/league/sgynne35cxl9y5fyzurs",2026
,00-0041128,,,,,Ar'maj Reed-Adams,Ar'maj,Reed-Adams,OL,G,BUF,60,ACT,Active,0,Texas A&M; Kansas,"https://static.www.nfl.com/image/upload/f_auto,q_auto/league/s2uqywfqwqqe9ubdml5w",2026
4685477,00-0041129,13403,MillJa03,,19302,Jam Miller,Jamarion,Miller,RB,RB,NE,30,CUT,Cut,0,,"https://static.www.nfl.com/image/upload/f_auto,q_auto/league/zfxfycwnsyjtoj1n8j5e",2026
4880014,00-0041130,,ScotMi00,,19760,Miles Scott,Miles,Scott,DB,FS,DEN,39,DEV,Practice Squad,0,Illinois,"https://static.www.nfl.com/image/upload/f_auto,q_auto/league/pncxuddkqd2csgmxzkfm",2026
4685540,00-0041131,13580,RyanCa00,,19608,Carsen Ryan,Carsen,Ryan,TE,TE,CLE,48,ACT,Active,0,BYU; Utah; UCLA,"https://static.www.nfl.com/image/upload/f_auto,q_auto/league/qiqiqjw4vyhv2xpxt2np",2026
4683151,00-0041132,13333,BurkDe02,,19315,Deion Burks,Deion,Burks,WR,WR,IND,80,ACT,Active,0,Oklahoma; Purdue,"https://static.www.nfl.com/image/upload/f_auto,q_auto/league/mbejyq733jilg3bkpzur",2026
5159802,00-0041133,13577,BentDa00,,19363,Dallen Bentley,Dallen,Bentley,TE,TE,DEN,89,ACT,Active,0,Utah; Snow,"https://static.www.nfl.com/image/upload/f_auto,q_auto/league/vaiszquqlgric9cfbwjf",2026
4912190,00-0041134,13579,MurdRe00,,19550,Red Murdock,Khalil,Murdock,LB,ILB,DEN,50,DEV,Practice Squad,0,Buffalo,"https://static.www.nfl.com/image/upload/f_auto,q_auto/league/nmlusx7gpecv6trobnjh",2026
,00-0041136,,,,,Rene Konga,Rene,Konga,DL,DE,MIA,95,RES,Reserve/IR,0,Louisville; Rutgers,"https://static.www.nfl.com/image/upload/f_auto,q_auto/league/qn7lj4k9kkklluhifocz",2026
,00-0041137,,,,,Kevin Cline,Kevin,Cline,OL,T,MIA,79,CUT,Cut,0,,"https://static.www.nfl.com/image/upload/f_auto,q_auto/league/fbb9hzryqz5xyfm4b2kj",2026
,00-0041138,,,,,Albert Reese,Albert,Reese,OL,T,CAR,76,ACT,Active,0,Mississippi State,"https://static.www.nfl.com/image/upload/f_auto,q_auto/league/zb27al135smoctturd2b",2026
,00-0041139,,,,,Damon Bankston,Damon,Bankston,RB,RB,NYG,37,CUT,Cut,0,,"https://static.www.nfl.com/image/upload/f_auto,q_auto/league/pfbet5qlrhpv0qaxqbax",2026
,00-0041140,,,,,Anquin Barnes Jr.,Anquin,Barnes,DL,DT,NYG,66,CUT,Cut,0,,"https://static.www.nfl.com/image/upload/f_auto,q_auto/league/r6khzquci6q4znyrjpym",2026
,00-0041141,,,,,Ben Barten,Benjamin,Barten,DL,DT,NYG,68,DEV,Practice Squad,0,,"https://static.www.nfl.com/image/upload/f_auto,q_auto/league/xja02mvfi3m5ytvxirea",2026
,00-0041142,,,,,Thaddeus Dixon,Thaddeus,Dixon,DB,CB,NYG,39,RES,Reserve/IR,0,North Carolina; Washington; Long Beach City College,,2026
,00-0041143,,,,,Ben Mann,Ben,Mann,LS,LS,NYG,58,ACT,Active,0,Boston College; Yale,"https://static.www.nfl.com/image/upload/f_auto,q_auto/league/vdnd7w2xp70dionjqi3l",2026
,00-0041144,,,,,Ryan Schernecke,Ryan,Schernecke,OL,T,NYG,70,DEV,Practice Squad,0,Kutztown,"https://static.www.nfl.com/image/upload/f_auto,q_auto/league/kwyianyrtbidf3yjwbup",2026
5082424,00-0041145,,ZvadDo00,,18509,Dominic Zvada,Dominic,Zvada,K,K,NYG,34,ACT,Active,0,Michigan; Arkansas State,"https://static.www.nfl.com/image/upload/f_auto,q_auto/league/rej45oauer8jysbtwbxm",2026
,00-0041146,,,,,Isaia Glass,Isaia,Glass,OL,G,CAR,74,DEV,Practice Squad,0,,"https://static.www.nfl.com/image/upload/f_auto,q_auto/league/ydmxfwrctgc3wzrmi4rv",2026
,00-0041147,,,,,Jaylon Guilbeau,Jaylon,Guilbeau,DB,CB,PIT,21,CUT,Cut,0,,"https://static.www.nfl.com/image/upload/f_auto,q_auto/league/fmacvoyzqgwibr3oltid",2026
,00-0041148,,,,,Aaron Hall,Aaron,Hall,DL,DT,CAR,94,ACT,Active,0,Duke,"https://static.www.nfl.com/image/upload/f_auto,q_auto/league/bq76gtte5drlejyfnjnn",2026
4428993,00-0041149,13415,,,19429,Haynes King,Haynes,King,QB,QB,CAR,16,ACT,Active,0,Georgia Tech; Texas A&M,"https://static.www.nfl.com/image/upload/f_auto,q_auto/league/qcloyq4ahyh0hfzo6i0i",2026
,00-0041150,,,,,Cam Miller,Cam,Miller,DB,CB,CAR,42,CUT,Cut,0,,"https://static.www.nfl.com/image/upload/f_auto,q_auto/league/tejrbhpml6z3iirchbtk",2026
,00-0041151,,,,,Parker Petersen,Parker,Petersen,DL,DT,CAR,69,DEV,Practice Squad,0,Wisconsin; Tulane,"https://static.www.nfl.com/image/upload/f_auto,q_auto/league/cwfe0yumsk0ydn3b6bq8",2026
4869965,00-0041152,13708,PrenKo00,,19680,Kobe Prentice,Kobe,Prentice,WR,WR,NYG,81,CUT,Cut,0,,"https://static.www.nfl.com/image/upload/f_auto,q_auto/league/n0zgkpti7qrcphmtuani",2026
,00-0041153,,,,,Devonta Smith,DeVonta,Smith,DB,CB,CAR,43,DEV,Practice Squad,0,Notre Dame; Alabama,"https://static.www.nfl.com/image/upload/f_auto,q_auto/league/rmc5wkyad0gu4gxtvzzy",2026
,00-0041154,,,,,Isaiah Smith,Isaiah,Smith,LB,OLB,CAR,47,CUT,Cut,0,,"https://static.www.nfl.com/image/upload/f_auto,q_auto/league/rkqgcreuuho9xykg7hm7",2026
4695400,00-0041156,13816,GronMa00,,19369,Mark Gronowski,Mark,Gronowski,QB,QB,MIA,16,CUT,Cut,0,,"https://static.www.nfl.com/image/upload/f_auto,q_auto/league/yqbrulccgmwxaboyy3dx",2026
4596347,00-0041158,13409,,,19444,Donaven McCulley,Donaven,McCulley,WR,WR,MIA,80,CUT,Cut,0,,"https://static.www.nfl.com/image/upload/f_auto,q_auto/league/d7yo77hsgi95onh27mt7",2026
,00-0041159,,,,,Rodney McGraw,Rodney,McGraw,DL,DE,MIA,59,DEV,Practice Squad,0,Western Michigan,"https://static.www.nfl.com/image/upload/f_auto,q_auto/league/rzwunvxmj9ztdfe1xi2l",2026
,00-0041160,,,,,Louis Moore,Louis,Moore,DB,FS,MIA,41,CUT,Cut,0,,"https://static.www.nfl.com/image/upload/f_auto,q_auto/league/xpjh2oupwazqhbmvbk2b",2026
,00-0041161,,,,,Le'Veon Moss,Le'Veon,Moss,RB,RB,MIA,37,RET,Retired,0,,,2026
4691903,00-0041162,,ReigMa00,,19532,Mason Reiger,Mason,Reiger,LB,OLB,PHI,43,DEV,Practice Squad,0,Wisconsin; Louisville,"https://static.www.nfl.com/image/upload/f_auto,q_auto/league/l0onarptlshevpa3bba1",2026
,00-0041163,,,,,Kahlil Saunders,Kahlil,Saunders,DL,DT,NO,67,CUT,Cut,0,,"https://static.www.nfl.com/image/upload/f_auto,q_auto/league/qwjuw7qtnntckiynyw7l",2026
,00-0041164,,,,,Caden Barnett,Caden,Barnett,OL,G,CHI,76,DEV,Practice Squad,0,Wyoming,,2026
,00-0041165,,,,,Coleman Bennett,Coleman,Bennett,RB,RB,MIA,38,CUT,Cut,0,,"https://static.www.nfl.com/image/upload/f_auto,q_auto/league/mxu81fxs1x2xeb2pn0ws",2026
,00-0041167,,,,,Beau Gardner,Beggs Barnum,Gardner,LS,LS,CHI,45,ACT,Active,0,Georgia; UCLA,,2026
,00-0041168,,,,,Omari Kelly,Omari,Kelly,WR,WR,CHI,82,CUT,Cut,0,,"https://static.www.nfl.com/image/upload/f_auto,q_auto/league/oz0rxxhvfnjrsc1zdsdc",2026
,00-0041169,,,,,Jaren Kump,Jaren,Kump,OL,C,CHI,64,CUT,Cut,0,,,2026
,00-0041170,,,,,Hayden Large,Hayden,Large,TE,TE,CHI,43,RES,Reserve/IR,0,Iowa,"https://static.www.nfl.com/image/upload/f_auto,q_auto/league/gbhffvvzh3nnzpno5hhw",2026
,00-0041171,,,,,Jayden Loving,Jayden,Loving,DL,DT,CHI,91,ACT,Active,0,Wake Forest,"https://static.www.nfl.com/image/upload/f_auto,q_auto/league/cocsd3g9llyyzbt1qznb",2026
,00-0041172,,,,,Miller Moss,Miller,Moss,QB,QB,CHI,16,CUT,Cut,0,,"https://static.www.nfl.com/image/upload/f_auto,q_auto/league/p86kdskm2q45zetkrx03",2026
,00-0041173,,,,,Mason Murphy,Mason,Murphy,OL,T,NO,63,ACT,Active,0,Auburn; USC,"https://static.www.nfl.com/image/upload/f_auto,q_auto/league/kqptv02lvnfxzk6iy7y7",2026
,00-0041175,,,,,Skyler Thomas,Skyler,Thomas,DB,SS,CHI,38,ACT,Active,0,Oregon State,"https://static.www.nfl.com/image/upload/f_auto,q_auto/league/ojgmea3dm5nvck8lasx6",2026
,00-0041176,,,,,Jaden Bradley,Jaden,Bradley,WR,WR,WAS,86,DEV,Practice Squad,0,UNLV; Charlotte; Pittsburgh,"https://static.www.nfl.com/image/upload/f_auto,q_auto/league/kr2pi6xguzj2ejtpvsnm",2026
,00-0041177,,,,,Fred Davis,Fred,Davis,DB,CB,WAS,38,DEV,Practice Squad,0,Northwestern; Jacksonville State; UCF; Clemson,"https://static.www.nfl.com/image/upload/f_auto,q_auto/league/cggb4uh3hy1gzmyuqk4v",2026
5151317,00-0041178,13418,HenrRo00,,18451,Robert Henry Jr.,Robert,Henry,RB,RB,WAS,30,DEV,Practice Squad,0,Texas-San Antonio,"https://static.www.nfl.com/image/upload/f_auto,q_auto/league/aehybugrdkpwoegwc10v",2026
4431334,00-0041179,13674,HiltCh00,,19437,Chris Hilton Jr.,Christopher,Hilton,WR,WR,GB,37,DEV,Practice Squad,0,LSU,"https://static.www.nfl.com/image/upload/f_auto,q_auto/league/x4c5gmotlioz2xynmtkw",2026
,00-0041180,,,,,Quentin Moore,Quentin,Moore,TE,TE,WAS,40,RES,Reserve/IR,0,Washington; Independence Comm. College,"https://static.www.nfl.com/image/upload/f_auto,q_auto/league/uavxcxg6tgw0pchu2osh",2026
,00-0041181,,,,,Malik Spencer,Malik,Spencer,DB,FS,WAS,36,RES,Reserve/IR,0,,"https://static.www.nfl.com/image/upload/f_auto,q_auto/league/wiopxrhywlhy4lsjvkod",2026
5081335,00-0041182,,StevDr00,,18511,Drew Stevens,Drew,Stevens,K,K,WAS,19,ACT,Active,0,Iowa,"https://static.www.nfl.com/image/upload/f_auto,q_auto/league/dzlynw7seoaqck1r2il3",2026
,00-0041183,,,,,Tanoa Togiai,Tanoa,Togiai,OL,G,WAS,62,ACT,Active,0,Utah,"https://static.www.nfl.com/image/upload/f_auto,q_auto/league/fpqkhar4pwwp8wc6hrcb",2026
,00-0041184,,,,,Carlos Allen Jr.,Carlos,Allen,DL,DT,ATL,79,DEV,Practice Squad,0,Houston; Kennesaw State,"https://static.www.nfl.com/image/upload/f_auto,q_auto/league/rdbunmnqahreiolmurtu",2026
4869816,00-0041185,13343,AnthVi01,,19345,Vinny Anthony II,Vinny,Anthony,WR,WR,ATL,86,DEV,Practice Squad,0,Wisconsin,"https://static.www.nfl.com/image/upload/f_auto,q_auto/league/za7sl8mdnvpy1lvo7gva",2026
,00-0041186,,,,,James Brockermeyer,James,Brockermeyer,OL,C,ATL,66,DEV,Practice Squad,0,Miami; TCU; Alabama,"https://static.www.nfl.com/image/upload/f_auto,q_auto/league/izljy0gycj4sz3pc5n8z",2026
,00-0041188,,,,,Malcolm DeWalt IV,Malcolm,DeWalt,DB,CB,ATL,36,ACT,Active,0,Akron; Butte College; Snow,"https://static.www.nfl.com/image/upload/f_auto,q_auto/league/tjpmrufhkvsxdfmqchgw",2026
4881826,00-0041191,13595,JoneCa06,,19649,Cash Jones,Cashion,Jones,RB,RB,ATL,32,DEV,Practice Squad,0,Georgia,"https://static.www.nfl.com/image/upload/f_auto,q_auto/league/w8owngxypixljzcnwyiv",2026
,00-0041192,,,,,Riley Mahlman,Riley,Mahlman,OL,T,ATL,76,DEV,Practice Squad,0,Wisconsin,"https://static.www.nfl.com/image/upload/f_auto,q_auto/league/ccdfmnjjfph73wxaflts",2026
5344782,00-0041194,,,,19642,Jack Strand,Jack,Strand,QB,QB,ATL,18,ACT,Active,0,Minnesota State,"https://static.www.nfl.com/image/upload/f_auto,q_auto/league/oadw9h9otuauaiv1vxvz",2026
,00-0041195,,,,,Jack Velling,Jack,Velling,TE,TE,ATL,84,DEV,Practice Squad,0,Michigan State; Oregon State,"https://static.www.nfl.com/image/upload/f_auto,q_auto/league/wotouog19khzog4kfwmq",2026
,00-0041196,,,,,Mory Bamba,Mory,Bamba,DB,CB,NYJ,38,DEV,Practice Squad,0,BYU; Tyler JC,"https://static.www.nfl.com/image/upload/f_auto,q_auto/league/wjft7vvf0zougklyuctc",2026
4430185,00-0041199,13826,,,19376,Caullin Lacy,Caullin,Lacy,WR,WR,NYJ,35,CUT,Cut,0,,"https://static.www.nfl.com/image/upload/f_auto,q_auto/league/sg9xmdh2jmwa2aocgdo8",2026
,00-0041203,,,,,Joey Aguilar,Joey,Aguilar,QB,QB,JAX,17,DEV,Practice Squad,0,Tennessee; Appalachian State; Diablo Valley College,"https://static.www.nfl.com/image/upload/f_auto,q_auto/league/ftafwh4qrzhpxp8kq0ca",2026
,00-0041204,,,,,T.J. Bollers,Trevor,Bollers,DL,DT,JAX,94,DEV,Practice Squad,0,California; Wisconsin,"https://static.www.nfl.com/image/upload/f_auto,q_auto/league/uq2bnnr2iea1gjvi0p3z",2026
,00-0041205,,,,,Brady Boyd,Brady,Boyd,WR,WR,JAX,83,CUT,Cut,0,,"https://static.www.nfl.com/image/upload/f_auto,q_auto/league/ockb9yxy4dhlr9ajasms",2026
,00-0041206,,,,,Alex Bullock,Alex,Bullock,WR,WR,JAX,,RET,Retired,0,,,2026
,00-0041207,,,,,Ethan Conner,Ethan,Conner,TE,TE,MIA,30,CUT,Cut,0,,"https://static.www.nfl.com/image/upload/f_auto,q_auto/league/hmabu7fiufpd0w5bn0o1",2026
,00-0041208,,,,,Garrett DiGiorgio,Garrett,DiGiorgio,OL,T,JAX,74,RES,Reserve/IR,0,UCLA,"https://static.www.nfl.com/image/upload/f_auto,q_auto/league/fkpmi3qwjwkjcluhjkhn",2026
,00-0041209,,,,,Quindarius Dunnigan,Quindarius,Dunnigan,DL,DE,JAX,59,CUT,Cut,0,,"https://static.www.nfl.com/image/upload/f_auto,q_auto/league/c8xnptquu7o8bp80ujmh",2026
,00-0041210,,,,,Preston Hodge,Preston,Hodge,DB,CB,JAX,26,CUT,Cut,0,,"https://static.www.nfl.com/image/upload/f_auto,q_auto/league/nshicasbyvt1r0p626q2",2026
,00-0041211,,,,,Jalen Hunt,Jalen,Hunt,DL,DT,NE,96,DEV,Practice Squad,0,,"https://static.www.nfl.com/image/upload/f_auto,q_auto/league/ktz6tlcwfjukgpkvsxxg",2026
,00-0041213,,,,,Devin Neal,Devin,Neal,DB,FS,JAX,36,CUT,Cut,0,,"https://static.www.nfl.com/image/upload/f_auto,q_auto/league/ld4tgpjzakb01wv3wbwp",2026
,00-0041214,,,,,Jimto Obidegwu,Jimto,Obidegwu,OL,T,JAX,62,CUT,Cut,0,,"https://static.www.nfl.com/image/upload/f_auto,q_auto/league/cedclw4zgcigzbgpmxti",2026
,00-0041215,,,,,Ben Patterson,Ben,Patterson,WR,WR,CLE,38,CUT,Cut,0,,,2026
4575862,00-0041216,13356,PenaTr00,,19334,Trebor Pena,Trebor,Pena,WR,WR,JAX,86,DEV,Practice Squad,0,Penn State; Syracuse,"https://static.www.nfl.com/image/upload/f_auto,q_auto/league/odtp8h91i2q8mjwbtypa",2026
4713118,00-0041217,13348,TaylJM00,,19245,J'Mari Taylor,J'mari,Taylor,RB,RB,JAX,30,DEV,Practice Squad,0,Virginia; North Carolina Central,"https://static.www.nfl.com/image/upload/f_auto,q_auto/league/bllauluwnbc34h7uzuom",2026
4836472,00-0041218,13650,,,19719,Bryan Thomas Jr.,Bryan,Thomas,DL,DE,JAX,57,ACT,Active,0,South Carolina,"https://static.www.nfl.com/image/upload/f_auto,q_auto/league/c46kdynfmqxdt9zlm1kn",2026
,00-0041219,,,,,Jordan White,Jordan,White,OL,C,JAX,,RET,Retired,0,,,2026
,00-0041220,,,,,Michael Wortham,Michael,Wortham,WR,WR,JAX,0,DEV,Practice Squad,0,Montana; Eastern Washington,"https://static.www.nfl.com/image/upload/f_auto,q_auto/league/vu5tb8rwe3rwu9vlpzvj",2026
,00-0041223,,,,,Theron Gaines,Theron,Gaines,LB,MLB,BUF,54,CUT,Cut,0,,"https://static.www.nfl.com/image/upload/f_auto,q_auto/league/yvdxgr34oofhvnd0q7b1",2026
,00-0041224,,,,,Da'Metrius Weatherspoon,Da'Metrius,Weatherspoon,OL,T,BUF,76,CUT,Cut,0,,"https://static.www.nfl.com/image/upload/f_auto,q_auto/league/wlyiq9kmokj9sjakgcdd",2026
,00-0041225,,,,,Cameron Ball,Cameron,Ball,DL,DT,IND,64,DEV,Practice Squad,0,Arkansas,"https://static.www.nfl.com/image/upload/f_auto,q_auto/league/g1i05at0lduxgstpgiel",2026
,00-0041226,,,,,Austin Brown,Austin,Brown,DB,SS,IND,31,CUT,Cut,0,,"https://static.www.nfl.com/image/upload/f_auto,q_auto/league/cc5vz8tfk41zgx59r5gh",2026
,00-0041227,,,,,Tahj Chambers,Tahj,Chambers,LB,ILB,IND,44,ACT,Active,0,Mississippi; Missouri State,"https://static.www.nfl.com/image/upload/f_auto,q_auto/league/ctykt0vp405vb6pzrh4t",2026
,00-0041228,,,,,Sahmir Hagans,Sahmir,Hagans,WR,WR,IND,11,CUT,Cut,0,,"https://static.www.nfl.com/image/upload/f_auto,q_auto/league/srzam5krmqqt3n5kn9as",2026
,00-0041230,,,,,Mitchell Melton,Mitchell,Melton,DL,DE,IND,54,DEV,Practice Squad,0,Virginia; Ohio State,"https://static.www.nfl.com/image/upload/f_auto,q_auto/league/tpedch0htpw3i47jrj7t",2026
,00-0041232,,,,,Nolan Rucci,Nolan,Rucci,OL,T,IND,76,DEV,Practice Squad,0,Penn State; Wisconsin,"https://static.www.nfl.com/image/upload/f_auto,q_auto/league/ckdp3a3c02je29nzrptb",2026
,00-0041233,,,,,Raylen Sharpe,Raylen,Sharpe,WR,WR,IND,8,CUT,Cut,0,,"https://static.www.nfl.com/image/upload/f_auto,q_auto/league/vvlwqrvwwum3bjtpribs",2026
,00-0041234,,,,,Geno VanDeMark,Geno,VanDeMark,OL,C,NYG,63,DEV,Practice Squad,0,Alabama; Michigan State,"https://static.www.nfl.com/image/upload/f_auto,q_auto/league/flljxyu3fooj4piap4hz",2026
,00-0041236,,,,,West Weeks,West,Weeks,LB,MLB,IND,47,DEV,Practice Squad,0,LSU; Virginia,"https://static.www.nfl.com/image/upload/f_auto,q_auto/league/hcmqnw4vsoxbiju2poyb",2026
,00-0041237,,,,,Chase Curtis,Chase,Curtis,TE,TE,NYJ,87,CUT,Cut,0,,"https://static.www.nfl.com/image/upload/f_auto,q_auto/league/ewonqlb329xgpuskooap",2026
,00-0041238,,,,,Xavier Hill,Xavier,Hill,OL,G,NYJ,76,CUT,Cut,0,,"https://static.www.nfl.com/image/upload/f_auto,q_auto/league/ofbtbfdgqmsmr8dlko7a",2026
4430893,00-0041239,,TrayCh00,,19425,Chip Trayanum,DeaMonte,Trayanum,RB,RB,NYJ,40,RES,Reserve/IR,0,Toledo; Kentucky; Ohio State; Arizona State,"https://static.www.nfl.com/image/upload/f_auto,q_auto/league/hdagffadajptx8nxfs8w",2026
,00-0041240,,,,,Liam Brown,Liam,Brown,OL,G,CIN,60,CUT,Cut,0,,"https://static.www.nfl.com/image/upload/f_auto,q_auto/league/hrswej73mch1v6ntvm2b",2026
,00-0041241,,,,,Kentrel Bullock,Kentrel,Bullock,RB,RB,CIN,31,DEV,Practice Squad,0,South Alabama; Mississippi,"https://static.www.nfl.com/image/upload/f_auto,q_auto/league/knfwlw5u1poz75qfyuy5",2026
,00-0041242,,,,,Jack Dingle,Jack,Dingle,LB,ILB,CIN,59,CUT,Cut,0,,"https://static.www.nfl.com/image/upload/f_auto,q_auto/league/wese4fyhry5qgvtcgwy3",2026
,00-0041243,,,,,Eric Gentry,Eric,Gentry,LB,ILB,CIN,58,CUT,Cut,0,,"https://static.www.nfl.com/image/upload/f_auto,q_auto/league/n94iq9oxvr2vlecdfjqd",2026
4611995,00-0041244,13946,HaynJa01,,19424,Jamal Haynes,Jamal,Haynes,RB,RB,CIN,24,CUT,Cut,0,,"https://static.www.nfl.com/image/upload/f_auto,q_auto/league/ljbgtbvcogvbhjnmn7cx",2026
,00-0041245,,,,,Christian Jones,Christian,Jones,OL,T,CIN,76,CUT,Cut,0,,"https://static.www.nfl.com/image/upload/f_auto,q_auto/league/fqqiuswrr2ijsdsqyazx",2026
,00-0041246,,,,,Josh Kattus,Josh,Kattus,TE,TE,CIN,48,CUT,Cut,0,,"https://static.www.nfl.com/image/upload/f_auto,q_auto/league/brst2aehfeoku4g39ve0",2026
,00-0041247,,,,,Corey Robinson II,Corey,Robinson,OL,T,CIN,77,CUT,Cut,0,,"https://static.www.nfl.com/image/upload/f_auto,q_auto/league/ruqjvxs1wmcbnk99dea2",2026
4718457,00-0041248,13318,ThomNo01,,19332,Noah Thomas,Noah,Thomas,WR,WR,CIN,17,DEV,Practice Squad,0,Georgia; Texas A&M,"https://static.www.nfl.com/image/upload/f_auto,q_auto/league/kafm8ce25xilrai8zsrz",2026
,00-0041249,,,,,Ceyair Wright,Ceyair,Wright,DB,CB,CIN,22,CUT,Cut,0,,"https://static.www.nfl.com/image/upload/f_auto,q_auto/league/flhqvtldg4tkp2ilkwxl",2026
4596472,00-0041251,13425,DaniJa03,,19292,Jalon Daniels,Jalon,Daniels,QB,QB,TB,10,ACT,Active,0,Kansas,"https://static.www.nfl.com/image/upload/f_auto,q_auto/league/hwhfl6i5drktwjvslfpn",2026
,00-0041252,,,,,Kenny Fletcher Jr.,Kenny,Fletcher,TE,TE,TB,81,CUT,Cut,0,,"https://static.www.nfl.com/image/upload/f_auto,q_auto/league/bkvuyl1uu3e21tet01iz",2026
4890885,00-0041253,,,,19793,Ayden Garnes,Ayden,Garnes,DB,CB,TB,24,ACT,Active,0,Arizona; West Virginia,"https://static.www.nfl.com/image/upload/f_auto,q_auto/league/qlpjgp4neoxtnxkkaxek",2026
,00-0041254,,,,,Josiah Green,Josiah,Green,DL,DT,TB,96,CUT,Cut,0,,"https://static.www.nfl.com/image/upload/f_auto,q_auto/league/iwx5ia2fgf7fafimf4ls",2026
,00-0041255,,,,,Henry Lutovsky,Henry,Lutovsky,OL,G,TB,61,DEV,Practice Squad,0,Nebraska,"https://static.www.nfl.com/image/upload/f_auto,q_auto/league/cctn8p66br2fainucxk3",2026
,00-0041256,,,,,Jack Pyburn,Jack,Pyburn,LB,OLB,KC,54,ACT,Active,0,LSU; Florida,"https://static.www.nfl.com/image/upload/f_auto,q_auto/league/z9fvkrqzww2zmzwibvn9",2026
4713277,00-0041257,13316,RiveEr00,,19323,Eric Rivers Jr.,Eric,Rivers,WR,WR,TB,83,DEV,Practice Squad,0,Georgia Tech; Florida International; Memphis,"https://static.www.nfl.com/image/upload/f_auto,q_auto/league/goritmogduir5z46j8v1",2026
,00-0041259,,,,,Devan Boykin,Devan,Boykin,DB,CB,PIT,40,CUT,Cut,0,,"https://static.www.nfl.com/image/upload/f_auto,q_auto/league/empcnsnojmeby4w3fi57",2026
,00-0041261,,,,,Kevin Jobity Jr.,Kevin,Jobity,DL,DE,PIT,92,ACT,Active,0,Syracuse,"https://static.www.nfl.com/image/upload/f_auto,q_auto/league/frofsca3oys8er9sm1jo",2026
,00-0041263,,,,,Lake McRee,Lake,McRee,TE,TE,PIT,81,DEV,Practice Squad,0,USC,"https://static.www.nfl.com/image/upload/f_auto,q_auto/league/z44mxfva1mljsixo7c2l",2026
,00-0041265,,,,,Squirrel White,Marquarius,White,WR,WR,CHI,,RET,Retired,0,,,2026
,00-0041266,,,,,Keelan Marion,Keelan,Marion,WR,WR,ATL,85,CUT,Cut,0,,"https://static.www.nfl.com/image/upload/f_auto,q_auto/league/pv8xxfhthq0i3sjtl3wr",2026
,00-0041267,,,,,Malik McClain,Malik,McClain,WR,WR,NYJ,84,DEV,Practice Squad,0,Arizona State; Penn State; Florida,"https://static.www.nfl.com/image/upload/f_auto,q_auto/league/ekh5mirge1jmayln4tfe",2026
,00-0041268,,,,,Cade Denhoff,Cade,Denhoff,LB,OLB,BUF,57,CUT,Cut,0,,"https://static.www.nfl.com/image/upload/f_auto,q_auto/league/de1druhuhxbjd2rwgzow",2026
,00-0041269,,,,,Jordan Dunbar,Jordan,Dunbar,DB,CB,BUF,36,CUT,Cut,0,,"https://static.www.nfl.com/image/upload/f_auto,q_auto/league/a1yvdwzblvcjpmxpvlvy",2026
,00-0041270,,,,,Bruno Fina,Bruno,Fina,OL,T,BUF,75,CUT,Cut,0,,"https://static.www.nfl.com/image/upload/f_auto,q_auto/league/sorqnhd2f5m8kkhvplz9",2026
4430270,00-0041272,13696,MaclJa00,,19941,Ja'Mori Maclin,Ja'Mori,Maclin,WR,WR,BUF,84,DEV,Practice Squad,0,Kentucky; North Texas; Missouri,"https://static.www.nfl.com/image/upload/f_auto,q_auto/league/pzy27lpwlernu820cyfd",2026
,00-0041274,,,,,Max Tomczak,Max,Tomczak,WR,WR,BUF,80,CUT,Cut,0,,"https://static.www.nfl.com/image/upload/f_auto,q_auto/league/ajbrniyekvuia9kmnewk",2026
,00-0041275,,,,,Kani Walker,Kani,Walker,DB,CB,BUF,41,DEV,Practice Squad,0,Arkansas; Oklahoma; Louisville,"https://static.www.nfl.com/image/upload/f_auto,q_auto/league/ygzyjhm5detd5jmkogv2",2026
,00-0041276,,,,,Kam Dewberry,Kam,Dewberry,OL,G,ATL,61,DEV,Practice Squad,0,Alabama; Texas A&M,"https://static.www.nfl.com/image/upload/f_auto,q_auto/league/ai9tsdkibbku98tzbedb",2026
5153650,00-0041277,13339,BootDa00,,19951,Davon Booth,Davon,Booth,RB,RB,IND,29,DEV,Practice Squad,0,Mississippi State; Utah State,"https://static.www.nfl.com/image/upload/f_auto,q_auto/league/ddzlehyaaedbtx8lh9vv",2026
,00-0041278,,,,,Nate Evans,Nathan,Evans,DB,CB,CLE,43,CUT,Cut,0,,,2026
5080699,00-0041279,13601,FanoLo00,,19402,Logan Fano,Logan,Fano,DL,DE,CLE,99,DEV,Practice Squad,0,Utah; BYU,,2026
,00-0041282,,,,,Izavion Miller,Izavion,Miller,OL,T,CLE,60,CUT,Cut,0,,"https://static.www.nfl.com/image/upload/f_auto,q_auto/league/hjaegxsf2bz8om9lpq3q",2026
,00-0041283,,,,,DeCarlos Nicholson,DeCarlos,Nicholson,DB,CB,CAR,41,CUT,Cut,0,,,2026
,00-0041284,,,,,Wes Pahl,Wes,Pahl,P,P,CLE,36,DEV,Practice Squad,0,Oklahoma State,,2026
,00-0041285,,,,,Khordae Sydnor,Khordae,Sydnor,DL,DE,CLE,90,DEV,Practice Squad,0,Vanderbilt; Purdue,,2026
,00-0041286,,,,,Zion Washington,Zion,Washington,DB,SS,CLE,30,DEV,Practice Squad,0,Boise State,,2026
,00-0041287,,,,,Kole Wilson,Kole,Wilson,WR,WR,CLE,87,DEV,Practice Squad,0,Baylor; Texas State-San Marcos,"https://static.www.nfl.com/image/upload/f_auto,q_auto/league/zjc32vqzdoq9n5uk90uf",2026
,00-0041288,,,,,Tyreak Sapp,Tyreak,Sapp,DL,DT,CLE,64,DEV,Practice Squad,0,Florida,"https://static.www.nfl.com/image/upload/f_auto,q_auto/league/yqndrntpjen13kuxq1p0",2026
,00-0041289,,,,,Brent Austin,Brent,Austin,DB,CB,DEN,33,DEV,Practice Squad,0,California; University of South Florida; James Madison,"https://static.www.nfl.com/image/upload/f_auto,q_auto/league/civl60ohpbvwssq9h76s",2026
,00-0041290,,,,,Luke Basso,Luke,Basso,LS,LS,DEN,43,DEV,Practice Squad,0,Oregon,"https://static.www.nfl.com/image/upload/f_auto,q_auto/league/eknn0fchozcc6unfylpd",2026
,00-0041292,,,,,Kolbe Katsis,Kolbe,Katsis,WR,WR,DEN,81,DEV,Practice Squad,0,Northern Arizona; Pittsburg State (KS),"https://static.www.nfl.com/image/upload/f_auto,q_auto/league/u3bhwno76vnuflla9jjg",2026
4685424,00-0041293,13336,KeyxDa00,,19329,Dane Key,Dane,Key,WR,WR,DEN,87,DEV,Practice Squad,0,Nebraska; Kentucky,"https://static.www.nfl.com/image/upload/f_auto,q_auto/league/got8amcmxwu5li8zwcnv",2026
,00-0041294,,,,,Joseph Manjack,Joseph,Manjack,WR,WR,DEN,86,CUT,Cut,0,,"https://static.www.nfl.com/image/upload/f_auto,q_auto/league/gcaf5glbypplos7a9hci",2026
,00-0041295,,,,,Dasan McCullough,Dasan,McCullough,LB,OLB,DEN,57,CUT,Cut,0,,"https://static.www.nfl.com/image/upload/f_auto,q_auto/league/nx7lnfv3sruhoyhnfpri",2026
,00-0041296,,,,,Tyler Miller,Tyler,Miller,OL,T,DEN,71,DEV,Practice Squad,0,Iowa State,"https://static.www.nfl.com/image/upload/f_auto,q_auto/league/mawpqz9m0qcjwcrlabzt",2026
,00-0041297,,,,,Gavin Ortega,Gavin,Ortega,OL,G,DEN,68,DEV,Practice Squad,0,Weber State,"https://static.www.nfl.com/image/upload/f_auto,q_auto/league/birjqhksr8vcpsxs27nw",2026
,00-0041298,,,,,Parker Robertson,Parker,Robertson,DB,SS,DEN,36,CUT,Cut,0,,"https://static.www.nfl.com/image/upload/f_auto,q_auto/league/zsddrqraoywnrrejhli5",2026
,00-0041299,,,,,Cameron Ross,Cameron,Ross,WR,WR,DEN,87,CUT,Cut,0,,"https://static.www.nfl.com/image/upload/f_auto,q_auto/league/mwm6jtkeccyfxpuow3ri",2026
,00-0041300,,,,,William Wright,William,Wright,DB,CB,CHI,16,CUT,Cut,0,,,2026
4917859,00-0041301,13593,YorkTa00,,19557,Taurean York,Taurean,York,LB,ILB,DEN,42,CUT,Cut,0,,"https://static.www.nfl.com/image/upload/f_auto,q_auto/league/ik6sh0hlkligds2vdmo7",2026
,00-0041302,,,,,Dominic Bailey,Dominic,Bailey,DL,DE,HOU,73,DEV,Practice Squad,0,Tennessee,"https://static.www.nfl.com/image/upload/f_auto,q_auto/league/czwksuefvmz0av1ffop0",2026
,00-0041303,,,,,Sam Hagen,Sam,Hagen,OL,T,HOU,76,RES,Reserve/IR,0,South Dakota State; North Dakota,"https://static.www.nfl.com/image/upload/f_auto,q_auto/league/zhkw7gmxfbcebcpoms2j",2026
,00-0041304,,,,,Stephen Hall,Stephen,Hall,DB,CB,HOU,41,CUT,Cut,0,,"https://static.www.nfl.com/image/upload/f_auto,q_auto/league/qa7ibhagtbb2o8wkciex",2026
,00-0041305,,,,,Sabastian Harsh,Sabastian,Harsh,DL,DE,HOU,74,ACT,Active,0,N.C. State; Wyoming,"https://static.www.nfl.com/image/upload/f_auto,q_auto/league/lfw9jpcytz9nzrz3irxa",2026
,00-0041306,,,,,James Neal III,James,Neal,OL,T,HOU,70,DEV,Practice Squad,0,Iowa State; Independence Comm. College,"https://static.www.nfl.com/image/upload/f_auto,q_auto/league/xidnqx1gkgr7dtdbg3br",2026
,00-0041308,,,,,Treyvhon Saunders,Treyvhon,Saunders,WR,WR,HOU,14,CUT,Cut,0,,"https://static.www.nfl.com/image/upload/f_auto,q_auto/league/gwouh69b2usqxmfhqxmz",2026
,00-0041309,,,,,Daniel Sobkowicz,Daniel,Sobkowicz,WR,WR,HOU,17,DEV,Practice Squad,0,Illinois State,"https://static.www.nfl.com/image/upload/f_auto,q_auto/league/u5goe2agufae3d8jphi9",2026
4432631,00-0041312,13437,WhitNo00,,19305,Noah Whittington,Noah,Whittington,RB,RB,HOU,26,DEV,Practice Squad,0,Oregon; Western Kentucky,"https://static.www.nfl.com/image/upload/f_auto,q_auto/league/ofifs3fbgpnv6qtcjain",2026
,00-0041313,,,,,Collin Wright,Collin,Wright,DB,CB,HOU,37,ACT,Active,0,Stanford,"https://static.www.nfl.com/image/upload/f_auto,q_auto/league/csaxmcy2h46hqxaxqnzp",2026
,00-0041314,,,,,Tanner Arkin,Tanner,Arkin,TE,TE,NE,84,ACT,Active,0,Illinois; Colorado State,"https://static.www.nfl.com/image/upload/f_auto,q_auto/league/vgc4lne9seywphzadlav",2026
,00-0041315,,,,,David Blay Jr.,David,Blay,DL,DT,PHI,64,CUT,Cut,0,,"https://static.www.nfl.com/image/upload/f_auto,q_auto/league/fnlazwet8rdmu4ynezor",2026
,00-0041316,,,,,Channing Canada,Channing,Canada,DB,CB,NE,29,ACT,Active,0,TCU; Trinity Valley CC,"https://static.www.nfl.com/image/upload/f_auto,q_auto/league/aaidtccosmwngboptnkf",2026
,00-0041317,,,,,Nick DeGennaro,Nick,DeGennaro,WR,WR,NE,23,CUT,Cut,0,,"https://static.www.nfl.com/image/upload/f_auto,q_auto/league/vc9uhlgxs79dhcza4qp2",2026
5011554,00-0041318,,,,19667,Kyle Dixon,Kyle,Dixon,WR,WR,NE,83,DEV,Practice Squad,0,Culver-Stockton College,"https://static.www.nfl.com/image/upload/f_auto,q_auto/league/obg1mz6j2ax8fqhig1uj",2026
,00-0041319,,,,,Cameron Dorner,Cameron,Dorner,WR,WR,NE,88,DEV,Practice Squad,0,North Texas; Shepherd,"https://static.www.nfl.com/image/upload/f_auto,q_auto/league/lzae2vexciqchpaejeis",2026
,00-0041320,,,,,Kenneth Harris,Kenneth,Harris,DB,CB,IND,29,DEV,Practice Squad,0,Oklahoma State,"https://static.www.nfl.com/image/upload/f_auto,q_auto/league/hnfpjatae3feakzaa7oo",2026
4912116,00-0041321,13915,,,19755,Khalil Jacobs,Khalil,Jacobs,LB,ILB,NE,59,RES,Reserve/IR,0,Missouri; South Alabama,"https://static.www.nfl.com/image/upload/f_auto,q_auto/league/qszmbux0k3qezu12mrs4",2026
,00-0041322,,,,,Jimmy Kibble,James,Kibble,WR,WR,NE,19,CUT,Cut,0,,"https://static.www.nfl.com/image/upload/f_auto,q_auto/league/oqed2w9ukizullcgi22l",2026
4676889,00-0041323,13964,,,20074,Myles Montgomery,Myles,Montgomery,RB,RB,NE,39,RES,Reserve/IR,0,UCF; Cincinnati,"https://static.www.nfl.com/image/upload/f_auto,q_auto/league/x2iwklhxz7it7m1hsdwy",2026
,00-0041324,,,,,JonDarius Morgan,JonDarius,Morgan,OL,G,NE,69,CUT,Cut,0,,"https://static.www.nfl.com/image/upload/f_auto,q_auto/league/vrfroiabhoeww6n50qm5",2026
,00-0041325,,,,,Jacob Rizy,Jacob,Rizy,OL,C,NE,64,DEV,Practice Squad,0,Florida State; Harvard,"https://static.www.nfl.com/image/upload/f_auto,q_auto/league/fioyvuz4qbdnm5b97zkf",2026
5081999,00-0041326,13277,DonaCJ00,,19431,CJ Donaldson,De'Carlo,Donaldson,RB,RB,NO,43,DEV,Practice Squad,0,Ohio State; West Virginia,"https://static.www.nfl.com/image/upload/f_auto,q_auto/league/lwl0pyoz7mbjcne0stsx",2026
,00-0041327,,,,,Cody Hardy,Cody,Hardy,TE,TE,NO,86,CUT,Cut,0,,"https://static.www.nfl.com/image/upload/f_auto,q_auto/league/e7ryku3lwro60d4ugp9f",2026
4705926,00-0041329,13643,,,19711,Michael Heldman,Michael,Heldman,LB,OLB,NO,63,RES,Reserve/IR,0,,"https://static.www.nfl.com/image/upload/f_auto,q_auto/league/jehzyru8z7dlh4ws4fqx",2026
,00-0041330,,,,,Alan Herron,Alan,Herron,OL,T,NO,70,DEV,Practice Squad,0,Maryland; Shorter University,"https://static.www.nfl.com/image/upload/f_auto,q_auto/league/crkhadhimz9ds15jt4mo",2026
,00-0041332,,,,,Jeremiah McClendon,Jeremiah,McClendon,DB,CB,CLE,47,CUT,Cut,0,,,2026
,00-0041335,,,,,Jay'Viar Suggs,Jay'viar,Suggs,DL,DT,NO,62,DEV,Practice Squad,0,Wisconsin; LSU; Grand Valley,"https://static.www.nfl.com/image/upload/f_auto,q_auto/league/rxgaktmtqeqw7yvqbemt",2026
,00-0041336,,,,,Alex Wollschlaeger,Alex,Wollschlaeger,OL,T,NO,79,DEV,Practice Squad,0,Kentucky; Bowling Green,"https://static.www.nfl.com/image/upload/f_auto,q_auto/league/salnwkfmy9wgq8tmm8mm",2026
4683096,00-0041338,13971,,,19814,Caden Fordham,Caden,Fordham,LB,ILB,TB,46,CUT,Cut,0,,"https://static.www.nfl.com/image/upload/f_auto,q_auto/league/syo5se7gt7lavlfxp3fl",2026
,00-0041339,,,,,Deshawn McKnight,DeShawn,McKnight,DL,DE,TB,73,RES,Reserve/IR,0,Arizona; Tennessee-Martin,"https://static.www.nfl.com/image/upload/f_auto,q_auto/league/wwxzxeb9vkkks5gehjiv",2026
,00-0041340,,,,,Marcus Allen,Marcus,Allen,DB,CB,MIN,29,RES,Reserve/IR,0,North Carolina,"https://static.www.nfl.com/image/upload/f_auto,q_auto/league/fqbqj831k8dqzmrlejjx",2026
,00-0041341,,,,,Da'Veawn Armstead,Da'Veawn,Armstead,DB,CB,MIN,38,DEV,Practice Squad,0,North Texas; TCU; Sam Houston State,"https://static.www.nfl.com/image/upload/f_auto,q_auto/league/jxf34gnwnwuohqkssugv",2026
4712579,00-0041342,13621,,,19337,Dillon Bell,Dillon,Bell,WR,WR,MIN,89,DEV,Practice Squad,0,Georgia,"https://static.www.nfl.com/image/upload/f_auto,q_auto/league/b9v5ex8bfoum15d8v2gf",2026
,00-0041344,,,,,Tyreek Chappell,Tyreek,Chappell,DB,CB,MIN,28,RES,Reserve/IR,0,Texas A&M,"https://static.www.nfl.com/image/upload/f_auto,q_auto/league/itludydyhonkxtz5sebd",2026
,00-0041348,,,,,Tristan Leigh,Tristan,Leigh,OL,T,MIN,63,CUT,Cut,0,,"https://static.www.nfl.com/image/upload/f_auto,q_auto/league/j83wdb6jj6ubxexc0e0w",2026
,00-0041349,,,,,Delby Lemieux,Delby,Lemieux,OL,G,MIN,62,CUT,Cut,0,,"https://static.www.nfl.com/image/upload/f_auto,q_auto/league/ngvitclfbc5gfllo6sq3",2026
,00-0041351,,,,,Tomas Rimac,Tomas,Rimac,OL,T,MIN,67,CUT,Cut,0,,"https://static.www.nfl.com/image/upload/f_auto,q_auto/league/edo1ygt7jjtde5jn7kjd",2026
,00-0041352,,,,,Marcus Sanders Jr.,Marcus,Sanders,WR,WR,MIN,31,CUT,Cut,0,,"https://static.www.nfl.com/image/upload/f_auto,q_auto/league/zu39csnwn4ahfyvipdog",2026
,00-0041353,,,,,Cam'Ron Stewart,Cam'Ron,Stewart,LB,OLB,MIN,49,CUT,Cut,0,,"https://static.www.nfl.com/image/upload/f_auto,q_auto/league/twtdm7vmhzc0idevxtog",2026
5082397,00-0041354,,,,19762,Jacob Thomas,Jacob,Thomas,DB,SS,MIN,39,ACT,Active,0,James Madison,"https://static.www.nfl.com/image/upload/f_auto,q_auto/league/xme4nohvydgpjnj6gpge",2026
,00-0041355,,,,,Arden Walker,Arden,Walker,LB,OLB,GB,46,CUT,Cut,0,,"https://static.www.nfl.com/image/upload/f_auto,q_auto/league/uy7hcwv07dysph9gs068",2026
4699678,00-0041357,13432,,,19449,Khalil Dinkins,Khalil,Dinkins,TE,TE,SF,43,DEV,Practice Squad,0,Penn State,"https://static.www.nfl.com/image/upload/f_auto,q_auto/league/txukjdrzl6um3k3t0t31",2026
,00-0041358,,,,,Bryson Eason,Bryson,Eason,DL,DT,KC,94,ACT,Active,0,Tennessee,"https://static.www.nfl.com/image/upload/f_auto,q_auto/league/j1jl72vreavg4ogitcln",2026
,00-0041359,,,,,Wesley Grimes,Wesley,Grimes,WR,WR,SF,81,DEV,Practice Squad,0,N.C. State; Wake Forest,"https://static.www.nfl.com/image/upload/f_auto,q_auto/league/n5hfuzuaxausgstr3cp8",2026
,00-0041360,,,,,Mikail Kamara,Mikail,Kamara,DL,DE,SF,59,RES,Reserve/IR,0,Indiana; James Madison,"https://static.www.nfl.com/image/upload/f_auto,q_auto/league/drg6jegxm6gywk2sfxhe",2026
,00-0041361,,,,,Will Pauling,Will,Pauling,WR,WR,SF,84,DEV,Practice Squad,0,Notre Dame; Wisconsin; Cincinnati,"https://static.www.nfl.com/image/upload/f_auto,q_auto/league/hk2txxjkjk1ycmluu2kn",2026
4683155,00-0041362,,StroJa03,,19636,Jalen Stroman,Jalen,Stroman,DB,SS,SF,38,DEV,Practice Squad,0,Notre Dame; Virginia Tech,"https://static.www.nfl.com/image/upload/f_auto,q_auto/league/qtlqtpbd1mmpyvcuoa4k",2026
,00-0041363,,,,,James Thompson Jr.,James,Thompson,DL,DT,SF,96,ACT,Active,0,Illinois; Wisconsin,"https://static.www.nfl.com/image/upload/f_auto,q_auto/league/kaksxzzz2yoykrlsv0hc",2026
,00-0041364,,,,,Elijah Culp,Elijah,Culp,DB,CB,ARI,26,CUT,Cut,0,,"https://static.www.nfl.com/image/upload/f_auto,q_auto/league/byz0elucp4zkyalthjs1",2026
,00-0041365,,,,,Ka'ena Decambra,Ka'ena,De Cambra,OL,C,HOU,62,DEV,Practice Squad,0,Arizona; Hawaii,"https://static.www.nfl.com/image/upload/f_auto,q_auto/league/pdijxigyrdfxvuk1r2vm",2026
,00-0041366,,,,,Jameson Geers,Jameson,Geers,TE,TE,ARI,46,RES,Reserve/IR,0,Minnesota,"https://static.www.nfl.com/image/upload/f_auto,q_auto/league/c8jeabzy38oouigdr214",2026
,00-0041367,,,,,Cam Robertson,Cameron,Robertson,LB,OLB,ARI,49,DEV,Practice Squad,0,SMU; North Texas,"https://static.www.nfl.com/image/upload/f_auto,q_auto/league/uuczxjw4ass8y7h2sij8",2026
4699354,00-0041368,13670,WallHa00,,19331,Harrison Wallace III,Harrison,Wallace,WR,WR,ARI,30,DEV,Practice Squad,0,Mississippi; Penn State,"https://static.www.nfl.com/image/upload/f_auto,q_auto/league/mxwpoysyvficq6vgvcdq",2026
,00-0041369,,,,,Damonic Williams,Damonic,Williams,DL,NT,ARI,96,DEV,Practice Squad,0,Oklahoma; TCU,"https://static.www.nfl.com/image/upload/f_auto,q_auto/league/je6s5ezbps6ouanmle5p",2026
,00-0041370,,,,,Wydett Williams Jr.,Wydett,Williams,DB,SS,ARI,31,ACT,Active,0,Mississippi; Louisiana-Monroe; Delta State University,"https://static.www.nfl.com/image/upload/f_auto,q_auto/league/yehplfdaudjovmu77qbe",2026
,00-0041371,,,,,Noah Avinger,Noah,Avinger,DB,FS,LAC,31,CUT,Cut,0,,"https://static.www.nfl.com/image/upload/f_auto,q_auto/league/wwgamb8sy49qhna4amcj",2026
4685272,00-0041372,13607,,,19539,Lander Barton,Lander,Barton,LB,ILB,LAC,57,DEV,Practice Squad,0,Utah,"https://static.www.nfl.com/image/upload/f_auto,q_auto/league/hqmemqmhk4bnpdaynlf3",2026
,00-0041373,,,,,Jerand Bradley,Jerand,Bradley,WR,WR,LAC,36,CUT,Cut,0,,"https://static.www.nfl.com/image/upload/f_auto,q_auto/league/gjezjgrsmkngjzofmsu9",2026
,00-0041374,,,,,Sincere Brown,Sincere,Brown,WR,WR,LAC,38,RES,Reserve/IR,0,,"https://static.www.nfl.com/image/upload/f_auto,q_auto/league/tczbze6iof5vyvxp9omu",2026
,00-0041375,,,,,Jahmeer Carter,Jahmeer,Carter,DL,NT,LAC,61,CUT,Cut,0,,"https://static.www.nfl.com/image/upload/f_auto,q_auto/league/f4yaadlyfhuy3ubcx4bj",2026
,00-0041376,,,,,Gregory Desrosiers,Gregory,Desrosiers,RB,RB,LAC,31,DEV,Practice Squad,0,Memphis; UMass Amherst; Louisville,"https://static.www.nfl.com/image/upload/f_auto,q_auto/league/serg5wdxgoemdropu4vs",2026
,00-0041377,,,,,Devin Grant,Devin,Grant,DB,SS,LAC,38,CUT,Cut,0,,"https://static.www.nfl.com/image/upload/f_auto,q_auto/league/uh66ghedjdrq7bvytwtq",2026
,00-0041378,,,,,Jacobian Guillory,Jacobian,Guillory,DL,DT,LAC,95,CUT,Cut,0,,"https://static.www.nfl.com/image/upload/f_auto,q_auto/league/tpek1xmrgperrhkn46n3",2026
,00-0041379,,,,,Niles King,Niles,King,DL,DE,KC,94,CUT,Cut,0,,,2026
,00-0041380,,,,,Devonte Ross,Devonte,Ross,WR,WR,LAC,24,CUT,Cut,0,,"https://static.www.nfl.com/image/upload/f_auto,q_auto/league/i8hp6pqdc82lefdkdhi1",2026
,00-0041381,,,,,Rodney Shelley,Rodney,Shelley,DB,CB,LAC,24,ACT,Active,0,Georgia Tech,"https://static.www.nfl.com/image/upload/f_auto,q_auto/league/h81syaexfnoma3efhimz",2026
5082331,00-0041382,13635,SmitAv00,,19593,Avery Smith,Avery,Smith,DB,CB,SEA,36,ACT,Active,0,Toledo,"https://static.www.nfl.com/image/upload/f_auto,q_auto/league/o6hgu7dqu1cr50mooybp",2026
,00-0041383,,,,,Jacob Spomer,Jacob,Spomer,OL,C,LAC,60,ACT,Active,0,Fresno State; Diablo Valley College,"https://static.www.nfl.com/image/upload/f_auto,q_auto/league/t0sybcgjsmso9bxpggf1",2026
,00-0041384,,,,,Evan Svoboda,Evan,Svoboda,TE,TE,LAC,49,DEV,Practice Squad,0,Wyoming; Snow,"https://static.www.nfl.com/image/upload/f_auto,q_auto/league/oiypi2ljtijzyh5mpi3f",2026
5081483,00-0041385,,TuckNa00,,19535,Nadame Tucker,Nadame,Tucker,DL,DE,LAC,56,DEV,Practice Squad,0,,"https://static.www.nfl.com/image/upload/f_auto,q_auto/league/tq22imtngjpu2fn8su5g",2026
,00-0041386,,,,,Terry Webb,Terry,Webb,DL,DT,LAC,64,DEV,Practice Squad,0,SMU; Texas State-San Marcos; Kilgore,"https://static.www.nfl.com/image/upload/f_auto,q_auto/league/eqjhmsh9desuuzsaemrj",2026
,00-0041387,,,,,Isaiah World,Isaiah,World,OL,T,LAC,67,RES,Reserve/IR,0,Oregon; Nevada,"https://static.www.nfl.com/image/upload/f_auto,q_auto/league/owat1mlzs6ozrpqa1jfo",2026
4685479,00-0041390,,MillCh01,,19266,Christen Miller,Christen,Miller,DL,DT,NO,52,ACT,Active,0,Georgia,"https://static.www.nfl.com/image/upload/f_auto,q_auto/league/goyemhogpp21adasa9z7",2026
4832035,00-0041391,13454,IgbiDa01,,19573,Davison Igbinosun,Davison,Igbinosun,DB,CB,BUF,21,ACT,Active,0,Ohio State; Mississippi,"https://static.www.nfl.com/image/upload/f_auto,q_auto/league/jb0yvudwlaooyiemyxh8",2026
,00-0041392,,,,,Jake Slaughter,Jake,Slaughter,OL,G,LAC,66,ACT,Active,0,Florida,"https://static.www.nfl.com/image/upload/f_auto,q_auto/league/m3tbps2o5cuy8ueeygjy",2026
4685327,00-0041393,13470,EverDa00,,19566,Daylen Everette,Daylen,Everette,DB,CB,PIT,23,ACT,Active,0,Georgia,"https://static.www.nfl.com/image/upload/f_auto,q_auto/league/cihcum2yfkzszr6e7icn",2026
,00-0041394,,,,,Keagen Trost,Keagen,Trost,OL,T,LA,79,RES,Reserve/IR,0,Missouri; Wake Forest,"https://static.www.nfl.com/image/upload/f_auto,q_auto/league/yu1xi1tsm8my89xiefte",2026
4831959,00-0041395,13421,RariEl00,,19348,Eli Raridon,Eli,Raridon,TE,TE,NE,82,ACT,Active,0,Notre Dame,"https://static.www.nfl.com/image/upload/f_auto,q_auto/league/tglrg0yek3kwrt8rqz5t",2026
,00-0041396,,,,,Gennings Dunker,Gennings,Dunker,OL,G,PIT,73,ACT,Active,0,Iowa,"https://static.www.nfl.com/image/upload/f_auto,q_auto/league/orewpce9gba4rsx0qnr8",2026
5081338,00-0041397,13491,WetjKa00,,19340,Kaden Wetjen,Kaden,Wetjen,WR,WR,PIT,10,ACT,Active,0,Iowa; Iowa Western CC,"https://static.www.nfl.com/image/upload/f_auto,q_auto/league/s44clgjdvd1tuslyqimk",2026
4693370,00-0041398,13433,NowaRi00,,19451,Riley Nowakowski,Riley,Nowakowski,TE,TE,PIT,37,ACT,Active,0,Indiana; Wisconsin,"https://static.www.nfl.com/image/upload/f_auto,q_auto/league/nhyd8plaetjoosbq1btb",2026
4605951,00-0041399,,DaniCJ00,,19316,CJ Daniels,Carlton,Daniels,WR,WR,LA,6,ACT,Active,0,Miami; LSU; Liberty,"https://static.www.nfl.com/image/upload/f_auto,q_auto/league/jqx2xj6xmri9hrjm8azc",2026
,00-0041400,,,,,Gabe Rubio,Gabriel,Rubio,DL,DE,PIT,96,ACT,Active,0,Notre Dame,"https://static.www.nfl.com/image/upload/f_auto,q_auto/league/pvqedjkhi9vdrjbrrmcr",2026
4820584,00-0041401,,SpeaRo01,,19595,Robert Spears-Jennings,Robert,Spears-Jennings,DB,FS,PIT,28,ACT,Active,0,Oklahoma,"https://static.www.nfl.com/image/upload/f_auto,q_auto/league/e0h7triczbebvcoqdgnx",2026
4698181,00-0041402,13573,HutcQu00,,19375,Quintayvious Hutchins,Quintayvious,Hutchins,LB,OLB,NE,45,ACT,Active,0,Boston College,"https://static.www.nfl.com/image/upload/f_auto,q_auto/league/whetlplnqownwubrmaxe",2026
5083509,00-0041403,13810,JoneRo03,,19688,Rohan Jones,Rohan,Jones,TE,TE,LA,46,CUT,Cut,0,,,2026
4430919,00-0041404,,,,19723,Wesley Bailey,Wesley,Bailey,LB,OLB,LA,47,ACT,Active,0,Louisville; Rutgers,"https://static.www.nfl.com/image/upload/f_auto,q_auto/league/roysfq0w8zqapiaxl5ef",2026
,00-0041405,,,,,Peter Manuma,Peter,Manuma,DB,SS,NE,34,CUT,Cut,0,,"https://static.www.nfl.com/image/upload/f_auto,q_auto/league/zdqep82dbwapltzfvj9g",2026
,00-0041406,,,,,Larry Worth,Larry,Worth,DB,SS,SF,47,CUT,Cut,0,,"https://static.www.nfl.com/image/upload/f_auto,q_auto/league/dh5rnvlxzwcsxfua2ekp",2026
,00-0041408,,,,,Wayne Matthews II,Wayne,Matthews,LB,MLB,CHI,35,DEV,Practice Squad,0,Michigan State; Old Dominion,,2026
,00-0041409,,,,,Daveren Rayner,Daveren,Rayner,LB,ILB,ATL,42,CUT,Cut,0,,"https://static.www.nfl.com/image/upload/f_auto,q_auto/league/mxrcfsvj88cfuc1xaclr",2026
,00-0041410,,,,,Jaden Keller,Jaden,Keller,LB,ILB,NYJ,48,DEV,Practice Squad,0,Virginia Tech,"https://static.www.nfl.com/image/upload/f_auto,q_auto/league/uxfz8xexycjmemktijh6",2026
,00-0041411,,,,,Michael Coats Jr.,Michael,Coats,DB,CB,CLE,39,CUT,Cut,0,West Virginia; Nevada; East Central JC,,2026
,00-0041412,,,,,Xavier Holmes,Xavier,Holmes,LB,OLB,NE,58,CUT,Cut,0,,"https://static.www.nfl.com/image/upload/f_auto,q_auto/league/u005l47kqbf4w8futftr",2026
,00-0041413,,,,,Nick Andersen,Nick,Andersen,DB,FS,LA,45,DEV,Practice Squad,0,Wake Forest,"https://static.www.nfl.com/image/upload/f_auto,q_auto/league/fptjz8akstlgldroj4sm",2026
,00-0041414,,,,,Matthew Caldwell,Matthew,Caldwell,QB,QB,LA,16,RES,Reserve/IR,0,Texas; Troy; Gardner-Webb; Jacksonville State,,2026
5082269,00-0041415,13315,ConnDe00,,19306,Dean Connors,Dean,Connors,RB,RB,LA,33,DEV,Practice Squad,0,Houston; Rice; Riverside Community College,"https://static.www.nfl.com/image/upload/f_auto,q_auto/league/fgsgqkdsnliwujjtvvw3",2026
,00-0041416,,,,,Nyzier Fourqurean,Nyzier,Fourqurean,DB,CB,LA,25,DEV,Practice Squad,0,Wisconsin,"https://static.www.nfl.com/image/upload/f_auto,q_auto/league/qqbmr0tzkjo6v9dmmf9t",2026
,00-0041417,,,,,"Al'zillion ""AZ"" Hamilton",Al'zillion,Hamilton,DB,CB,LA,31,CUT,Cut,0,,,2026
,00-0041418,,,,,Bryce Henderson,Bryce,Henderson,OL,T,LA,70,CUT,Cut,0,,"https://static.www.nfl.com/image/upload/f_auto,q_auto/league/r8q3atq4nv1w6lff3m3v",2026
,00-0041419,,,,,Nikhai Hill-Green,Nikhai,Hill-Green,LB,ILB,LA,54,CUT,Cut,0,,,2026
,00-0041421,,,,,Darryl Peterson III,Darryl,Peterson,LB,OLB,LA,59,DEV,Practice Squad,0,Wisconsin,"https://static.www.nfl.com/image/upload/f_auto,q_auto/league/nawtfh3f2qgclu8oatjf",2026
4608858,00-0041422,13321,,,19387,Dan Villari,Daniel,Villari,TE,TE,LA,83,DEV,Practice Squad,0,Syracuse; Michigan,"https://static.www.nfl.com/image/upload/f_auto,q_auto/league/q6dostpr0u6fu0yygyua",2026
,00-0041423,,,,,Payton Zdroik,Payton,Zdroik,DL,DT,LA,62,CUT,Cut,0,,"https://static.www.nfl.com/image/upload/f_auto,q_auto/league/lfn9bstmbeqlioweaynh",2026
,00-0041424,,,,,Javin Wright,Javin,Wright,LB,ILB,TB,48,DEV,Practice Squad,0,Nebraska,"https://static.www.nfl.com/image/upload/f_auto,q_auto/league/fh2wh6vdhruwdgevzlbr",2026
,00-0041425,,,,,Austin Blaske,Austin,Blaske,OL,T,LA,64,DEV,Practice Squad,0,North Carolina; Georgia,,2026
,00-0041428,,,,,Jaxson Moi,Jaxson,Moi,DL,DT,LA,98,CUT,Cut,0,,"https://static.www.nfl.com/image/upload/f_auto,q_auto/league/pu6btnmx6ypm4ybgvxa2",2026
,00-0041429,,,,,Eddie Walls III,Eddie,Walls,LB,OLB,LA,51,RES,Reserve/IR,0,Houston; Florida International,,2026
,00-0041430,,,,,Greg Crippen,Greg,Crippen,OL,C,PIT,61,CUT,Cut,0,,"https://static.www.nfl.com/image/upload/f_auto,q_auto/league/bsgebzdsvzkglkpkeulb",2026
,00-0041431,,,,,Bangally Kamara,Bangally,Kamara,LB,ILB,MIN,59,DEV,Practice Squad,0,Kansas; South Carolina; Pittsburgh,"https://static.www.nfl.com/image/upload/f_auto,q_auto/league/o2ni1w7qx6aqgqfv6heh",2026
,00-0041432,,,,,Smith Vilbert,Smith,Vilbert,DL,DE,MIN,91,CUT,Cut,0,,"https://static.www.nfl.com/image/upload/f_auto,q_auto/league/xjf4s0gzx6wvkccbo1mn",2026
,00-0041434,,,,,Yasir Holmes,Yasir,Holmes,LB,OLB,TB,57,DEV,Practice Squad,0,Tarleton State; Frostburg State,"https://static.www.nfl.com/image/upload/f_auto,q_auto/league/ixyolsbhodr71dqhnacb",2026
,00-0041435,,,,,Dean Patterson IV,Dean,Patterson,WR,WR,TB,81,DEV,Practice Squad,0,Georgia Tech; Florida International; Findlay,"https://static.www.nfl.com/image/upload/f_auto,q_auto/league/kgjiwlmhmxnygppjzmph",2026
,00-0041436,,,,,DJ Herman,D.J.,Herman,RB,FB,MIA,34,ACT,Active,0,San Diego State,"https://static.www.nfl.com/image/upload/f_auto,q_auto/league/snacspvu9hic30y1vd8m",2026
,00-0041437,,,,,DJ Wingfield,DaJuanye,Wingfield,OL,G,DAL,64,CUT,Cut,0,,"https://static.www.nfl.com/image/upload/f_auto,q_auto/league/ladqi8lu7id9qoxh3u0f",2026
4871023,00-0041438,13279,TateCa00,,19268,Carnell Tate,Carnell,Tate,WR,WR,TEN,14,ACT,Active,0,Ohio State,"https://static.www.nfl.com/image/upload/f_auto,q_auto/league/ghpmpzcnigxrdbyvcxke",2026
,00-0041439,,,,,Blake Miller,Blake,Miller,OL,T,DET,76,ACT,Active,0,Clemson,"https://static.www.nfl.com/image/upload/f_auto,q_auto/league/l4asr5sgiqltqyw0fvf2",2026
4870893,00-0041440,,McDoKa00,,19274,Kayden McDonald,Kayden,McDonald,DL,DT,HOU,93,ACT,Active,0,Ohio State,"https://static.www.nfl.com/image/upload/f_auto,q_auto/league/s9qpl2hid4ydacfgnkkj",2026
4685461,00-0041441,13458,MoorDe03,,19524,Derrick Moore,Derrick,Moore,LB,OLB,DET,8,ACT,Active,0,Michigan,"https://static.www.nfl.com/image/upload/f_auto,q_auto/league/cl0rhuy0xdtwwu2fq2os",2026
4896353,00-0041442,13494,RoldJi00,,19553,Jimmy Rolder,James,Rolder,LB,MLB,DET,41,ACT,Active,0,Michigan,"https://static.www.nfl.com/image/upload/f_auto,q_auto/league/sivfbjxymtff2cumzr92",2026
4683153,00-0041443,13402,BellSk00,,19251,Skyler Bell,Skyler,Bell,WR,WR,BUF,13,ACT,Active,0,Connecticut; Wisconsin,"https://static.www.nfl.com/image/upload/f_auto,q_auto/league/oac3geuuhazbznztufzk",2026
4594321,00-0041444,13488,ElarKa00,,19543,Kaleb Elarms-Orr,Kaleb,Elarms-Orr,LB,ILB,BUF,52,ACT,Active,0,TCU; California,"https://static.www.nfl.com/image/upload/f_auto,q_auto/league/uagxpthu9yavvnupay9y",2026
5093004,00-0041445,,AbneKe00,,19559,Keith Abney II,Keith,Abney,DB,CB,DET,6,ACT,Active,0,Arizona State,"https://static.www.nfl.com/image/upload/f_auto,q_auto/league/pnryzkihoi17eq91ibag",2026
4685441,00-0041446,13412,LawxKe00,,19443,Kendrick Law,Kendrick,Law,WR,WR,DET,88,RES,Reserve/IR,0,Kentucky; Alabama,"https://static.www.nfl.com/image/upload/f_auto,q_auto/league/progttkuaumows8eeqsq",2026
5103940,00-0041447,13547,GillSk00,,19503,Skyler Gill-Howard,Skyler,Gill-Howard,DL,DT,DET,50,ACT,Active,0,Texas Tech,"https://static.www.nfl.com/image/upload/f_auto,q_auto/league/noftllzrysprcx9tktdb",2026
4685609,00-0041448,13575,WestTy00,,19712,Tyre West,Tyre,West,DL,DT,DET,52,DEV,Practice Squad,0,Tennessee,"https://static.www.nfl.com/image/upload/f_auto,q_auto/league/ko4qcsvsalp1y0cptmie",2026
4912338,00-0041449,13572,FishAi00,,19544,Aiden Fisher,Aiden,Fisher,LB,MLB,HOU,59,ACT,Active,0,Indiana; James Madison,"https://static.www.nfl.com/image/upload/f_auto,q_auto/league/lrev1iowpsduiovqk1bd",2026
4877738,00-0041451,14034,,,20099,Brock Rechsteiner,Brock,Rechsteiner,WR,WR,NO,89,RES,Reserve/IR,0,Jacksonville State,,2026
,00-0041452,,,,,Johnny Pascuzzi,Johnny,Pascuzzi,TE,TE,LAC,42,CUT,Cut,0,,"https://static.www.nfl.com/image/upload/f_auto,q_auto/league/rdczeascod0gltx8lbst",2026
4597679,00-0041453,13314,AltmLu00,,19295,Luke Altmyer,Luke,Altmyer,QB,QB,DET,15,DEV,Practice Squad,0,Illinois; Mississippi,"https://static.www.nfl.com/image/upload/f_auto,q_auto/league/eriopmdwcfjude1cptvi",2026
,00-0041454,,,,,Aamaris Brown,Aamaris,Brown,DB,FS,DET,24,DEV,Practice Squad,0,UNLV; University of South Florida; Kansas State,"https://static.www.nfl.com/image/upload/f_auto,q_auto/league/ewwjcwikx8nqcgxdbbu1",2026
,00-0041455,,,,,Erick Hunter,Erick,Hunter,LB,OLB,NE,48,ACT,Active,0,Morgan State,"https://static.www.nfl.com/image/upload/f_auto,q_auto/league/lj86qzcqducqtasd4au0",2026
,00-0041458,,,,,Anthony Lucas,Anthony,Lucas,DL,DE,DET,61,DEV,Practice Squad,0,USC; Texas A&M,"https://static.www.nfl.com/image/upload/f_auto,q_auto/league/jz6cvd4ur6gwmje4eq57",2026
,00-0041459,,,,,Eric O'Neill,Eric,O'Neill,DL,DE,DET,66,ACT,Active,0,Rutgers; Long Island Coll.-Brooklyn,"https://static.www.nfl.com/image/upload/f_auto,q_auto/league/kexejxtyigkg6wiopccu",2026
,00-0041460,,,,,Melvin Priestly,Melvin,Priestly,OL,G,DET,74,CUT,Cut,0,,"https://static.www.nfl.com/image/upload/f_auto,q_auto/league/egbonjjjo7vjxkgr7c4w",2026
4921249,00-0041462,,HoodCo00,,19404,Colton Hood,Colton,Hood,DB,CB,NYG,12,ACT,Active,0,Tennessee; Colorado; Auburn,"https://static.www.nfl.com/image/upload/f_auto,q_auto/league/lzlv1gqqjzhawk3jfu8m",2026
4430262,00-0041463,,ClarBu00,,19562,Bud Clark,Ja'Darius,Clark,DB,SS,SEA,9,RES,Reserve/IR,0,TCU,"https://static.www.nfl.com/image/upload/f_auto,q_auto/league/l1kul40tgcpyox07cbaa",2026
4726127,00-0041464,13469,DaviTa01,,19563,Tacario Davis,Tacario,Davis,DB,CB,CIN,20,ACT,Active,0,Washington; Arizona,"https://static.www.nfl.com/image/upload/f_auto,q_auto/league/l4vgk9lz1y81pm89hxf7",2026
4837286,00-0041465,13490,WoodWa00,,19556,Wade Woodaz,Wade,Woodaz,LB,OLB,HOU,30,ACT,Active,0,Clemson,"https://static.www.nfl.com/image/upload/f_auto,q_auto/league/pwnisqesajtuhmgkfhjq",2026
4685518,00-0041466,,RamsKa01,,19589,Kamari Ramsey,Kamari,Ramsey,DB,FS,HOU,27,ACT,Active,0,USC; UCLA,"https://static.www.nfl.com/image/upload/f_auto,q_auto/league/h13havquctbz0yop4hlr",2026
4683159,00-0041467,13541,BondLe00,,19326,Lewis Bond,Lewis,Bond,WR,WR,HOU,82,DEV,Practice Squad,0,Boston College,"https://static.www.nfl.com/image/upload/f_auto,q_auto/league/qm5q5iilnctaitwwscst",2026
,00-0041468,,,,,Chase Bisontis,Chase,Bisontis,OL,G,ARI,57,RES,Reserve/IR,0,Texas A&M,"https://static.www.nfl.com/image/upload/f_auto,q_auto/league/qb9l3hc9l6pytbgpwrmd",2026
4870988,00-0041469,,TerrAv00,,19413,Avieon Terrell,Avieon,Terrell,DB,CB,ATL,12,ACT,Active,0,Clemson,"https://static.www.nfl.com/image/upload/f_auto,q_auto/league/ellqzbdrtdoxmte2ehk8",2026
5076652,00-0041470,,CissBr00,,19414,Brandon Cisse,Brandon,Cisse,DB,CB,GB,2,ACT,Active,0,South Carolina; N.C. State,"https://static.www.nfl.com/image/upload/f_auto,q_auto/league/jvhlu2ghhxoitpve7ccj",2026
4837186,00-0041471,,McNeEm00,,19407,Emmanuel McNeil-Warren,Emmanuel,McNeil-Warren,DB,FS,CLE,28,ACT,Active,0,Toledo,,2026
4695705,00-0041472,13307,KleiMa00,,19352,Marlin Klein,Marlin,Klein,TE,TE,HOU,83,ACT,Active,0,Michigan,"https://static.www.nfl.com/image/upload/f_auto,q_auto/league/ek2nzhrwqxl6psbm2iic",2026
,00-0041473,,,,,Stephen Dix Jr,Stephen,Dix,LB,MLB,MIA,34,CUT,Cut,0,,,2026
,00-0041475,,,,,Trayvon Rudolph,Trayvon,Rudolph,WR,WR,MIN,30,DEV,Practice Squad,0,Toledo; Northern Illinois,,2026
,00-0041476,,,,,Rashad Rochelle,Rashad,Rochelle,WR,WR,SEA,35,CUT,Cut,0,,"https://static.www.nfl.com/image/upload/f_auto,q_auto/league/ylbnhgy33itvtgb5j5gk",2026
4431551,00-0041478,,HuntLe00,,19374,Lee Hunter,Lee,Hunter,DL,NT,CAR,92,ACT,Active,0,Texas Tech; UCF; Auburn,"https://static.www.nfl.com/image/upload/f_auto,q_auto/league/h3dk22cisv0hv6dpvd6a",2026
4870805,00-0041479,13365,HillAn01,,19418,Anthony Hill Jr.,Anthony,Hill,LB,MLB,TEN,53,ACT,Active,0,Texas,"https://static.www.nfl.com/image/upload/f_auto,q_auto/league/rcozyv4kil96dw8aovh4",2026
,00-0041481,,,,,Terrill Davis,Terrill,Davis,WR,WR,MIN,40,CUT,Cut,0,,"https://static.www.nfl.com/image/upload/f_auto,q_auto/league/lxbfttot7wcd80sxs54o",2026
,00-0041482,,,,,Max Iheanachor,Maxwell,Iheanachor,OL,T,PIT,71,ACT,Active,0,Arizona State,"https://static.www.nfl.com/image/upload/f_auto,q_auto/league/jwaks17icukbwjeshhnf",2026
4431574,00-0041483,13349,StowEl00,,18539,Eli Stowers,Eli,Stowers,TE,TE,PHI,87,ACT,Active,0,Vanderbilt; New Mexico State; Texas A&M,"https://static.www.nfl.com/image/upload/f_auto,q_auto/league/c9rjqit3q5tm9hzkm5ay",2026
5150660,00-0041484,13552,ThomAn03,,19744,Anterio Thompson,Anterio,Thompson,DL,DT,ATL,98,RES,Reserve/IR,0,Washington; Western Michigan; Iowa; Iowa Western CC,,2026
,00-0041485,,,,,Miles Davis,Miles,Davis,RB,RB,CAR,37,CUT,Cut,0,,"https://static.www.nfl.com/image/upload/f_auto,q_auto/league/htvohdxsq6qwts6k3cfb",2026
,00-0041486,,,,,Anderson Castle,Anderson,Castle,RB,RB,IND,42,DEV,Practice Squad,0,Duke; Appalachian State,"https://static.www.nfl.com/image/upload/f_auto,q_auto/league/sxtze52r5ruogs7lmyjh",2026
,00-0041487,,,,,Tywone Malone,Tywone,Malone,DL,DT,CAR,64,CUT,Cut,0,,"https://static.www.nfl.com/image/upload/f_auto,q_auto/league/zydyn07jyaembj8djyie",2026
,00-0041488,,,,,Tamon Lynum,Tamon,Lynum,DB,CB,PIT,42,CUT,Cut,0,,,2026
4685261,00-0041489,13274,BernGe00,,19263,Germie Bernard,Germie,Bernard,WR,WR,PIT,17,ACT,Active,0,Alabama; Washington; Michigan State,"https://static.www.nfl.com/image/upload/f_auto,q_auto/league/rsbtypbsvxux94vokb5q",2026
5081508,00-0041490,13423,HeidEl00,,19335,Eli Heidenreich,Eli,Heidenreich,RB,RB,PIT,29,ACT,Active,0,Navy,"https://static.www.nfl.com/image/upload/f_auto,q_auto/league/jhiyjb8jmjyzehmrrjoy",2026
,00-0041492,,,,,Reid Carrico,Reid,Carrico,LB,MLB,TEN,47,CUT,Cut,0,,"https://static.www.nfl.com/image/upload/f_auto,q_auto/league/ws33qmb09cnf4tyuvj4s",2026
,00-0041493,,,,,Marlon Jones,Marlon,Jones,DB,CB,GB,46,RES,Reserve/IR,0,Vanderbilt; Eastern Washington,"https://static.www.nfl.com/image/upload/f_auto,q_auto/league/pd1gsbwhqekfnw2rk137",2026
4839501,00-0041494,13460,YounZi00,,19538,Zion Young,Zion,Young,LB,OLB,BAL,9,ACT,Active,0,Missouri; Michigan State,"https://static.www.nfl.com/image/upload/f_auto,q_auto/league/hnutmew9xs7czug8ujne",2026
4877652,00-0041495,13391,GoldJa01,,19419,Jake Golday,Jake,Golday,LB,ILB,MIN,41,ACT,Active,0,Cincinnati; Central Arkansas,"https://static.www.nfl.com/image/upload/f_auto,q_auto/league/xxquil9cdqnjwqiwrj4h",2026
4702555,00-0041496,13345,ColeJo00,,19241,Jonah Coleman,Jonah,Coleman,RB,RB,DEN,20,ACT,Active,0,Washington; Arizona,"https://static.www.nfl.com/image/upload/f_auto,q_auto/league/qbauucaxakkhtxihuvmr",2026
4710706,00-0041497,13500,CanaJa00,,19561,Jadon Canady,Jadon,Canady,DB,CB,KC,22,ACT,Active,0,Oregon; Mississippi; Tulane,"https://static.www.nfl.com/image/upload/f_auto,q_auto/league/huudorks6t6jyqnytlcy",2026
,00-0041498,,,,,Kage Casey,Kage,Casey,OL,G,DEN,78,ACT,Active,0,Boise State,,2026
,00-0041500,,,,,Travis Shaw,Travis,Shaw,DL,NT,TB,71,CUT,Cut,0,,"https://static.www.nfl.com/image/upload/f_auto,q_auto/league/af1z7kzxhrg5vlmz3ic7",2026
5081927,00-0041501,,MasoR01,,19416,R Mason Thomas,R Mason,Thomas,DL,DE,KC,51,ACT,Active,0,Oklahoma,"https://static.www.nfl.com/image/upload/f_auto,q_auto/league/kyj9zy752wgq6nnn4ui6",2026
4870998,00-0041502,13379,TrotJo00,,19256,Josiah Trotter,Josiah,Trotter,LB,ILB,TB,45,ACT,Active,0,Missouri,"https://static.www.nfl.com/image/upload/f_auto,q_auto/league/sqikte2lgczxdun64akq",2026
4686248,00-0041503,13299,BoerNa00,,19448,Nate Boerkircher,Nate,Boerkircher,TE,TE,JAX,87,ACT,Active,0,Texas A&M; Nebraska,"https://static.www.nfl.com/image/upload/f_auto,q_auto/league/bxglkvzpx2y40u25xaso",2026
,00-0041505,,,,,Francis Mauigoa,Francis,Mauigoa,OL,T,NYG,65,ACT,Active,0,Miami,"https://static.www.nfl.com/image/upload/f_auto,q_auto/league/sf5gdoimkobalbcvgirv",2026
,00-0041507,,,,,Courtland Ford,Courtland,Ford,OL,T,NYJ,75,CUT,Cut,0,,"https://static.www.nfl.com/image/upload/f_auto,q_auto/league/my8b4xjgqpcssj0bijr3",2026
4870707,00-0041508,,FaulKe01,,19411,Keldric Faulk,Keldric,Faulk,LB,OLB,TEN,15,ACT,Active,0,Auburn,"https://static.www.nfl.com/image/upload/f_auto,q_auto/league/yn8hrjyo5q5kcmriamnb",2026
4950400,00-0041509,13377,ReesAr00,,19273,Arvell Reese,Arvell,Reese,LB,ILB,NYG,52,ACT,Active,0,Ohio State,"https://static.www.nfl.com/image/upload/f_auto,q_auto/league/tvhqfy34evkal6zpu9to",2026
4833029,00-0041510,13278,KlarMa00,,19278,Max Klare,Maxwell,Klare,TE,TE,LA,86,ACT,Active,0,Ohio State; Purdue,,2026
4723820,00-0041511,13276,CoopOm00,,19314,Omar Cooper Jr.,Omar,Cooper,WR,WR,NYJ,83,ACT,Active,0,Indiana,"https://static.www.nfl.com/image/upload/f_auto,q_auto/league/lmua2lbg0m77ibvydvaq",2026
4685512,00-0041512,13286,PricJa02,,19299,Jadarian Price,Jadarian,Price,RB,RB,SEA,8,ACT,Active,0,Notre Dame,"https://static.www.nfl.com/image/upload/f_auto,q_auto/league/toy90i08oumgbdlvctja",2026
,00-0041513,,,,,Josh Kreutz,Josh,Kreutz,OL,C,IND,61,CUT,Cut,0,,"https://static.www.nfl.com/image/upload/f_auto,q_auto/league/bkb8l5dwd8mfrqs7qjgr",2026
,00-0041514,,,,,Jai'Onte' McMillan,Jai'Onte',McMillan,DB,CB,MIA,45,CUT,Cut,0,,"https://static.www.nfl.com/image/upload/f_auto,q_auto/league/mfuo1vpaqrnlwq1jzrx4",2026
,00-0041515,,,,,Chase Wilson,Chase,Wilson,LB,ILB,NYJ,53,CUT,Cut,0,,"https://static.www.nfl.com/image/upload/f_auto,q_auto/league/fukmduvoolyuhzmcq7zl",2026
,00-0041517,,,,,Jalen Farmer,Jalen,Farmer,OL,G,IND,62,ACT,Active,0,Kentucky,"https://static.www.nfl.com/image/upload/f_auto,q_auto/league/byzurpewdn5eqgulkwbt",2026
5088571,00-0041518,13481,BoetBr00,,19541,Bryce Boettcher,Bryce,Boettcher,LB,ILB,IND,50,ACT,Active,0,Oregon,"https://static.www.nfl.com/image/upload/f_auto,q_auto/league/yyzig5kcgafowpllis6g",2026
,00-0041519,,,,,Derrick Graham,Derrick,Graham,OL,T,SEA,66,CUT,Cut,0,,"https://static.www.nfl.com/image/upload/f_auto,q_auto/league/vx1abzto30tdujvwsgxd",2026
,00-0041521,,,,,Kadyn Proctor,Kadyn,Proctor,OL,T,MIA,74,ACT,Active,0,Alabama,"https://static.www.nfl.com/image/upload/f_auto,q_auto/league/drkcektwmef11cd6pojk",2026
4566094,00-0041522,13453,RodrJa00,,19552,Jacob Rodriguez,Jacob,Rodriguez,LB,MLB,MIA,10,ACT,Active,0,Texas Tech; Virginia,"https://static.www.nfl.com/image/upload/f_auto,q_auto/league/yqhkilqqhuxelhiz40qv",2026
4869645,00-0041523,13296,DougCa00,,19343,Caleb Douglas,Caleb,Douglas,WR,WR,MIA,7,ACT,Active,0,Texas Tech; Florida,"https://static.www.nfl.com/image/upload/f_auto,q_auto/league/stwypvmutplwvi1zzbmu",2026
4880236,00-0041524,13434,KacmWi00,,19450,Will Kacmarek,Will,Kacmarek,TE,TE,MIA,82,ACT,Active,0,Ohio State; Ohio,"https://static.www.nfl.com/image/upload/f_auto,q_auto/league/erqascuieblamkhf2vbs",2026
4869961,00-0041525,13311,BellCh00,,19309,Chris Bell,Chris,Bell,WR,WR,MIA,18,ACT,Active,0,Louisville,"https://static.www.nfl.com/image/upload/f_auto,q_auto/league/zgbku18zemqyryvyahd4",2026
4879212,00-0041526,13484,MoorTr02,,19525,Trey Moore,Trey,Moore,LB,OLB,MIA,17,RES,Reserve/IR,0,Texas; Texas-San Antonio,"https://static.www.nfl.com/image/upload/f_auto,q_auto/league/kezibcnrkdwepbbkaqfq",2026
4880273,00-0041527,13479,LouiKy00,,19390,Kyle Louis,Kyle,Louis,LB,OLB,MIA,19,ACT,Active,0,Pittsburgh,"https://static.www.nfl.com/image/upload/f_auto,q_auto/league/dhnmmaa0fa4qevmfjez0",2026
4880346,00-0041528,,TaafMi00,,19598,Michael Taaffe,Michael,Taaffe,DB,FS,MIA,16,ACT,Active,0,Texas,,2026
4685307,00-0041529,13338,ColeKe03,,19322,Kevin Coleman Jr.,Kevin,Coleman,WR,WR,MIA,21,ACT,Active,0,Missouri; Mississippi State; Louisville; Jackson State University,"https://static.www.nfl.com/image/upload/f_auto,q_auto/league/nqqd4zjnxephjb4qziww",2026
,00-0041530,,,,,DJ Campbell,Devon,Campbell,OL,G,MIA,63,ACT,Active,0,Texas,"https://static.www.nfl.com/image/upload/f_auto,q_auto/league/lwtw3jr4gihs3x6ezole",2026
4683101,00-0041531,13566,LlewMa00,,19520,Max Llewellyn,Max,Llewellyn,DL,DE,MIA,57,DEV,Practice Squad,0,Iowa,"https://static.www.nfl.com/image/upload/f_auto,q_auto/league/kelqyicfaaxoabstgwrr",2026
,00-0041532,,,,,Keylan Rutledge,Keylan,Rutledge,OL,G,HOU,66,ACT,Active,0,Georgia Tech; Middle Tennessee State,"https://static.www.nfl.com/image/upload/f_auto,q_auto/league/qzt4txsu9hhjgy9yiwej",2026
4869579,00-0041533,,JohnCh09,,19575,Chris Johnson,Chris,Johnson,DB,CB,MIA,3,ACT,Active,0,San Diego State,"https://static.www.nfl.com/image/upload/f_auto,q_auto/league/xapxjgeqo5rbmuvfxbfv",2026
4431414,00-0041534,13558,KeenTi00,,19518,Tim Keenan III,Tim,Keenan,DL,DT,LA,96,DEV,Practice Squad,0,,"https://static.www.nfl.com/image/upload/f_auto,q_auto/league/qasbqd0pea2nnfgtg9fj",2026
,00-0041535,,,,,Louis Hansen,Louis,Hansen,TE,TE,HOU,47,CUT,Cut,0,,"https://static.www.nfl.com/image/upload/f_auto,q_auto/league/epg5liuuraoragcupwgi",2026
4710067,00-0041537,,LawrMa01,,19385,Malachi Lawrence,Malachi,Lawrence,LB,OLB,DAL,57,ACT,Active,0,UCF,"https://static.www.nfl.com/image/upload/f_auto,q_auto/league/fyhju3zbedckstcoufxp",2026
4954445,00-0041538,,ThieDi00,,19410,Dillon Thieneman,Dillon,Thieneman,DB,SS,CHI,31,ACT,Active,0,Oregon; Purdue,"https://static.www.nfl.com/image/upload/f_auto,q_auto/league/hyl3qlps5bwhwvklhf2j",2026
,00-0041539,,,,,Logan Jones,Logan,Jones,OL,C,CHI,54,ACT,Active,0,Iowa,"https://static.www.nfl.com/image/upload/f_auto,q_auto/league/xln1vy146svhdcpqn643",2026
,00-0041540,,,,,Zion Wilson,Zion,Wilson,DL,DT,PHI,78,CUT,Cut,0,,"https://static.www.nfl.com/image/upload/f_auto,q_auto/league/fg1wjmh4v2x4nptp0mlb",2026
,00-0041541,,,,,Caleb Lomu,Caleb,Lomu,OL,T,NE,74,ACT,Active,0,Utah,"https://static.www.nfl.com/image/upload/f_auto,q_auto/league/cjnhusuj4mifbdoseimb",2026
4880124,00-0041543,,DelaMa00,,19398,Mansoor Delane,Mansoor,Delane,DB,CB,KC,5,ACT,Active,0,LSU; Virginia Tech,"https://static.www.nfl.com/image/upload/f_auto,q_auto/league/tw9nfj4gxwqjvqfencwo",2026
4429190,00-0041544,,MesiAk01,,19406,Akheem Mesidor,Akheem,Mesidor,LB,OLB,LAC,90,ACT,Active,0,Miami; West Virginia,"https://static.www.nfl.com/image/upload/f_auto,q_auto/league/uzofkqafecc5zqqwyiyd",2026
4871063,00-0041545,,WoodPe00,,19415,Peter Woods,Larryn,Woods,DL,DT,KC,99,ACT,Active,0,Clemson,"https://static.www.nfl.com/image/upload/f_auto,q_auto/league/faer3odluhui4euszouu",2026
4710752,00-0041546,,HoweCa00,,19405,Cashius Howell,Cashius,Howell,DL,DE,CIN,55,ACT,Active,0,Texas A&M; Bowling Green,"https://static.www.nfl.com/image/upload/f_auto,q_auto/league/qepm55rb579namslsmjb",2026
4870653,00-0041547,13298,ConcKC00,,19242,KC Concepcion,Kevin,Concepcion,WR,WR,CLE,1,ACT,Active,0,Texas A&M; N.C. State,"https://static.www.nfl.com/image/upload/f_auto,q_auto/league/ztdyzyngqr1pexyghlt3",2026
,00-0041548,,,,,Jude Bowry,Jude,Bowry,OL,T,BUF,74,ACT,Active,0,Boston College,"https://static.www.nfl.com/image/upload/f_auto,q_auto/league/xxt4s3hr2srnm4geikpp",2026
4612836,00-0041549,13504,JackDa06,,19514,Darrell Jackson Jr.,Darrell,Jackson,DL,DT,NYJ,95,ACT,Active,0,Florida State; Maryland,"https://static.www.nfl.com/image/upload/f_auto,q_auto/league/kmkykh3qj3gxyhn006jr",2026
4685553,00-0041550,13380,ThomBr07,,19318,Brenen Thompson,Brenen,Thompson,WR,WR,LAC,89,ACT,Active,0,Mississippi State; Texas,"https://static.www.nfl.com/image/upload/f_auto,q_auto/league/khlvgjk60vz6ghkwpmak",2026
4683535,00-0041552,13472,OnyeTy00,,19526,Tyler Onyedim,Tyler,Onyedim,DL,DT,DEN,98,ACT,Active,0,Texas A&M; Iowa State,"https://static.www.nfl.com/image/upload/f_auto,q_auto/league/d2ttkvv1veffjciazekv",2026
4911904,00-0041553,13466,CrawKe01,,19498,Keyron Crawford,Keyron,Crawford,LB,OLB,LV,42,RES,Reserve/IR,0,Auburn; Arkansas State,"https://static.www.nfl.com/image/upload/f_auto,q_auto/league/es2d7bq7qj5xestutdk2",2026
,00-0041554,,,,,Markel Bell,Markel,Bell,OL,T,PHI,72,ACT,Active,0,Miami; Holmes County JC,"https://static.www.nfl.com/image/upload/f_auto,q_auto/league/zbm6pz0vpqq5jup2s0ky",2026
5084514,00-0041555,13503,ProcKa01,,19529,Kaleb Proctor,Kaleb,Proctor,DL,DT,ARI,94,RES,Reserve/IR,0,Southeastern Louisiana,"https://static.www.nfl.com/image/upload/f_auto,q_auto/league/poc14gh4dkx2uqoronkr",2026
4432244,00-0041556,,HeigRo00,,19373,Romello Height,Romello,Height,DL,DE,SF,94,ACT,Active,0,Texas Tech; Georgia Tech; USC; Auburn,"https://static.www.nfl.com/image/upload/f_auto,q_auto/league/l3arvnk3oxjzzglzvnps",2026
4685369,00-0041557,13501,HaltGr00,,19506,Gracen Halton,Gracen,Halton,DL,DT,SF,93,ACT,Active,0,Oklahoma,"https://static.www.nfl.com/image/upload/f_auto,q_auto/league/kgidfvowkezba4g4nig8",2026
4685504,00-0041558,13322,RousSa00,,19357,Sam Roush,Sam,Roush,TE,TE,CHI,87,ACT,Active,0,Stanford,"https://static.www.nfl.com/image/upload/f_auto,q_auto/league/jqkmmguw4934lyjgvuip",2026
,00-0041559,,,,,Febechi Nwaiwu,Febechi,Nwaiwu,OL,G,HOU,64,ACT,Active,0,Oklahoma; North Texas,"https://static.www.nfl.com/image/upload/f_auto,q_auto/league/clcdhdvcrafpqstv35vp",2026
,00-0041560,,,,,Jack Bouwmeester,Jack,Bouwmeester,P,P,LA,14,DEV,Practice Squad,0,Texas; Utah; Michigan State,,2026
4430841,00-0041561,13272,BeckCa01,,19287,Carson Beck,Carson,Beck,QB,QB,ARI,19,ACT,Active,0,Miami; Georgia,"https://static.www.nfl.com/image/upload/f_auto,q_auto/league/yvybqpgnezk75h9rpobv",2026
4837248,00-0041562,13269,MendFe00,,19281,Fernando Mendoza,Fernando,Mendoza,QB,QB,LV,15,ACT,Active,0,Indiana; California,"https://static.www.nfl.com/image/upload/f_auto,q_auto/league/umygvel2pumkyvxt3jm9",2026
5157289,00-0041563,,McCoJe00,,19403,Jermod McCoy,Jermod,McCoy,DB,CB,LV,28,ACT,Active,0,Tennessee; Oregon State,"https://static.www.nfl.com/image/upload/f_auto,q_auto/league/dhihcvbhqkm7sqcmhhwr",2026
,00-0041564,,,,,Riley Wilson,William,Wilson,LB,ILB,NE,51,DEV,Practice Squad,0,Arizona; Hawaii; Montana,,2026
4714771,00-0041565,13289,AllaDr00,,19286,Drew Allar,Drew,Allar,QB,QB,PIT,16,ACT,Active,0,Penn State,"https://static.www.nfl.com/image/upload/f_auto,q_auto/league/sphuqnfrtzwsgeugeycz",2026
,00-0041566,,,,,Jeremiah Franklin,Jeremiah,Franklin,TE,TE,MIA,41,CUT,Cut,0,,,2026
4685522,00-0041568,13275,SimpTy00,,19275,Ty Simpson,Tyler,Simpson,QB,QB,LA,15,ACT,Active,0,Alabama,,2026
4837244,00-0041569,13457,JacaGa00,,19509,Gabe Jacas,Gabe,Jacas,LB,OLB,NE,50,ACT,Active,0,Illinois,"https://static.www.nfl.com/image/upload/f_auto,q_auto/league/olnj7czbn0ul98o5nn61",2026
,00-0041570,,,,,Tyler Moore,Tyler,Moore,TE,TE,IND,45,CUT,Cut,0,,,2026
,00-0041571,,,,,Liam Clifford,Liam,Clifford,WR,WR,LAC,39,CUT,Cut,0,,,2026
,00-0041572,,,,,Roydell Williams,Roydell,Williams,RB,RB,DET,24,CUT,Cut,0,,,2026
,00-0041573,,,,,Jarod Washington,Jarod,Washington,DB,CB,MIN,35,CUT,Cut,0,,,2026
,00-0041574,,,,,Mekhi Rodgers,Mekhi,Rodgers,DB,CB,IND,36,CUT,Cut,0,,,2026
,00-0041575,,,,,Jeff Weimer,Jeff,Weimer,WR,WR,KC,5,CUT,Cut,0,,,2026
,00-0041576,,,,,Drew Biber,Drew,Biber,TE,TE,CLE,43,CUT,Cut,0,,,2026
,00-0041577,,,,,Connor Hulstein,Connor,Hulstein,TE,TE,NYJ,49,RES,Reserve/IR,0,,,2026
,00-0041578,,,,,Jarrod Gray,Jarrod,Gray,OL,T,NYG,79,DEV,Practice Squad,0,,,2026
4714379,00-0041579,13429,TraoSe00,,19681,Seydou Traore,Seydou,Traore,TE,TE,MIA,49,ACT,Active,0,Mississippi State; Arkansas State,"https://static.www.nfl.com/image/upload/f_auto,q_auto/league/kzpmm2zoctywb276zqt4",2026
5344966,00-0041580,,BernUa00,,19901,Uar Bernard,Uar,Bernard,DL,DT,PHI,93,DEV,Practice Squad,0,,"https://static.www.nfl.com/image/upload/f_auto,q_auto/league/xrr9qhsppukv53ilfpkp",2026
4799994,00-0041581,,ThorBr01,,19513,Brett Thorson,Brett,Thorson,P,P,MIN,47,ACT,Active,0,Georgia,,2026
5158921,00-0041582,,,,19867,Kansei Matsuzawa,Kansei,Matsuzawa,K,K,LV,38,DEV,Practice Squad,0,Hawaii,"https://static.www.nfl.com/image/upload/f_auto,q_auto/league/juovdeicuriiauham1my",2026
,00-0041583,,,,,Paul Rubelt,Paul,Rubelt,OL,T,TB,76,DEV,Practice Squad,0,UCF,"https://static.www.nfl.com/image/upload/f_auto,q_auto/league/nhfkvrykdx4zk8wkek5b",2026
,00-0041584,,,,,Jordan Washington,Jordan,Washington,DB,CB,SEA,33,CUT,Cut,0,,,2026
,00-0041585,,,,,Grant Finley,Grant,Finley,RB,FB,NYG,47,DEV,Practice Squad,0,Missouri Western,,2026
,00-0041586,,,,,Eric Butler,Eric,Butler,DB,FS,NE,30,CUT,Cut,0,,,2026
,00-0041587,,,,,Daniel Rickert,Daniel,Rickert,DL,DE,LA,40,RES,Reserve/IR,0,Virginia; Tennessee Technological Univ,,2026
,00-0041588,,,,,Justin Jones,Justin,Jones,RB,RB,SEA,25,CUT,Cut,0,,,2026
,00-0041589,,,,,Ricardo Hallman,Ricardo,Hallman,DB,CB,DEN,32,CUT,Cut,0,,,2026
,00-0041590,,,,,Malakai Williams,Malakai,Williams,LB,OLB,NO,56,CUT,Cut,0,,,2026
,00-0041591,,,,,Brien Taylor,Brien,Taylor,DL,DT,NO,60,CUT,Cut,0,,,2026
,00-0041592,,,,,Xavier Williams,Xavier,Williams,DB,SS,TB,26,RES,Reserve/IR,0,Cincinnati; Middle Tennessee State; UCF; Charlotte,,2026
,00-0041594,,,,,Keveion'ta Spears,Keveion'ta,Spears,DL,DT,ARI,60,CUT,Cut,0,,,2026
,00-0041595,,,,,Barika Kpeenu,Barika,Kpeenu,RB,RB,TB,49,CUT,Cut,0,,,2026
,00-0041596,,,,,Cam Rice,Cameron,Rice,DL,DT,MIA,58,CUT,Cut,0,,,2026
,00-0041597,,,,,Devyn Bobby,Devyn,Bobby,DB,DB,ARI,39,CUT,Cut,0,,,2026
,00-0041598,,,,,Alex Tecza,Alex,Tecza,RB,RB,PIT,34,CUT,Cut,0,,,2026
,00-0041599,,,,,Matthew Henry,Matthew,Henry,WR,WR,TB,26,CUT,Cut,0,,,2026
,,,,,,Al-Jay Henderson,Al-Jay,Henderson,RB,RB,NYJ,,DEV,Practice Squad,0,,,2026
